# Resource object code (Python 3)
# Created by: object code
# Created by: The Resource Compiler for Qt version 6.11.1
# WARNING! All changes made in this file will be lost!

from PySide6 import QtCore

qt_resource_data = b"\
\x00\x00\x00\x10\
<\
\xb8d\x18\xca\xef\x9c\x95\xcd!\x1c\xbf`\xa1\xbd\xdd\
\x00\x00V\xf0\
<\
\xb8d\x18\xca\xef\x9c\x95\xcd!\x1c\xbf`\xa1\xbd\xdd\xa7\
\x00\x00\x00\x05it_ITB\x00\x00\x06\xd8\x00\x00\
Ev\x00\x00\x01\x96\x00\x00Ev\x00\x009\xec\x00\x00\
G\xa4\x00\x00\x12\xf1\x00\x00Xq\x00\x00>1\x00\x04\
\x96`\x00\x00=\xc6\x00\x04\xbb\x04\x00\x00\x06\xbd\x00\x04\
\xbb\x04\x00\x00\x1d\x03\x00\x04\xcf\x04\x00\x00\x08\x16\x00\x04\
\xd0%\x00\x00\x08\xe1\x00\x04\xec0\x00\x00\x0cT\x00\x05\
#\x85\x00\x00;\x8b\x00\x055t\x00\x00\x18\xa6\x00\x05\
7\xfe\x00\x00\x1d\xc7\x00\x05H5\x00\x00\x0e6\x00\x05\
H5\x00\x00\x1e\x04\x00\x05f\xbe\x00\x00\x1e5\x00\x05\
h\xa8\x00\x00\x1ef\x00\x05\x98\xc5\x00\x007\x19\x00\x05\
\x98\xc5\x00\x009\xbd\x00\x10\xd3A\x00\x003\xbf\x00\x1f\
\x1b.\x00\x00\x15!\x00:\x0f\x13\x00\x00H\x08\x00E\
\x8d\x95\x00\x00Ia\x00G\x96\xc4\x00\x00\x01\xe8\x00J\
\x8b1\x00\x00I\xc9\x00J\x8b2\x00\x00J\x0b\x00J\
\x8b3\x00\x00JM\x00S\x81b\x00\x00K\xce\x00T\
\x05b\x00\x00L\x10\x00V\x9d\xa4\x00\x00\x00\x9a\x00V\
\x9d\xa4\x00\x00\x22\x8e\x00e\xecS\x00\x00\x07P\x00m\
\x1c\xc3\x00\x00>[\x00u\xfb\x1f\x00\x00#\xca\x00\x8d\
\x88\xe2\x00\x00 \x09\x00\xa8/.\x00\x005\xbf\x00\xeb\
\xee/\x00\x00$\xfc\x00\xfc\xfd\xf3\x00\x00G]\x01\x05\
31\x00\x00+X\x01\x06\x87N\x00\x00\x0f>\x01\x12\
\xefD\x00\x00\x04\xf2\x01?\xcbU\x00\x00;\x12\x01L\
\x05\x03\x00\x00\x05:\x01Xl~\x00\x00\x06\xed\x01q\
|\xa1\x00\x00<>\x01t\xa0\x83\x00\x00NN\x01\xe2\
\xcbn\x00\x00\x03\x08\x01\xf4$I\x00\x00J\xfe\x02\x03\
AB\x00\x00\x04\xb4\x02\x22>\x0d\x00\x00\x00\xc9\x02\x22\
>\x0d\x00\x00\x22\xbd\x02M\xef\x9e\x00\x00\x03\x92\x02X\
\x8aE\x00\x00!\xbd\x02a\x8e\xc3\x00\x00E+\x02a\
\x8e\xc3\x00\x00O'\x02u\x0b5\x00\x00\x1d\x87\x02\x9b\
\x9f\xe8\x00\x00:\x14\x02\xb7\xde\xa5\x00\x00C\x12\x02\xdc\
\x8e\x9a\x00\x00G\xad\x02\xf2\x96!\x00\x00+\xdf\x02\xf3\
\xbaM\x00\x00At\x03\x12z\xa3\x00\x00\x12j\x03\x1b\
\xb3\xe8\x00\x00\x02\x5c\x03.W\x12\x00\x00\x04-\x03M\
\xba\x0a\x00\x00B\xb9\x03v\x89.\x00\x00;R\x03\x92\
\x8c\x02\x00\x00<\xe7\x03\xb8\xab^\x00\x00\x0bL\x03\xcc\
\x90\xe8\x00\x00HW\x03\xdc\xdc%\x00\x00\x10\xdc\x04\x09\
w-\x00\x00!\xf5\x04#\xba\xfe\x00\x00\x0f\xc2\x04<\
\x8d\xc9\x00\x004i\x04X\x8e\xa5\x00\x00!>\x04p\
\x1a\xcd\x00\x00\x00\x00\x04z\xb0\xc5\x00\x00H\xba\x04\x8c\
\x96\x81\x00\x00=]\x04\x93\xdei\x00\x00J\x8f\x04\x95\
F\x7f\x00\x00*H\x04\x98I\xbc\x00\x00 d\x04\x99\
n\x95\x00\x00\x1cK\x04\xac,\xa5\x00\x00\x13m\x04\xac\
,\xa5\x00\x00\x17\xae\x04\xac,\xa5\x00\x00\x1c\x84\x04\xac\
,\xa5\x00\x009\x0a\x04\xbd\xb3(\x00\x00\x03\xe4\x04\xd0\
:\xc2\x00\x00\x09\x09\x04\xd2\xf7\xcd\x00\x00\x00J\x04\xd2\
\xf7\xcd\x00\x00\x22>\x04\xec\xfd\xca\x00\x00B$\x05\x04\
\xa6\xa2\x00\x00\x05\x95\x05\x04\xa8\x8a\x00\x00>\xff\x05\x04\
\xfe\x9a\x00\x00A\xdb\x05\x13X\x94\x00\x00\x18r\x05\x16\
C\xe5\x00\x00LN\x05!!\xae\x00\x00\x0a\xf6\x052\
\xf5\x02\x00\x00L\xb1\x05E\x8d\x85\x00\x00H\xf9\x05G\
\xdc\x9e\x00\x00\x0a;\x05N\xdf\xa2\x00\x00\x1b\xd3\x05x\
\xea\xe2\x00\x00\x01\xbb\x05\x8cH5\x00\x00\x14\xad\x05\x8c\
H5\x00\x00\x19\x17\x05\x98\xabn\x00\x00\x0dB\x05\x9a\
\xa8\xec\x00\x00\x0e\xa2\x05\x9b\x88\x98\x00\x00\x126\x05\xa3\
\x8an\x00\x007G\x05\xb0\x86\x0a\x00\x00C\x88\x05\xca\
\x17\xd4\x00\x00D\xd5\x05\xca\x17\xd4\x00\x00MI\x06\x83\
zE\x00\x00\x10\x86\x06\x9e\xc8\x9a\x00\x00\x07\x8d\x06\xa5\
\x13J\x00\x00\x16F\x06\xb3\x0d\xed\x00\x001\xc3\x06\xf5\
2\x9e\x00\x001\x1c\x06\xf6bu\x00\x006y\x06\xf6\
\xd9\x0e\x00\x00\x19\xe5\x07\x13e)\x00\x00\x0a\x9f\x07(\
\x18i\x00\x00O\xa4\x07H3\x8a\x00\x00\x14%\x07\x95\
C\x95\x00\x00\x14\xe6\x07\xa6E6\x00\x00\x02!\x07\xa6\
T\x87\x00\x00\x1bC\x07\xa9\xea\xa4\x00\x00\x01[\x07\xa9\
\xea\xa4\x00\x00#O\x07\xdf9\xc2\x00\x00\x11\xe3\x07\xed\
5\xc3\x00\x00?\x98\x08\x0c\x1aJ\x00\x00\x17\xe0\x08\x11\
\x8fu\x00\x00\x18\xd4\x08\x12h\xc9\x00\x00\x09\xe5\x08$\
:\xda\x00\x00@@\x08&\x18\xdd\x00\x00N\xab\x08?\
\xfa\x00\x00\x00 \xf5\x08N\xb2\xf5\x00\x005\xf6\x08R\
?\xea\x00\x00E\xa7\x08~e\x0a\x00\x00D\x04\x08\x8e\
\xecR\x00\x00\x0e\xe2\x08\xab\xe2\x09\x00\x00\x04~\x08\xb9\
\xc7\xd3\x00\x00=\xf3\x08\xbc\xee\xf2\x00\x00M\xf8\x08\xcd\
\xddU\x00\x00:F\x08\xf0\xef\xda\x00\x00\x17q\x09\x19\
\x8f\xb3\x00\x004\x0c\x09'f\xa2\x00\x00\x0c\x15\x09M\
g\xfe\x00\x00\x1c\xbd\x09Mg\xfe\x00\x009?\x09M\
g\xfe\x00\x00:\x98\x09\x83\xa3J\x00\x00\x19\x9b\x09\x8a\
\x0d\x84\x00\x00(A\x09\x9aS\xed\x00\x00'#\x09\xb4\
da\x00\x00(\xba\x09\xb6\xb4a\x00\x00)\x81\x09\xd7\
\x1c^\x00\x000\x18\x09\xdfe\x17\x00\x005E\x0a\x03\
\xaf\xae\x00\x00;\xb6\x0aD\xeb\xf1\x00\x006\xc1\x0ae\
A\xd5\x00\x00\x03T\x0ai\xe9\xe9\x00\x00:\xd8\x0a|\
\xfeY\x00\x00Kc\x0a\x8a\xbb\x03\x00\x00\x11\x87\x0a\x8e\
b\x1e\x00\x00,k\x0a\xc0:\x92\x00\x00\x0b\xa8\x0a\xc3\
K3\x00\x00\x11*\x0a\xc9\x8c\x14\x00\x00=\x90\x0a\xc9\
\x8c\x14\x00\x00?\xff\x0a\xd1w\x0a\x00\x00@\xb1\x0a\xdf\
,\xfe\x00\x00-\x82\x0a\xeeZ\x19\x00\x00F\xeb\x0b.\
\x09i\x00\x00\x02\xbb\x0bM.\xaa\x00\x00A\x10\x0bS\
7\xd4\x00\x00#\x8a\x0bur\x02\x00\x00\x0dx\x0b\x98\
\xe9v\x00\x00\x097\x0b\x99\xcf\xf1\x00\x00-K\x0b\xa1\
\xde^\x00\x00 \x97\x0b\xb6\xefs\x00\x00>\xa5\x0b\xdc\
\xee\xf2\x00\x00L\xf3\x0b\xf0\xece\x00\x00\x0c\xfb\x0b\xfc\
\xc7B\x00\x00\x0d\xf2\x0c\x06[S\x00\x00\x1d<\x0c-\
\xeb\xee\x00\x00\x0d\xb6\x0c2\xeeB\x00\x00\x0c~\x0c<\
'\xb2\x00\x00\x064\x0cN0\xd8\x00\x005\x8a\x0c\x83\
\xf5\x83\x00\x00;\xf5\x0c\x8a\xbe^\x00\x00.y\x0c\x8c\
\x09)\x00\x00\x0b\xde\x0c\x8c\x09)\x00\x009\x81\x0c\xa1\
}\xe3\x00\x00M\xa0\x0c\xcd\x1c.\x00\x00\x05\xf8\x0c\xd2\
\x00M\x00\x00\x01\x13\x0c\xd2\x00M\x00\x00#\x07\x0c\xdd\
\xc2\x03\x00\x00\x10K\x0c\xe9\xee\xfe\x00\x00*\xac\x0dX\
5E\x00\x00\x1e\x9f\x0d`W\xd1\x00\x00,\xe7\x0dp\
\x03\x1a\x00\x00?E\x0d\x81\xfe=\x00\x00!p\x0d\xd8\
M\xda\x00\x00F\x80\x0d\xdbxj\x00\x00\x19K\x0d\xe3\
\xfd\x1e\x00\x00D}\x0d\xeb\x1c5\x00\x00\x0e^\x0d\xfc\
\xe1N\x00\x00\x1e\xf4\x0eK\xf7\x9e\x00\x00\x08\x89\x0ee\
\x1ej\x00\x00\x13\xa4\x0e\xb1@4\x00\x006*\x0e\xdc\
\x02\x0a\x00\x00\x16\x84\x0e\xf2l^\x00\x00\x06x\x0f%\
\x1f(\x00\x00\x09|\x0f)7\x01\x00\x00'\xe7\x0f\x8c\
U\xaf\x00\x00&\x17\x0f\xbdY\xa5\x00\x00\x17\x0a\x0f\xce\
\xa0\xc5\x00\x00\x08>\x0f\xce\xbcu\x00\x00\x0c\xb0\x0f\xd8\
M\xda\x00\x00F\x15\x0f\xfdH\xaf\x00\x00\x13'\x0f\xfd\
H\xaf\x00\x00\x16\xc9\x0f\xfdH\xaf\x00\x00\x1b\x8b\x0f\xfd\
H\xaf\x00\x008\xc6i\x00\x00O\xed\x03\x00\x00\x00\x1e\
\x00T\x00E\x00M\x00P\x00E\x00S\x00T\x00A\
\x00 \x00A\x00T\x00T\x00I\x00V\x00A\x08\x00\
\x00\x00\x00\x06\x00\x00\x00\x0cACTIVE-S\
TORM\x07\x00\x00\x00\x0bAIndexL\
ight\x01\x03\x00\x00\x00\x22\x00T\x00E\x00M\
\x00P\x00E\x00S\x00T\x00A\x00 \x00M\x00O\
\x00D\x00E\x00R\x00A\x00T\x00A\x08\x00\x00\x00\
\x00\x06\x00\x00\x00\x0eMODERATE S\
TORM\x07\x00\x00\x00\x0bAIndexL\
ight\x01\x03\x00\x00\x00\x0a\x00C\x00A\x00L\
\x00M\x00O\x08\x00\x00\x00\x00\x06\x00\x00\x00\x05QU\
IET\x07\x00\x00\x00\x0bAIndexLi\
ght\x01\x03\x00\x00\x00\x1e\x00T\x00E\x00M\x00\
P\x00E\x00S\x00T\x00A\x00 \x00S\x00E\x00\
V\x00E\x00R\x00A\x08\x00\x00\x00\x00\x06\x00\x00\x00\
\x0cSEVERE STORM\x07\x00\x00\
\x00\x0bAIndexLight\x01\x03\x00\
\x00\x00\x1c\x00T\x00E\x00M\x00P\x00E\x00S\x00\
T\x00A\x00 \x00F\x00O\x00R\x00T\x00E\x08\
\x00\x00\x00\x00\x06\x00\x00\x00\x0cSTRONG \
STORM\x07\x00\x00\x00\x0bAIndex\
Light\x01\x03\x00\x00\x00\x12\x00I\x00N\x00\
S\x00T\x00A\x00B\x00I\x00L\x00E\x08\x00\x00\
\x00\x00\x06\x00\x00\x00\x09UNSETTLED\
\x07\x00\x00\x00\x0bAIndexLight\
\x01\x03\x00\x00\x00\x06\x00A\x00C\x00F\x08\x00\x00\x00\
\x00\x06\x00\x00\x00\x03ACF\x07\x00\x00\x00\x07Ar\
temis\x01\x03\x00\x00\x00\x0a\x00A\x00C\x00\
F\x00  \x22\x08\x00\x00\x00\x00\x06\x00\x00\x00\x07A\
CF \xe2\x80\xa2\x07\x00\x00\x00\x07Artem\
is\x01\x03\x00\x00\x00\x18\x00I\x00n\x00f\x00o\
\x00r\x00m\x00a\x00z\x00i\x00o\x00n\x00i\
\x08\x00\x00\x00\x00\x06\x00\x00\x00\x05About\x07\
\x00\x00\x00\x07Artemis\x01\x03\x00\x00\x00\
\x18\x00A\x00g\x00g\x00i\x00u\x00n\x00g\x00\
i\x00 \x00A\x00C\x00F\x08\x00\x00\x00\x00\x06\x00\
\x00\x00\x07Add ACF\x07\x00\x00\x00\x07A\
rtemis\x01\x03\x00\x00\x006\x00A\x00g\
\x00g\x00i\x00u\x00n\x00g\x00i\x00 \x00L\
\x00a\x00r\x00g\x00h\x00e\x00z\x00z\x00a\
\x00 \x00d\x00i\x00 \x00b\x00a\x00n\x00d\
\x00a\x08\x00\x00\x00\x00\x06\x00\x00\x00\x0dAdd \
Bandwidth\x07\x00\x00\x00\x07Ar\
temis\x01\x03\x00\x00\x00$\x00A\x00g\x00\
g\x00i\x00u\x00n\x00g\x00i\x00 \x00F\x00\
r\x00e\x00q\x00u\x00e\x00n\x00z\x00a\x08\
\x00\x00\x00\x00\x06\x00\x00\x00\x0dAdd Fre\
quency\x07\x00\x00\x00\x07Artem\
is\x01\x03\x00\x00\x00$\x00A\x00g\x00g\x00i\
\x00u\x00n\x00g\x00i\x00 \x00P\x00o\x00s\
\x00i\x00z\x00i\x00o\x00n\x00e\x08\x00\x00\x00\
\x00\x06\x00\x00\x00\x0cAdd Locati\
on\x07\x00\x00\x00\x07Artemis\x01\x03\
\x00\x00\x00\x1a\x00A\x00g\x00g\x00i\x00u\x00n\
\x00g\x00i\x00 \x00M\x00o\x00d\x00o\x08\x00\
\x00\x00\x00\x06\x00\x00\x00\x08Add Mode\
\x07\x00\x00\x00\x07Artemis\x01\x03\x00\x00\
\x00(\x00A\x00g\x00g\x00i\x00u\x00n\x00g\
\x00i\x00 \x00M\x00o\x00d\x00u\x00l\x00a\
\x00z\x00i\x00o\x00n\x00e\x08\x00\x00\x00\x00\x06\
\x00\x00\x00\x0eAdd Modulati\
on\x07\x00\x00\x00\x07Artemis\x01\x03\
\x00\x00\x00$\x00L\x00a\x00r\x00g\x00h\x00e\
\x00z\x00z\x00a\x00 \x00d\x00i\x00 \x00b\
\x00a\x00n\x00d\x00a\x08\x00\x00\x00\x00\x06\x00\x00\
\x00\x09Bandwidth\x07\x00\x00\x00\x07\
Artemis\x01\x03\x00\x00\x00(\x00L\x00\
a\x00r\x00g\x00h\x00e\x00z\x00z\x00a\x00\
 \x00d\x00i\x00 \x00b\x00a\x00n\x00d\x00\
a\x00  \x22\x08\x00\x00\x00\x00\x06\x00\x00\x00\x0dB\
andwidth \xe2\x80\xa2\x07\x00\x00\x00\
\x07Artemis\x01\x03\x00\x00\x00\x12\x00C\
\x00a\x00t\x00e\x00g\x00o\x00r\x00i\x00a\
\x08\x00\x00\x00\x00\x06\x00\x00\x00\x08Catego\
ry\x07\x00\x00\x00\x07Artemis\x01\x03\
\x00\x00\x00\x16\x00C\x00a\x00t\x00e\x00g\x00o\
\x00r\x00i\x00a\x00  \x22\x08\x00\x00\x00\x00\x06\
\x00\x00\x00\x0cCategory \xe2\x80\xa2\
\x07\x00\x00\x00\x07Artemis\x01\x03\x00\x00\
\x00 \x00C\x00o\x00n\x00t\x00r\x00o\x00l\
\x00l\x00a\x00 \x00R\x00e\x00p\x00o\x00r\
\x00t\x08\x00\x00\x00\x00\x06\x00\x00\x00\x0cChec\
k Report\x07\x00\x00\x00\x07Art\
emis\x01\x03\x00\x00\x00.\x00C\x00o\x00n\
\x00t\x00r\x00o\x00l\x00l\x00a\x00 \x00A\
\x00g\x00g\x00i\x00o\x00r\x00n\x00a\x00m\
\x00e\x00n\x00t\x00i\x08\x00\x00\x00\x00\x06\x00\x00\
\x00\x11Check for Upda\
tes\x07\x00\x00\x00\x07Artemis\x01\
\x03\x00\x00\x002\x00C\x00o\x00n\x00t\x00r\x00\
o\x00l\x00l\x00a\x00 \x00A\x00g\x00g\x00\
i\x00o\x00r\x00n\x00a\x00m\x00e\x00n\x00\
t\x00i\x00  \x22\x08\x00\x00\x00\x00\x06\x00\x00\x00\
\x15Check for Updat\
es \xe2\x80\xa2\x07\x00\x00\x00\x07Artem\
is\x01\x03\x00\x00\x00\x16\x00V\x00e\x00r\x00s\
\x00i\x00o\x00n\x00e\x00 \x00D\x00B\x08\x00\
\x00\x00\x00\x06\x00\x00\x00\x0aDB versi\
on\x07\x00\x00\x00\x07Artemis\x01\x03\
\x00\x00\x00\x1a\x00V\x00e\x00r\x00s\x00i\x00o\
\x00n\x00e\x00 \x00D\x00B\x00  \x22\x08\x00\
\x00\x00\x00\x06\x00\x00\x00\x0eDB versi\
on \xe2\x80\xa2\x07\x00\x00\x00\x07Artem\
is\x01\x03\x00\x00\x00\x1c\x00D\x00o\x00c\x00u\
\x00m\x00e\x00n\x00t\x00a\x00z\x00i\x00o\
\x00n\x00e\x08\x00\x00\x00\x00\x06\x00\x00\x00\x0dDo\
cumentation\x07\x00\x00\x00\x07\
Artemis\x01\x03\x00\x00\x00\x10\x00M\x00\
o\x00d\x00i\x00f\x00i\x00c\x00a\x08\x00\x00\
\x00\x00\x06\x00\x00\x00\x04Edit\x07\x00\x00\x00\x07\
Artemis\x01\x03\x00\x00\x002\x00M\x00\
o\x00d\x00i\x00f\x00i\x00c\x00a\x00 \x00\
N\x00o\x00m\x00e\x00/\x00D\x00e\x00s\x00\
c\x00r\x00i\x00z\x00i\x00o\x00n\x00e\x08\
\x00\x00\x00\x00\x06\x00\x00\x00\x15Edit Na\
me/Description\x07\x00\
\x00\x00\x07Artemis\x01\x03\x00\x00\x00\x18\
\x00M\x00o\x00d\x00i\x00f\x00i\x00c\x00a\
\x00 \x00T\x00a\x00g\x08\x00\x00\x00\x00\x06\x00\x00\
\x00\x09Edit Tags\x07\x00\x00\x00\x07\
Artemis\x01\x03\x00\x00\x00J\x00I\x00\
n\x00s\x00e\x00r\x00i\x00s\x00c\x00i\x00\
 \x00i\x00l\x00 \x00n\x00o\x00m\x00e\x00\
 \x00d\x00e\x00l\x00 \x00n\x00u\x00o\x00\
v\x00o\x00 \x00d\x00a\x00t\x00a\x00b\x00\
a\x00s\x00e\x00:\x08\x00\x00\x00\x00\x06\x00\x00\x00\
#Enter the name \
of the new datab\
ase:\x07\x00\x00\x00\x07Artemis\
\x01\x03\x00\x00\x00\x08\x00E\x00s\x00c\x00i\x08\x00\
\x00\x00\x00\x06\x00\x00\x00\x04Exit\x07\x00\x00\x00\
\x07Artemis\x01\x03\x00\x00\x00 \x00E\
\x00s\x00p\x00o\x00r\x00t\x00a\x00 \x00D\
\x00a\x00t\x00a\x00b\x00a\x00s\x00e\x08\x00\
\x00\x00\x00\x06\x00\x00\x00\x0fExport D\
atabase\x07\x00\x00\x00\x07Arte\
mis\x01\x03\x00\x00\x000\x00E\x00s\x00p\x00\
o\x00r\x00t\x00a\x00z\x00i\x00o\x00n\x00\
e\x00 \x00i\x00n\x00 \x00c\x00o\x00r\x00\
s\x00o\x00.\x00.\x00.\x08\x00\x00\x00\x00\x06\x00\
\x00\x00\x0cExporting...\x07\
\x00\x00\x00\x07Artemis\x01\x03\x00\x00\x00\
\x08\x00F\x00i\x00l\x00e\x08\x00\x00\x00\x00\x06\x00\
\x00\x00\x04File\x07\x00\x00\x00\x07Arte\
mis\x01\x03\x00\x00\x00\x0c\x00F\x00i\x00l\x00\
t\x00r\x00o\x08\x00\x00\x00\x00\x06\x00\x00\x00\x06F\
ilter\x07\x00\x00\x00\x07Artemi\
s\x01\x03\x00\x00\x00\x1c\x00F\x00i\x00l\x00t\x00\
r\x00a\x00 \x00p\x00e\x00r\x00 \x00A\x00\
C\x00F\x08\x00\x00\x00\x00\x06\x00\x00\x00\x0dFil\
ter by ACF\x07\x00\x00\x00\x07A\
rtemis\x01\x03\x00\x00\x00:\x00F\x00i\
\x00l\x00t\x00r\x00a\x00 \x00p\x00e\x00r\
\x00 \x00L\x00a\x00r\x00g\x00h\x00e\x00z\
\x00z\x00a\x00 \x00d\x00i\x00 \x00b\x00a\
\x00n\x00d\x00a\x08\x00\x00\x00\x00\x06\x00\x00\x00\x13\
Filter by Bandwi\
dth\x07\x00\x00\x00\x07Artemis\x01\
\x03\x00\x00\x00(\x00F\x00i\x00l\x00t\x00r\x00\
a\x00 \x00p\x00e\x00r\x00 \x00C\x00a\x00\
t\x00e\x00g\x00o\x00r\x00i\x00a\x08\x00\x00\
\x00\x00\x06\x00\x00\x00\x12Filter by\
 Category\x07\x00\x00\x00\x07Ar\
temis\x01\x03\x00\x00\x004\x00F\x00i\x00\
l\x00t\x00r\x00a\x00 \x00p\x00e\x00r\x00\
 \x00v\x00e\x00r\x00s\x00i\x00o\x00n\x00\
e\x00 \x00d\x00e\x00l\x00 \x00D\x00B\x08\
\x00\x00\x00\x00\x06\x00\x00\x00\x14Filter \
by DB version\x07\x00\x00\
\x00\x07Artemis\x01\x03\x00\x00\x00(\x00\
F\x00i\x00l\x00t\x00r\x00a\x00 \x00p\x00\
e\x00r\x00 \x00F\x00r\x00e\x00q\x00u\x00\
e\x00n\x00z\x00a\x08\x00\x00\x00\x00\x06\x00\x00\x00\
\x13Filter by Frequ\
ency\x07\x00\x00\x00\x07Artemis\
\x01\x03\x00\x00\x00(\x00F\x00i\x00l\x00t\x00r\
\x00a\x00 \x00p\x00e\x00r\x00 \x00P\x00o\
\x00s\x00i\x00z\x00i\x00o\x00n\x00e\x08\x00\
\x00\x00\x00\x06\x00\x00\x00\x12Filter b\
y Location\x07\x00\x00\x00\x07A\
rtemis\x01\x03\x00\x00\x00,\x00F\x00i\
\x00l\x00t\x00r\x00a\x00 \x00p\x00e\x00r\
\x00 \x00M\x00o\x00d\x00u\x00l\x00a\x00z\
\x00i\x00o\x00n\x00e\x08\x00\x00\x00\x00\x06\x00\x00\
\x00\x14Filter by Modu\
lation\x07\x00\x00\x00\x07Artem\
is\x01\x03\x00\x00\x00\x10\x00F\x00i\x00l\x00t\
\x00r\x00o\x00  \x22\x08\x00\x00\x00\x00\x06\x00\x00\
\x00\x0aFilter \xe2\x80\xa2\x07\x00\x00\x00\
\x07Artemis\x01\x03\x00\x00\x00\x12\x00F\
\x00r\x00e\x00q\x00u\x00e\x00n\x00z\x00a\
\x08\x00\x00\x00\x00\x06\x00\x00\x00\x09Freque\
ncy\x07\x00\x00\x00\x07Artemis\x01\
\x03\x00\x00\x00\x16\x00F\x00r\x00e\x00q\x00u\x00\
e\x00n\x00z\x00a\x00  \x22\x08\x00\x00\x00\x00\
\x06\x00\x00\x00\x0dFrequency \xe2\
\x80\xa2\x07\x00\x00\x00\x07Artemis\x01\x03\
\x00\x00\x00\x0a\x00G\x00u\x00i\x00d\x00a\x08\x00\
\x00\x00\x00\x06\x00\x00\x00\x04Help\x07\x00\x00\x00\
\x07Artemis\x01\x03\x00\x00\x00\x0e\x00G\
\x00u\x00i\x00d\x00a\x00  \x22\x08\x00\x00\x00\
\x00\x06\x00\x00\x00\x08Help \xe2\x80\xa2\x07\x00\
\x00\x00\x07Artemis\x01\x03\x00\x00\x00 \
\x00I\x00m\x00p\x00o\x00r\x00t\x00a\x00 \
\x00D\x00a\x00t\x00a\x00b\x00a\x00s\x00e\
\x08\x00\x00\x00\x00\x06\x00\x00\x00\x0fImport\
 Database\x07\x00\x00\x00\x07Ar\
temis\x01\x03\x00\x00\x00\x1e\x00C\x00a\x00\
r\x00i\x00c\x00a\x00 \x00D\x00a\x00t\x00\
a\x00b\x00a\x00s\x00e\x08\x00\x00\x00\x00\x06\x00\
\x00\x00\x0dLoad Database\
\x07\x00\x00\x00\x07Artemis\x01\x03\x00\x00\
\x00\x12\x00P\x00o\x00s\x00i\x00z\x00i\x00o\
\x00n\x00e\x08\x00\x00\x00\x00\x06\x00\x00\x00\x08Lo\
cation\x07\x00\x00\x00\x07Artem\
is\x01\x03\x00\x00\x00\x16\x00P\x00o\x00s\x00i\
\x00z\x00i\x00o\x00n\x00e\x00  \x22\x08\x00\
\x00\x00\x00\x06\x00\x00\x00\x0cLocation\
 \xe2\x80\xa2\x07\x00\x00\x00\x07Artemis\
\x01\x03\x00\x00\x00\x16\x00M\x00o\x00d\x00u\x00l\
\x00a\x00z\x00i\x00o\x00n\x00e\x08\x00\x00\x00\
\x00\x06\x00\x00\x00\x0aModulation\
\x07\x00\x00\x00\x07Artemis\x01\x03\x00\x00\
\x00\x1a\x00M\x00o\x00d\x00u\x00l\x00a\x00z\
\x00i\x00o\x00n\x00e\x00  \x22\x08\x00\x00\x00\
\x00\x06\x00\x00\x00\x0eModulation\
 \xe2\x80\xa2\x07\x00\x00\x00\x07Artemis\
\x01\x03\x00\x00\x00\x08\x00N\x00o\x00m\x00e\x08\x00\
\x00\x00\x00\x06\x00\x00\x00\x04Name\x07\x00\x00\x00\
\x07Artemis\x01\x03\x00\x00\x00\x1c\x00N\
\x00u\x00o\x00v\x00o\x00 \x00D\x00a\x00t\
\x00a\x00b\x00a\x00s\x00e\x08\x00\x00\x00\x00\x06\
\x00\x00\x00\x0cNew Database\
\x07\x00\x00\x00\x07Artemis\x01\x03\x00\x00\
\x00\x1a\x00N\x00u\x00o\x00v\x00o\x00 \x00S\
\x00e\x00g\x00n\x00a\x00l\x00e\x08\x00\x00\x00\
\x00\x06\x00\x00\x00\x0aNew Signal\
\x07\x00\x00\x00\x07Artemis\x01\x03\x00\x00\
\x00,\x00A\x00p\x00r\x00i\x00 \x00C\x00a\
\x00r\x00t\x00e\x00l\x00l\x00a\x00 \x00D\
\x00a\x00t\x00a\x00b\x00a\x00s\x00e\x08\x00\
\x00\x00\x00\x06\x00\x00\x00\x14Open Dat\
abase Folder\x07\x00\x00\x00\
\x07Artemis\x01\x03\x00\x00\x00J\x00S\
\x00c\x00e\x00g\x00l\x00i\x00 \x00u\x00n\
\x00a\x00 \x00c\x00a\x00r\x00t\x00e\x00l\
\x00l\x00a\x00 \x00d\x00i\x00 \x00s\x00a\
\x00l\x00v\x00a\x00t\x00a\x00g\x00g\x00i\
\x00o\x00.\x00.\x00.\x08\x00\x00\x00\x00\x06\x00\x00\
\x00\x1ePlease choose \
a save folder...\
\x07\x00\x00\x00\x07Artemis\x01\x03\x00\x00\
\x00F\x00S\x00c\x00e\x00g\x00l\x00i\x00 \
\x00u\x00n\x00 \x00a\x00r\x00c\x00h\x00i\
\x00v\x00i\x00o\x00 \x00t\x00a\x00r\x00.\
\x00g\x00z\x00 \x00v\x00a\x00l\x00i\x00d\
\x00o\x00.\x00.\x00.\x08\x00\x00\x00\x00\x06\x00\x00\
\x00'Please choose \
a valid tar.gz a\
rchive...\x07\x00\x00\x00\x07Ar\
temis\x01\x03\x00\x00\x00\x14\x00P\x00r\x00\
e\x00f\x00e\x00r\x00e\x00n\x00z\x00e\x08\
\x00\x00\x00\x00\x06\x00\x00\x00\x0bPrefere\
nces\x07\x00\x00\x00\x07Artemis\
\x01\x03\x00\x00\x00*\x00H\x00o\x00m\x00e\x00p\
\x00a\x00g\x00e\x00 \x00d\x00e\x00l\x00 \
\x00P\x00r\x00o\x00g\x00e\x00t\x00t\x00o\
\x08\x00\x00\x00\x00\x06\x00\x00\x00\x10Projec\
t Homepage\x07\x00\x00\x00\x07A\
rtemis\x01\x03\x00\x00\x00&\x00S\x00e\
\x00g\x00n\x00a\x00l\x00a\x00 \x00u\x00n\
\x00 \x00P\x00r\x00o\x00b\x00l\x00e\x00m\
\x00a\x08\x00\x00\x00\x00\x06\x00\x00\x00\x0cRepo\
rt Issue\x07\x00\x00\x00\x07Art\
emis\x01\x03\x00\x00\x000\x00R\x00e\x00i\
\x00m\x00p\x00o\x00s\x00t\x00a\x00 \x00t\
\x00u\x00t\x00t\x00i\x00 \x00i\x00 \x00f\
\x00i\x00l\x00t\x00r\x00i\x08\x00\x00\x00\x00\x06\
\x00\x00\x00\x11Reset all fi\
lters\x07\x00\x00\x00\x07Artemi\
s\x01\x03\x00\x00\x00.\x00M\x00o\x00s\x00t\x00\
r\x00a\x00 \x00N\x00o\x00t\x00e\x00 \x00\
d\x00i\x00 \x00R\x00i\x00l\x00a\x00s\x00\
c\x00i\x00o\x08\x00\x00\x00\x00\x06\x00\x00\x00\x12S\
how Release Note\
s\x07\x00\x00\x00\x07Artemis\x01\x03\x00\
\x00\x00*\x00M\x00e\x00t\x00e\x00o\x00r\x00\
o\x00l\x00o\x00g\x00i\x00a\x00 \x00S\x00\
p\x00a\x00z\x00i\x00a\x00l\x00e\x08\x00\x00\
\x00\x00\x06\x00\x00\x00\x0dSpace Wea\
ther\x07\x00\x00\x00\x07Artemis\
\x01\x03\x00\x00\x00\x0a\x00C\x00e\x00r\x00c\x00a\
\x08\x00\x00\x00\x00\x06\x00\x00\x00\x06Search\
\x07\x00\x00\x00\x0fArtemisList\
View\x01\x03\x00\x00\x00H\x00A\x00r\x00t\
\x00e\x00m\x00i\x00s\x00 \x00-\x00 \x00I\
\x00m\x00p\x00o\x00s\x00t\x00a\x00z\x00i\
\x00o\x00n\x00i\x00 \x00L\x00e\x00t\x00t\
\x00o\x00r\x00e\x00 \x00A\x00u\x00d\x00i\
\x00o\x08\x00\x00\x00\x00\x06\x00\x00\x00\x1fArte\
mis - Audio Play\
er Settings\x07\x00\x00\x00\x0b\
AudioPlayer\x01\x03\x00\x00\x00\
\x10\x00A\x00g\x00g\x00i\x00u\x00n\x00g\x00\
i\x08\x00\x00\x00\x00\x06\x00\x00\x00\x03Add\x07\x00\
\x00\x00\x0eCategoryEdito\
r\x01\x03\x00\x00\x00\x16\x00S\x00e\x00i\x00 \x00\
s\x00i\x00c\x00u\x00r\x00o\x00?\x08\x00\x00\
\x00\x00\x06\x00\x00\x00\x0dAre you s\
ure?\x07\x00\x00\x00\x0eCategor\
yEditor\x01\x03\x00\x00\x00\x0e\x00E\x00\
l\x00i\x00m\x00i\x00n\x00a\x08\x00\x00\x00\x00\
\x06\x00\x00\x00\x06Delete\x07\x00\x00\x00\x0e\
CategoryEditor\x01\x03\
\x00\x00\x00@\x00I\x00n\x00s\x00e\x00r\x00i\
\x00s\x00c\x00i\x00 \x00i\x00l\x00 \x00n\
\x00o\x00m\x00e\x00 \x00d\x00e\x00l\x00 \
\x00n\x00u\x00o\x00v\x00o\x00 \x00t\x00a\
\x00g\x00:\x08\x00\x00\x00\x00\x06\x00\x00\x00\x1eEn\
ter the name of \
the new tag:\x07\x00\x00\x00\
\x0eCategoryEditor\x01\
\x03\x00\x00\x00F\x00I\x00n\x00s\x00e\x00r\x00\
i\x00s\x00c\x00i\x00 \x00i\x00l\x00 \x00\
n\x00u\x00o\x00v\x00o\x00 \x00n\x00o\x00\
m\x00e\x00 \x00p\x00e\x00r\x00 \x00i\x00\
l\x00 \x00t\x00a\x00g\x00:\x08\x00\x00\x00\x00\
\x06\x00\x00\x00\x1fEnter the n\
ew name for the \
tag:\x07\x00\x00\x00\x0eCategor\
yEditor\x01\x03\x00\x00\x00\x10\x00R\x00\
i\x00n\x00o\x00m\x00i\x00n\x00a\x08\x00\x00\
\x00\x00\x06\x00\x00\x00\x06Rename\x07\x00\x00\
\x00\x0eCategoryEditor\
\x01\x03\x00\x00\x00\x10\x00N\x00o\x00m\x00e\x00 \
\x00T\x00a\x00g\x08\x00\x00\x00\x00\x06\x00\x00\x00\x08\
Tag Name\x07\x00\x00\x00\x0eCat\
egoryEditor\x01\x03\x00\x00\x00\
\xb2\x00S\x00t\x00a\x00i\x00 \x00p\x00e\x00\
r\x00 \x00e\x00l\x00i\x00m\x00i\x00n\x00\
a\x00r\x00e\x00 \x00i\x00l\x00 \x00t\x00\
a\x00g\x00 \x00d\x00i\x00 \x00c\x00a\x00\
t\x00e\x00g\x00o\x00r\x00i\x00a\x00 \x00\
s\x00e\x00l\x00e\x00z\x00i\x00o\x00n\x00\
a\x00t\x00o\x00.\x00 \x00I\x00l\x00 \x00\
p\x00r\x00o\x00c\x00e\x00s\x00s\x00o\x00\
 \x00n\x00o\x00n\x00 \x00p\x00u\x00\xf2\x00\
 \x00e\x00s\x00s\x00e\x00r\x00e\x00 \x00\
a\x00n\x00n\x00u\x00l\x00l\x00a\x00t\x00\
o\x00.\x08\x00\x00\x00\x00\x06\x00\x00\x00PYou\
 are about to de\
lete the selecte\
d category tag. \
The process cann\
ot be undone.\x07\x00\x00\
\x00\x0eCategoryEditor\
\x01\x03\x00\x00\x00\x14\x00 \x00 %\x14\x00 \x00A\
\x00u\x00d\x00i\x00o\x00:\x08\x00\x00\x00\x00\x06\
\x00\x00\x00\x0c  \xe2\x94\x94 Audio:\
\x07\x00\x00\x00\x09DbManager\x01\x03\
\x00\x00\x00\x1a\x00 \x00 %\x1c\x00 \x00I\x00m\
\x00m\x00a\x00g\x00i\x00n\x00i\x00:\x08\x00\
\x00\x00\x00\x06\x00\x00\x00\x0d  \xe2\x94\x9c Im\
ages:\x07\x00\x00\x00\x09DbMana\
ger\x01\x03\x00\x00\x00\x16\x00S\x00e\x00i\x00\
 \x00s\x00i\x00c\x00u\x00r\x00o\x00?\x08\
\x00\x00\x00\x00\x06\x00\x00\x00\x0dAre you\
 sure?\x07\x00\x00\x00\x09DbMan\
ager\x01\x03\x00\x00\x002\x00A\x00r\x00t\
\x00e\x00m\x00i\x00s\x00 \x00-\x00 \x00C\
\x00a\x00r\x00i\x00c\x00a\x00 \x00D\x00a\
\x00t\x00a\x00b\x00a\x00s\x00e\x08\x00\x00\x00\
\x00\x06\x00\x00\x00\x17Artemis - \
Load Database\x07\x00\x00\
\x00\x09DbManager\x01\x03\x00\x00\x00\
\x14\x00D\x00B\x00 \x00C\x00r\x00e\x00a\x00\
t\x00o\x00:\x08\x00\x00\x00\x00\x06\x00\x00\x00\x0bD\
B Created:\x07\x00\x00\x00\x09D\
bManager\x01\x03\x00\x00\x00\x0e\x00E\
\x00l\x00i\x00m\x00i\x00n\x00a\x08\x00\x00\x00\
\x00\x06\x00\x00\x00\x06Delete\x07\x00\x00\x00\
\x09DbManager\x01\x03\x00\x00\x00P\
\x00I\x00n\x00s\x00e\x00r\x00i\x00s\x00c\
\x00i\x00 \x00i\x00l\x00 \x00n\x00u\x00o\
\x00v\x00o\x00 \x00n\x00o\x00m\x00e\x00 \
\x00p\x00e\x00r\x00 \x00i\x00l\x00 \x00d\
\x00a\x00t\x00a\x00b\x00a\x00s\x00e\x00:\
\x08\x00\x00\x00\x00\x06\x00\x00\x00$Enter \
the new name for\
 the database:\x07\x00\
\x00\x00\x09DbManager\x01\x03\x00\x00\
\x00\x10\x00C\x00A\x00R\x00I\x00C\x00A\x00T\
\x00O\x08\x00\x00\x00\x00\x06\x00\x00\x00\x06LOAD\
ED\x07\x00\x00\x00\x09DbManager\
\x01\x03\x00\x00\x00\x0c\x00C\x00a\x00r\x00i\x00c\
\x00a\x08\x00\x00\x00\x00\x06\x00\x00\x00\x04Load\
\x07\x00\x00\x00\x09DbManager\x01\x03\
\x00\x00\x00\x1a\x00N\x00u\x00o\x00v\x00o\x00 \
\x00N\x00o\x00m\x00e\x00 \x00D\x00B\x08\x00\
\x00\x00\x00\x06\x00\x00\x00\x0bNew DB N\
ame\x07\x00\x00\x00\x09DbManage\
r\x01\x03\x00\x00\x00\x10\x00R\x00i\x00n\x00o\x00\
m\x00i\x00n\x00a\x08\x00\x00\x00\x00\x06\x00\x00\x00\
\x06Rename\x07\x00\x00\x00\x09DbMa\
nager\x01\x03\x00\x00\x00\x22\x00D\x00o\x00\
c\x00u\x00m\x00e\x00n\x00t\x00i\x00 \x00\
T\x00o\x00t\x00a\x00l\x00i\x00:\x08\x00\x00\
\x00\x00\x06\x00\x00\x00\x10Total Doc\
uments:\x07\x00\x00\x00\x09DbMa\
nager\x01\x03\x00\x00\x00\x1e\x00S\x00e\x00\
g\x00n\x00a\x00l\x00i\x00 \x00T\x00o\x00\
t\x00a\x00l\x00i\x00:\x08\x00\x00\x00\x00\x06\x00\
\x00\x00\x0eTotal Signals\
:\x07\x00\x00\x00\x09DbManager\x01\
\x03\x00\x00\x00\xdc\x00S\x00t\x00a\x00i\x00 \x00\
p\x00e\x00r\x00 \x00e\x00l\x00i\x00m\x00\
i\x00n\x00a\x00r\x00e\x00 \x00d\x00e\x00\
f\x00i\x00n\x00i\x00t\x00i\x00v\x00a\x00\
m\x00e\x00n\x00t\x00e\x00 \x00i\x00l\x00\
 \x00d\x00a\x00t\x00a\x00b\x00a\x00s\x00\
e\x00 \x00e\x00 \x00t\x00u\x00t\x00t\x00\
i\x00 \x00i\x00 \x00s\x00u\x00o\x00i\x00\
 \x00c\x00o\x00n\x00t\x00e\x00n\x00u\x00\
t\x00i\x00.\x00 \x00I\x00l\x00 \x00p\x00\
r\x00o\x00c\x00e\x00s\x00s\x00o\x00 \x00\
n\x00o\x00n\x00 \x00p\x00u\x00\xf2\x00 \x00\
e\x00s\x00s\x00e\x00r\x00e\x00 \x00a\x00\
n\x00n\x00u\x00l\x00l\x00a\x00t\x00o\x00\
.\x08\x00\x00\x00\x00\x06\x00\x00\x00dYou a\
re about to dele\
te the database \
and all its cont\
ents permanently\
. The process ca\
nnot be undone.\x07\
\x00\x00\x00\x09DbManager\x01\x03\x00\
\x00\x00\x1c\x00A\x00g\x00g\x00i\x00u\x00n\x00\
g\x00i\x00 \x00N\x00u\x00o\x00v\x00o\x08\
\x00\x00\x00\x00\x06\x00\x00\x00\x07Add New\
\x07\x00\x00\x00\x10DocumentsMa\
nager\x01\x03\x00\x00\x00\x16\x00S\x00e\x00\
i\x00 \x00s\x00i\x00c\x00u\x00r\x00o\x00\
?\x08\x00\x00\x00\x00\x06\x00\x00\x00\x0dAre y\
ou sure?\x07\x00\x00\x00\x10Doc\
umentsManager\x01\x03\x00\
\x00\x008\x00A\x00r\x00t\x00e\x00m\x00i\x00\
s\x00 \x00-\x00 \x00G\x00e\x00s\x00t\x00\
i\x00o\x00n\x00e\x00 \x00D\x00o\x00c\x00\
u\x00m\x00e\x00n\x00t\x00i\x08\x00\x00\x00\x00\
\x06\x00\x00\x00\x1bArtemis - D\
ocuments Manager\
\x07\x00\x00\x00\x10DocumentsMa\
nager\x01\x03\x00\x00\x00\x0e\x00S\x00f\x00\
o\x00g\x00l\x00i\x00a\x08\x00\x00\x00\x00\x06\x00\
\x00\x00\x06Browse\x07\x00\x00\x00\x10Do\
cumentsManager\x01\x03\
\x00\x00\x00\x0e\x00E\x00l\x00i\x00m\x00i\x00n\
\x00a\x08\x00\x00\x00\x00\x06\x00\x00\x00\x06Dele\
te\x07\x00\x00\x00\x10Documents\
Manager\x01\x03\x00\x00\x00\x16\x00D\x00\
e\x00s\x00c\x00r\x00i\x00z\x00i\x00o\x00\
n\x00e\x08\x00\x00\x00\x00\x06\x00\x00\x00\x0bDes\
cription\x07\x00\x00\x00\x10Doc\
umentsManager\x01\x03\x00\
\x00\x00\x10\x00M\x00o\x00d\x00i\x00f\x00i\x00\
c\x00a\x08\x00\x00\x00\x00\x06\x00\x00\x00\x04Edi\
t\x07\x00\x00\x00\x10DocumentsM\
anager\x01\x03\x00\x00\x00\x1a\x00D\x00E\
\x00T\x00T\x00A\x00G\x00L\x00I\x00 \x00F\
\x00I\x00L\x00E\x08\x00\x00\x00\x00\x06\x00\x00\x00\x0c\
FILE DETAILS\x07\x00\x00\x00\
\x10DocumentsManage\
r\x01\x03\x00\x00\x00\x12\x00N\x00o\x00m\x00e\x00\
 \x00F\x00i\x00l\x00e\x08\x00\x00\x00\x00\x06\x00\
\x00\x00\x09File Name\x07\x00\x00\x00\
\x10DocumentsManage\
r\x01\x03\x00\x00\x00\x14\x00P\x00r\x00i\x00n\x00\
c\x00i\x00p\x00a\x00l\x00e\x08\x00\x00\x00\x00\
\x06\x00\x00\x00\x04Main\x07\x00\x00\x00\x10Do\
cumentsManager\x01\x03\
\x00\x00\x00\x08\x00N\x00o\x00m\x00e\x08\x00\x00\x00\
\x00\x06\x00\x00\x00\x04Name\x07\x00\x00\x00\x10D\
ocumentsManager\x01\
\x03\x00\x00\x00\x08\x00A\x00p\x00r\x00i\x08\x00\x00\
\x00\x00\x06\x00\x00\x00\x04Open\x07\x00\x00\x00\x10\
DocumentsManager\
\x01\x03\x00\x00\x00\x10\x00P\x00e\x00r\x00c\x00o\
\x00r\x00s\x00o\x08\x00\x00\x00\x00\x06\x00\x00\x00\x04\
Path\x07\x00\x00\x00\x10Documen\
tsManager\x01\x03\x00\x00\x00\x1c\x00\
S\x00c\x00e\x00g\x00l\x00i\x00 \x00u\x00\
n\x00 \x00f\x00i\x00l\x00e\x08\x00\x00\x00\x00\
\x06\x00\x00\x00\x14Please choo\
se a file\x07\x00\x00\x00\x10Do\
cumentsManager\x01\x03\
\x00\x00\x00\xa4\x00S\x00t\x00a\x00i\x00 \x00p\
\x00e\x00r\x00 \x00e\x00l\x00i\x00m\x00i\
\x00n\x00a\x00r\x00e\x00 \x00i\x00l\x00 \
\x00d\x00o\x00c\x00u\x00m\x00e\x00n\x00t\
\x00o\x00 \x00s\x00e\x00l\x00e\x00z\x00i\
\x00o\x00n\x00a\x00t\x00o\x00.\x00 \x00I\
\x00l\x00 \x00p\x00r\x00o\x00c\x00e\x00s\
\x00s\x00o\x00 \x00n\x00o\x00n\x00 \x00p\
\x00u\x00\xf2\x00 \x00e\x00s\x00s\x00e\x00r\
\x00e\x00 \x00a\x00n\x00n\x00u\x00l\x00l\
\x00a\x00t\x00o\x00.\x08\x00\x00\x00\x00\x06\x00\x00\
\x00LYou are about \
to delete the se\
lected document.\
 The process can\
not be undone.\x07\x00\
\x00\x00\x10DocumentsMana\
ger\x01\x03\x00\x00\x00(\x00A\x00r\x00t\x00\
e\x00m\x00i\x00s\x00 \x00-\x00 \x00D\x00\
o\x00w\x00n\x00l\x00o\x00a\x00d\x00e\x00\
r\x08\x00\x00\x00\x00\x06\x00\x00\x00\x14Artem\
is - Downloader\x07\
\x00\x00\x00\x0aDownloader\x01\x03\
\x00\x00\x00\x0e\x00A\x00n\x00n\x00u\x00l\x00l\
\x00a\x08\x00\x00\x00\x00\x06\x00\x00\x00\x06Canc\
el\x07\x00\x00\x00\x0aDownloade\
r\x01\x03\x00\x00\x00(\x00D\x00o\x00w\x00n\x00\
l\x00o\x00a\x00d\x00 \x00i\x00n\x00 \x00\
c\x00o\x00r\x00s\x00o\x00.\x00.\x00.\x08\
\x00\x00\x00\x00\x06\x00\x00\x00\x17Downloa\
d in progress...\
\x07\x00\x00\x00\x0aDownloader\x01\
\x03\x00\x00\x00\x18\x00T\x00o\x00l\x00l\x00e\x00\
r\x00a\x00n\x00z\x00a\x00:\x00 \x08\x00\x00\
\x00\x00\x06\x00\x00\x00\x0bTolerance\
: \x07\x00\x00\x00\x11FilterRan\
geDialog\x01\x03\x00\x00\x00\x0c\x00A\
\x00T\x00T\x00I\x00V\x00O\x08\x00\x00\x00\x00\x06\
\x00\x00\x00\x06ACTIVE\x07\x00\x00\x00\x0bK\
IndexLight\x01\x03\x00\x00\x00 \
\x00T\x00E\x00M\x00P\x00E\x00S\x00T\x00A\
\x00 \x00E\x00S\x00T\x00R\x00E\x00M\x00A\
\x08\x00\x00\x00\x00\x06\x00\x00\x00\x0dEXTREM\
E STORM\x07\x00\x00\x00\x0bKInd\
exLight\x01\x03\x00\x00\x00\x10\x00I\x00\
N\x00A\x00T\x00T\x00I\x00V\x00O\x08\x00\x00\
\x00\x00\x06\x00\x00\x00\x08INACTIVE\x07\
\x00\x00\x00\x0bKIndexLight\x01\
\x03\x00\x00\x00\x1e\x00T\x00E\x00M\x00P\x00E\x00\
S\x00T\x00A\x00 \x00M\x00I\x00N\x00O\x00\
R\x00E\x08\x00\x00\x00\x00\x06\x00\x00\x00\x0bMIN\
OR STORM\x07\x00\x00\x00\x0bKIn\
dexLight\x01\x03\x00\x00\x00\x22\x00T\
\x00E\x00M\x00P\x00E\x00S\x00T\x00A\x00 \
\x00M\x00O\x00D\x00E\x00R\x00A\x00T\x00A\
\x08\x00\x00\x00\x00\x06\x00\x00\x00\x0eMODERA\
TE STORM\x07\x00\x00\x00\x0bKIn\
dexLight\x01\x03\x00\x00\x00\x0a\x00C\
\x00A\x00L\x00M\x00O\x08\x00\x00\x00\x00\x06\x00\x00\
\x00\x05QUIET\x07\x00\x00\x00\x0bKInd\
exLight\x01\x03\x00\x00\x00\x1e\x00T\x00\
E\x00M\x00P\x00E\x00S\x00T\x00A\x00 \x00\
S\x00E\x00V\x00E\x00R\x00A\x08\x00\x00\x00\x00\
\x06\x00\x00\x00\x0cSEVERE STOR\
M\x07\x00\x00\x00\x0bKIndexLigh\
t\x01\x03\x00\x00\x00\x1c\x00T\x00E\x00M\x00P\x00\
E\x00S\x00T\x00A\x00 \x00F\x00O\x00R\x00\
T\x00E\x08\x00\x00\x00\x00\x06\x00\x00\x00\x0cSTR\
ONG STORM\x07\x00\x00\x00\x0bKI\
ndexLight\x01\x03\x00\x00\x00\x12\x00\
I\x00N\x00S\x00T\x00A\x00B\x00I\x00L\x00\
E\x08\x00\x00\x00\x00\x06\x00\x00\x00\x09UNSET\
TLED\x07\x00\x00\x00\x0bKIndexL\
ight\x01\x03\x00\x00\x00\x16\x00M\x00O\x00L\
\x00T\x00O\x00 \x00C\x00A\x00L\x00M\x00O\
\x08\x00\x00\x00\x00\x06\x00\x00\x00\x0aVERY Q\
UIET\x07\x00\x00\x00\x0bKIndexL\
ight\x01\x03\x00\x00\x00\xc6\x00\xc8\x00 \x00d\
\x00i\x00s\x00p\x00o\x00n\x00i\x00b\x00i\
\x00l\x00e\x00 \x00u\x00n\x00a\x00 \x00n\
\x00u\x00o\x00v\x00a\x00 \x00v\x00e\x00r\
\x00s\x00i\x00o\x00n\x00e\x00 \x00d\x00i\
\x00 \x00A\x00r\x00t\x00e\x00m\x00i\x00s\
\x00 \x00(\x00{\x00}\x00)\x00 \x00p\x00e\
\x00r\x00 \x00i\x00l\x00 \x00d\x00o\x00w\
\x00n\x00l\x00o\x00a\x00d\x00.\x00 \x00C\
\x00o\x00n\x00t\x00r\x00o\x00l\x00l\x00a\
\x00r\x00e\x00 \x00o\x00r\x00a\x00 \x00l\
\x00a\x00 \x00p\x00a\x00g\x00i\x00n\x00a\
\x00 \x00G\x00i\x00t\x00H\x00u\x00b\x00?\
\x08\x00\x00\x00\x00\x06\x00\x00\x00OA new \
version of Artem\
is ({}) is avail\
able for downloa\
d. Check GitHub \
page now?\x07\x00\x00\x00\x08Me\
ssages\x01\x03\x00\x00\x00\xb2\x00\xc8\x00 \
\x00d\x00i\x00s\x00p\x00o\x00n\x00i\x00b\
\x00i\x00l\x00e\x00 \x00u\x00n\x00a\x00 \
\x00n\x00u\x00o\x00v\x00a\x00 \x00v\x00e\
\x00r\x00s\x00i\x00o\x00n\x00e\x00 \x00d\
\x00i\x00 \x00A\x00r\x00t\x00e\x00m\x00i\
\x00s\x00 \x00(\x00{\x00}\x00)\x00 \x00p\
\x00e\x00r\x00 \x00i\x00l\x00 \x00d\x00o\
\x00w\x00n\x00l\x00o\x00a\x00d\x00.\x00 \
\x00A\x00g\x00g\x00i\x00o\x00r\x00n\x00a\
\x00r\x00e\x00 \x00A\x00r\x00t\x00e\x00m\
\x00i\x00s\x00 \x00o\x00r\x00a\x00?\x08\x00\
\x00\x00\x00\x06\x00\x00\x00LA new ve\
rsion of Artemis\
 ({}) is availab\
le for download.\
 Update Artemis \
now?\x07\x00\x00\x00\x08Message\
s\x01\x03\x00\x00\x00\xa4\x00\xc8\x00 \x00d\x00i\x00\
s\x00p\x00o\x00n\x00i\x00b\x00i\x00l\x00\
e\x00 \x00u\x00n\x00a\x00 \x00n\x00u\x00\
o\x00v\x00a\x00 \x00v\x00e\x00r\x00s\x00\
i\x00o\x00n\x00e\x00 \x00d\x00e\x00l\x00\
 \x00d\x00a\x00t\x00a\x00b\x00a\x00s\x00\
e\x00 \x00(\x00{\x00}\x00)\x00 \x00p\x00\
e\x00r\x00 \x00i\x00l\x00 \x00d\x00o\x00\
w\x00n\x00l\x00o\x00a\x00d\x00.\x00 \x00\
S\x00c\x00a\x00r\x00i\x00c\x00a\x00r\x00\
e\x00 \x00o\x00r\x00a\x00?\x08\x00\x00\x00\x00\
\x06\x00\x00\x00KA new versi\
on of the databa\
se ({}) is avail\
able for downloa\
d. Download now?\
\x07\x00\x00\x00\x08Messages\x01\x03\x00\
\x00\x00v\x00S\x00i\x00 \x00\xe8\x00 \x00v\x00\
e\x00r\x00i\x00f\x00i\x00c\x00a\x00t\x00\
o\x00 \x00u\x00n\x00 \x00e\x00r\x00r\x00\
o\x00r\x00e\x00 \x00d\x00u\x00r\x00a\x00\
n\x00t\x00e\x00 \x00i\x00l\x00 \x00p\x00\
r\x00o\x00c\x00e\x00s\x00s\x00o\x00.\x00\
 \x00D\x00e\x00t\x00t\x00a\x00g\x00l\x00\
i\x00:\x00 \x00{\x00}\x08\x00\x00\x00\x00\x06\x00\
\x00\x001An error occu\
rred during the \
process. Details\
: {}\x07\x00\x00\x00\x08Message\
s\x01\x03\x00\x00\x00,\x00E\x00r\x00r\x00o\x00\
r\x00e\x00 \x00d\x00i\x00 \x00C\x00o\x00\
n\x00n\x00e\x00s\x00s\x00i\x00o\x00n\x00\
e\x00!\x08\x00\x00\x00\x00\x06\x00\x00\x00\x11Con\
nection Error!\x07\x00\
\x00\x00\x08Messages\x01\x03\x00\x00\x00\
@\x00R\x00i\x00l\x00e\x00v\x00a\x00t\x00\
a\x00 \x00C\x00o\x00r\x00r\x00u\x00z\x00\
i\x00o\x00n\x00e\x00 \x00d\x00e\x00l\x00\
 \x00D\x00a\x00t\x00a\x00b\x00a\x00s\x00\
e\x08\x00\x00\x00\x00\x06\x00\x00\x00\x1cDatab\
ase Corruption D\
etected\x07\x00\x00\x00\x08Mess\
ages\x01\x03\x00\x00\x00x\x00L\x00'\x00e\
\x00s\x00p\x00o\x00r\x00t\x00a\x00z\x00i\
\x00o\x00n\x00e\x00 \x00d\x00e\x00l\x00 \
\x00d\x00a\x00t\x00a\x00b\x00a\x00s\x00e\
\x00 \x00\xe8\x00 \x00s\x00t\x00a\x00t\x00a\
\x00 \x00c\x00o\x00m\x00p\x00l\x00e\x00t\
\x00a\x00t\x00a\x00 \x00c\x00o\x00n\x00 \
\x00s\x00u\x00c\x00c\x00e\x00s\x00s\x00o\
\x00!\x08\x00\x00\x00\x00\x06\x00\x00\x002Data\
base exporting h\
as been succesfu\
lly completed!\x07\x00\
\x00\x00\x08Messages\x01\x03\x00\x00\x00\
x\x00L\x00'\x00i\x00m\x00p\x00o\x00r\x00\
t\x00a\x00z\x00i\x00o\x00n\x00e\x00 \x00\
d\x00e\x00l\x00 \x00d\x00a\x00t\x00a\x00\
b\x00a\x00s\x00e\x00 \x00\xe8\x00 \x00s\x00\
t\x00a\x00t\x00a\x00 \x00c\x00o\x00m\x00\
p\x00l\x00e\x00t\x00a\x00t\x00a\x00 \x00\
c\x00o\x00n\x00 \x00s\x00u\x00c\x00c\x00\
e\x00s\x00s\x00o\x00!\x08\x00\x00\x00\x00\x06\x00\
\x00\x002Database impo\
rting has been s\
uccesfully compl\
eted!\x07\x00\x00\x00\x08Messag\
es\x01\x03\x00\x00\x00(\x00V\x00u\x00o\x00i\
\x00 \x00s\x00c\x00a\x00r\x00i\x00c\x00a\
\x00r\x00l\x00o\x00 \x00o\x00r\x00a\x00?\
\x08\x00\x00\x00\x00\x06\x00\x00\x00\x1fDo you\
 want to downloa\
d it now?\x07\x00\x00\x00\x08Me\
ssages\x01\x03\x00\x00\x00\x5c\x00D\x00a\
\x00t\x00i\x00 \x00s\x00c\x00a\x00r\x00i\
\x00c\x00a\x00t\x00i\x00 \x00c\x00o\x00r\
\x00r\x00o\x00t\x00t\x00i\x00 \x00o\x00 \
\x00n\x00o\x00n\x00 \x00v\x00a\x00l\x00i\
\x00d\x00i\x00.\x00 \x00R\x00i\x00p\x00r\
\x00o\x00v\x00a\x00.\x08\x00\x00\x00\x00\x06\x00\x00\
\x003Downloaded dat\
a corrupted or i\
nvalid. Please r\
etry.\x07\x00\x00\x00\x08Messag\
es\x01\x03\x00\x00\x00L\x00N\x00u\x00o\x00v\
\x00a\x00 \x00v\x00e\x00r\x00s\x00i\x00o\
\x00n\x00e\x00 \x00d\x00i\x00 \x00A\x00r\
\x00t\x00e\x00m\x00i\x00s\x00 \x00d\x00i\
\x00s\x00p\x00o\x00n\x00i\x00b\x00i\x00l\
\x00e\x00!\x08\x00\x00\x00\x00\x06\x00\x00\x00\x1eNe\
w Artemis versio\
n available!\x07\x00\x00\x00\
\x08Messages\x01\x03\x00\x00\x00P\x00\
N\x00u\x00o\x00v\x00a\x00 \x00v\x00e\x00\
r\x00s\x00i\x00o\x00n\x00e\x00 \x00d\x00\
e\x00l\x00 \x00D\x00B\x00 \x00S\x00i\x00\
g\x00I\x00D\x00 \x00d\x00i\x00s\x00p\x00\
o\x00n\x00i\x00b\x00i\x00l\x00e\x00!\x08\
\x00\x00\x00\x00\x06\x00\x00\x00\x1fNew Sig\
ID DB version av\
ailable!\x07\x00\x00\x00\x08Mes\
sages\x01\x03\x00\x00\x00B\x00N\x00e\x00\
s\x00s\x00u\x00n\x00 \x00d\x00a\x00t\x00\
a\x00b\x00a\x00s\x00e\x00 \x00S\x00i\x00\
g\x00I\x00D\x00 \x00r\x00i\x00l\x00e\x00\
v\x00a\x00t\x00o\x00.\x00.\x00.\x08\x00\x00\
\x00\x00\x06\x00\x00\x00\x1dNo SigID \
database detecte\
d...\x07\x00\x00\x00\x08Message\
s\x01\x03\x00\x00\x002\x00Q\x00u\x00a\x00l\x00\
c\x00o\x00s\x00a\x00 \x00\xe8\x00 \x00a\x00\
n\x00d\x00a\x00t\x00o\x00 \x00s\x00t\x00\
o\x00r\x00t\x00o\x00!\x08\x00\x00\x00\x00\x06\x00\
\x00\x00\x15Something wen\
t wrong!\x07\x00\x00\x00\x08Mes\
sages\x01\x03\x00\x00\x00\x12\x00S\x00u\x00\
c\x00c\x00e\x00s\x00s\x00o\x00!\x08\x00\x00\
\x00\x00\x06\x00\x00\x00\x08Success!\x07\
\x00\x00\x00\x08Messages\x01\x03\x00\x00\
\x00\x94\x00I\x00l\x00 \x00d\x00a\x00t\x00a\
\x00b\x00a\x00s\x00e\x00 \x00\xe8\x00 \x00s\
\x00t\x00a\x00t\x00o\x00 \x00s\x00c\x00a\
\x00r\x00i\x00c\x00a\x00t\x00o\x00 \x00c\
\x00o\x00n\x00 \x00s\x00u\x00c\x00c\x00e\
\x00s\x00s\x00o\x00 \x00e\x00 \x00o\x00r\
\x00a\x00 \x00\xe8\x00 \x00i\x00n\x00 \x00f\
\x00a\x00s\x00e\x00 \x00d\x00i\x00 \x00c\
\x00a\x00r\x00i\x00c\x00a\x00m\x00e\x00n\
\x00t\x00o\x00.\x08\x00\x00\x00\x00\x06\x00\x00\x00F\
The database has\
 been successful\
ly downloaded an\
d is now being l\
oaded.\x07\x00\x00\x00\x08Messa\
ges\x01\x03\x00\x00\x01\x16\x00I\x00l\x00 \x00\
f\x00i\x00l\x00e\x00 \x00c\x00h\x00e\x00\
 \x00s\x00i\x00 \x00s\x00t\x00a\x00 \x00\
t\x00e\x00n\x00t\x00a\x00n\x00d\x00o\x00\
 \x00d\x00i\x00 \x00a\x00p\x00r\x00i\x00\
r\x00e\x00 \x00n\x00o\x00n\x00 \x00p\x00\
u\x00\xf2\x00 \x00e\x00s\x00s\x00e\x00r\x00\
e\x00 \x00t\x00r\x00o\x00v\x00a\x00t\x00\
o\x00.\x00 \x00C\x00i\x00\xf2\x00 \x00p\x00\
o\x00t\x00r\x00e\x00b\x00b\x00e\x00 \x00\
e\x00s\x00s\x00e\x00r\x00e\x00 \x00d\x00\
o\x00v\x00u\x00t\x00o\x00 \x00a\x00l\x00\
 \x00f\x00a\x00t\x00t\x00o\x00 \x00c\x00\
h\x00e\x00 \x00i\x00l\x00 \x00f\x00i\x00\
l\x00e\x00 \x00\xe8\x00 \x00s\x00t\x00a\x00\
t\x00o\x00 \x00s\x00p\x00o\x00s\x00t\x00\
a\x00t\x00o\x00 \x00o\x00 \x00e\x00l\x00\
i\x00m\x00i\x00n\x00a\x00t\x00o\x00.\x08\
\x00\x00\x00\x00\x06\x00\x00\x00lThe fil\
e you are trying\
 to access canno\
t be located. Th\
is may be becaus\
e the file has b\
een moved or del\
eted.\x07\x00\x00\x00\x08Messag\
es\x01\x03\x00\x00\x00\x9c\x00L\x00'\x00u\x00l\
\x00t\x00i\x00m\x00a\x00 \x00v\x00e\x00r\
\x00s\x00i\x00o\x00n\x00e\x00 \x00d\x00i\
\x00 \x00A\x00r\x00t\x00e\x00m\x00i\x00s\
\x00 \x00e\x00 \x00d\x00e\x00l\x00l\x00a\
\x00 \x00w\x00i\x00k\x00i\x00 \x00S\x00i\
\x00g\x00I\x00D\x00 \x00\xe8\x00 \x00i\x00n\
\x00s\x00t\x00a\x00l\x00l\x00a\x00t\x00a\
\x00 \x00s\x00u\x00l\x00 \x00t\x00u\x00o\
\x00 \x00c\x00o\x00m\x00p\x00u\x00t\x00e\
\x00r\x00.\x08\x00\x00\x00\x00\x06\x00\x00\x00KTh\
e latest version\
 of Artemis and \
SigID wiki is in\
stalled on your \
computer.\x07\x00\x00\x00\x08Me\
ssages\x01\x03\x00\x00\x00\x5c\x00I\x00l\
\x00 \x00n\x00u\x00o\x00v\x00o\x00 \x00d\
\x00a\x00t\x00a\x00b\x00a\x00s\x00e\x00 \
\x00\xe8\x00 \x00s\x00t\x00a\x00t\x00o\x00 \
\x00c\x00r\x00e\x00a\x00t\x00o\x00 \x00c\
\x00o\x00n\x00 \x00s\x00u\x00c\x00c\x00e\
\x00s\x00s\x00o\x00.\x08\x00\x00\x00\x00\x06\x00\x00\
\x00.The new databa\
se has been crea\
ted succesfully.\
\x07\x00\x00\x00\x08Messages\x01\x03\x00\
\x00\x01F\x00I\x00m\x00p\x00o\x00s\x00s\x00\
i\x00b\x00i\x00l\x00e\x00 \x00c\x00o\x00\
n\x00t\x00r\x00o\x00l\x00l\x00a\x00r\x00\
e\x00 \x00g\x00l\x00i\x00 \x00a\x00g\x00\
g\x00i\x00o\x00r\x00n\x00a\x00m\x00e\x00\
n\x00t\x00i\x00.\x00 \x00S\x00e\x00m\x00\
b\x00r\x00a\x00 \x00c\x00h\x00e\x00 \x00\
c\x00i\x00 \x00s\x00i\x00a\x00 \x00u\x00\
n\x00 \x00p\x00r\x00o\x00b\x00l\x00e\x00\
m\x00a\x00 \x00c\x00o\x00n\x00 \x00l\x00\
a\x00 \x00t\x00u\x00a\x00 \x00c\x00o\x00\
n\x00n\x00e\x00s\x00s\x00i\x00o\x00n\x00\
e\x00 \x00i\x00n\x00t\x00e\x00r\x00n\x00\
e\x00t\x00.\x00 \x00C\x00o\x00n\x00t\x00\
r\x00o\x00l\x00l\x00a\x00 \x00l\x00e\x00\
 \x00i\x00m\x00p\x00o\x00s\x00t\x00a\x00\
z\x00i\x00o\x00n\x00i\x00 \x00d\x00i\x00\
 \x00r\x00e\x00t\x00e\x00 \x00e\x00 \x00\
r\x00i\x00p\x00r\x00o\x00v\x00a\x00 \x00\
p\x00i\x00\xf9\x00 \x00t\x00a\x00r\x00d\x00\
i\x00.\x00 \x00{\x00}\x08\x00\x00\x00\x00\x06\x00\
\x00\x00\x99Unable to che\
ck for updates. \
It appears that \
there is a probl\
em with your int\
ernet connection\
. Please check y\
our network sett\
ings and try aga\
in later. {}\x07\x00\x00\x00\
\x08Messages\x01\x03\x00\x00\x00\x1e\x00\
S\x00e\x00i\x00 \x00a\x00g\x00g\x00i\x00\
o\x00r\x00n\x00a\x00t\x00o\x00!\x08\x00\x00\
\x00\x00\x06\x00\x00\x00\x12You're up\
 to date!\x07\x00\x00\x00\x08Me\
ssages\x01\x03\x00\x00\x00(\x00A\x00r\
\x00t\x00e\x00m\x00i\x00s\x00 \x00-\x00 \
\x00P\x00r\x00e\x00f\x00e\x00r\x00e\x00n\
\x00z\x00e\x08\x00\x00\x00\x00\x06\x00\x00\x00\x15Ar\
temis - Preferen\
ces\x07\x00\x00\x00\x0bPreferen\
ces\x01\x03\x00\x00\x00\x88\x00C\x00a\x00r\x00\
i\x00c\x00a\x00 \x00a\x00u\x00t\x00o\x00\
m\x00a\x00t\x00i\x00c\x00a\x00m\x00e\x00\
n\x00t\x00e\x00 \x00i\x00l\x00 \x00d\x00\
a\x00t\x00a\x00b\x00a\x00s\x00e\x00 \x00\
S\x00i\x00g\x00I\x00D\x00 \x00a\x00l\x00\
l\x00'\x00a\x00v\x00v\x00i\x00o\x00 \x00\
(\x00u\x00l\x00t\x00i\x00m\x00a\x00 \x00\
v\x00e\x00r\x00s\x00i\x00o\x00n\x00e\x00\
)\x08\x00\x00\x00\x00\x06\x00\x00\x004Auto-\
load SigID datab\
ase on startup (\
latest version)\x07\
\x00\x00\x00\x0bPreferences\x01\
\x03\x00\x00\x00\x1a\x00S\x00c\x00a\x00l\x00a\x00\
t\x00u\x00r\x00a\x00 \x00D\x00P\x00I\x08\
\x00\x00\x00\x00\x06\x00\x00\x00\x0bDPI Sca\
ling\x07\x00\x00\x00\x0bPrefere\
nces\x01\x03\x00\x00\x00\x0e\x00I\x00n\x00g\
\x00l\x00e\x00s\x00e\x08\x00\x00\x00\x00\x06\x00\x00\
\x00\x07English\x07\x00\x00\x00\x0bPr\
eferences\x01\x03\x00\x00\x00\x10\x00\
I\x00t\x00a\x00l\x00i\x00a\x00n\x00o\x08\
\x00\x00\x00\x00\x06\x00\x00\x00\x07Italian\
\x07\x00\x00\x00\x0bPreferences\
\x01\x03\x00\x00\x00\x0c\x00L\x00i\x00n\x00g\x00u\
\x00a\x08\x00\x00\x00\x00\x06\x00\x00\x00\x08Lang\
uage\x07\x00\x00\x00\x0bPrefere\
nces\x01\x03\x00\x00\x00 \x00A\x00c\x00c\
\x00e\x00n\x00t\x00o\x00 \x00M\x00a\x00t\
\x00e\x00r\x00i\x00a\x00l\x08\x00\x00\x00\x00\x06\
\x00\x00\x00\x0fMaterial Acc\
ent\x07\x00\x00\x00\x0bPreferen\
ces\x01\x03\x00\x00\x00\x1a\x00T\x00e\x00m\x00\
a\x00 \x00M\x00a\x00t\x00e\x00r\x00i\x00\
a\x00l\x08\x00\x00\x00\x00\x06\x00\x00\x00\x0eMat\
erial Theme\x07\x00\x00\x00\x0b\
Preferences\x01\x03\x00\x00\x00\
&\x00P\x00r\x00e\x00f\x00e\x00r\x00e\x00\
n\x00z\x00e\x00 \x00s\x00a\x00l\x00v\x00\
a\x00t\x00e\x00!\x08\x00\x00\x00\x00\x06\x00\x00\x00\
\x12Preferences sav\
ed!\x07\x00\x00\x00\x0bPreferen\
ces\x01\x03\x00\x00\x00\x0a\x00S\x00a\x00l\x00\
v\x00a\x08\x00\x00\x00\x00\x06\x00\x00\x00\x04Sav\
e\x07\x00\x00\x00\x0bPreference\
s\x01\x03\x00\x00\x00\xf6\x00L\x00e\x00 \x00p\x00\
r\x00e\x00f\x00e\x00r\x00e\x00n\x00z\x00\
e\x00 \x00u\x00t\x00e\x00n\x00t\x00e\x00\
 \x00s\x00o\x00n\x00o\x00 \x00s\x00t\x00\
a\x00t\x00e\x00 \x00s\x00a\x00l\x00v\x00\
a\x00t\x00e\x00 \x00c\x00o\x00n\x00 \x00\
s\x00u\x00c\x00c\x00e\x00s\x00s\x00o\x00\
!\x00 \x00\xc8\x00 \x00n\x00e\x00c\x00e\x00\
s\x00s\x00a\x00r\x00i\x00o\x00 \x00r\x00\
i\x00a\x00v\x00v\x00i\x00a\x00r\x00e\x00\
 \x00A\x00r\x00t\x00e\x00m\x00i\x00s\x00\
 \x00a\x00f\x00f\x00i\x00n\x00c\x00h\x00\
\xe9\x00 \x00l\x00e\x00 \x00m\x00o\x00d\x00\
i\x00f\x00i\x00c\x00h\x00e\x00 \x00a\x00\
b\x00b\x00i\x00a\x00n\x00o\x00 \x00e\x00\
f\x00f\x00e\x00t\x00t\x00o\x00.\x08\x00\x00\
\x00\x00\x06\x00\x00\x00iUser pref\
erences have bee\
n saved successf\
ully! An Artemis\
 restart is requ\
ired for changes\
 to take effect.\
\x07\x00\x00\x00\x0bPreferences\
\x01\x03\x00\x00\x00\x16\x00S\x00e\x00i\x00 \x00s\
\x00i\x00c\x00u\x00r\x00o\x00?\x08\x00\x00\x00\
\x00\x06\x00\x00\x00\x0dAre you su\
re?\x07\x00\x00\x00\x0cSignalEd\
itor\x01\x03\x00\x00\x00\x0e\x00E\x00l\x00i\
\x00m\x00i\x00n\x00a\x08\x00\x00\x00\x00\x06\x00\x00\
\x00\x06Delete\x07\x00\x00\x00\x0cSig\
nalEditor\x01\x03\x00\x00\x00\x16\x00\
D\x00e\x00s\x00c\x00r\x00i\x00z\x00i\x00\
o\x00n\x00e\x08\x00\x00\x00\x00\x06\x00\x00\x00\x0bD\
escription\x07\x00\x00\x00\x0cS\
ignalEditor\x01\x03\x00\x00\x00\
\x12\x00F\x00r\x00e\x00q\x00u\x00e\x00n\x00\
z\x00a\x08\x00\x00\x00\x00\x06\x00\x00\x00\x09Fre\
quency\x07\x00\x00\x00\x0cSigna\
lEditor\x01\x03\x00\x00\x00\x0a\x00S\x00\
a\x00l\x00v\x00a\x08\x00\x00\x00\x00\x06\x00\x00\x00\
\x04Save\x07\x00\x00\x00\x0cSignal\
Editor\x01\x03\x00\x00\x00\x06\x00A\x00C\
\x00F\x08\x00\x00\x00\x00\x06\x00\x00\x00\x03ACF\x07\
\x00\x00\x00\x0aSignalPage\x01\x03\
\x00\x00\x00\x0a\x00B\x00A\x00N\x00D\x00A\x08\x00\
\x00\x00\x00\x06\x00\x00\x00\x09BANDWIDT\
H\x07\x00\x00\x00\x0aSignalPage\
\x01\x03\x00\x00\x00$\x00L\x00A\x00R\x00G\x00H\
\x00E\x00Z\x00Z\x00A\x00 \x00D\x00I\x00 \
\x00B\x00A\x00N\x00D\x00A\x08\x00\x00\x00\x00\x06\
\x00\x00\x00\x0fBANDWIDTH RA\
NGE\x07\x00\x00\x00\x0aSignalPa\
ge\x01\x03\x00\x00\x00\x16\x00D\x00e\x00s\x00c\
\x00r\x00i\x00z\x00i\x00o\x00n\x00e\x08\x00\
\x00\x00\x00\x06\x00\x00\x00\x0bDescript\
ion\x07\x00\x00\x00\x0aSignalPa\
ge\x01\x03\x00\x00\x00\x12\x00F\x00R\x00E\x00Q\
\x00U\x00E\x00N\x00Z\x00A\x08\x00\x00\x00\x00\x06\
\x00\x00\x00\x09FREQUENCY\x07\x00\x00\
\x00\x0aSignalPage\x01\x03\x00\x00\
\x00\x12\x00F\x00R\x00E\x00Q\x00U\x00E\x00N\
\x00Z\x00A\x08\x00\x00\x00\x00\x06\x00\x00\x00\x0fFR\
EQUENCY RANGE\x07\x00\x00\
\x00\x0aSignalPage\x01\x03\x00\x00\
\x00\x12\x00P\x00O\x00S\x00I\x00Z\x00I\x00O\
\x00N\x00E\x08\x00\x00\x00\x00\x06\x00\x00\x00\x08LO\
CATION\x07\x00\x00\x00\x0aSigna\
lPage\x01\x03\x00\x00\x00\x08\x00M\x00O\x00\
D\x00O\x08\x00\x00\x00\x00\x06\x00\x00\x00\x04MOD\
E\x07\x00\x00\x00\x0aSignalPage\
\x01\x03\x00\x00\x00\x16\x00M\x00O\x00D\x00U\x00L\
\x00A\x00Z\x00I\x00O\x00N\x00E\x08\x00\x00\x00\
\x00\x06\x00\x00\x00\x0aMODULATION\
\x07\x00\x00\x00\x0aSignalPage\x01\
\x03\x00\x00\x00\x1c\x00A\x00p\x00r\x00i\x00 \x00\
D\x00o\x00c\x00u\x00m\x00e\x00n\x00t\x00\
i\x08\x00\x00\x00\x00\x06\x00\x00\x00\x0eOpen \
Documents\x07\x00\x00\x00\x0aSi\
gnalPage\x01\x03\x00\x00\x00b\x00S\
\x00e\x00g\x00n\x00a\x00l\x00e\x00 \x00i\
\x00n\x00t\x00r\x00o\x00d\x00o\x00t\x00t\
\x00o\x00 \x00n\x00e\x00l\x00l\x00a\x00 \
\x00v\x00e\x00r\x00s\x00i\x00o\x00n\x00e\
\x00 \x00d\x00e\x00l\x00 \x00d\x00a\x00t\
\x00a\x00b\x00a\x00s\x00e\x00 \x00%\x001\
\x08\x00\x00\x00\x00\x06\x00\x00\x00(Signal\
 introduced in d\
atabase version \
%1\x07\x00\x00\x00\x0aSignalPag\
e\x01\x03\x00\x00\x00>\x00A\x00r\x00t\x00e\x00\
m\x00i\x00s\x00 \x00-\x00 \x00M\x00e\x00\
t\x00e\x00o\x00r\x00o\x00l\x00o\x00g\x00\
i\x00a\x00 \x00S\x00p\x00a\x00z\x00i\x00\
a\x00l\x00e\x08\x00\x00\x00\x00\x06\x00\x00\x00\x17A\
rtemis - Space W\
eather\x07\x00\x00\x00\x0cSpace\
Weather\x01\x03\x00\x00\x00\x0c\x00A\x00\
u\x00r\x00o\x00r\x00a\x08\x00\x00\x00\x00\x06\x00\
\x00\x00\x06Aurora\x07\x00\x00\x00\x0cSp\
aceWeather\x01\x03\x00\x00\x00\x0e\
\x00A\x00t\x00t\x00u\x00a\x00l\x00e\x08\x00\
\x00\x00\x00\x06\x00\x00\x00\x07Current\x07\
\x00\x00\x00\x0cSpaceWeather\
\x01\x03\x00\x00\x00\x08\x00D\x00R\x00A\x00P\x08\x00\
\x00\x00\x00\x06\x00\x00\x00\x04DRAP\x07\x00\x00\x00\
\x0cSpaceWeather\x01\x03\x00\
\x00\x00\x14\x00P\x00r\x00e\x00v\x00i\x00s\x00\
i\x00o\x00n\x00i\x08\x00\x00\x00\x00\x06\x00\x00\x00\
\x09Forecasts\x07\x00\x00\x00\x0cS\
paceWeather\x01\x03\x00\x00\x00\
\x06\x00S\x00S\x00A\x08\x00\x00\x00\x00\x06\x00\x00\x00\
\x03SSA\x07\x00\x00\x00\x0cSpaceWe\
ather\x01\x03\x00\x00\x00\x1e\x00I\x00m\x00\
m\x00a\x00g\x00i\x00n\x00i\x00 \x00S\x00\
o\x00l\x00a\x00r\x00i\x08\x00\x00\x00\x00\x06\x00\
\x00\x00\x0bSun Imagers\x07\x00\
\x00\x00\x0cSpaceWeather\x01\
\x03\x00\x00\x00\x22\x00M\x00a\x00s\x00s\x00i\x00\
m\x00i\x00 \x00d\x00e\x00l\x00l\x00e\x00\
 \x002\x004\x00h\x08\x00\x00\x00\x00\x06\x00\x00\x00\
\x0c24h Maximums\x07\x00\x00\
\x00\x17SpaceWeatherCu\
rrentPage\x01\x03\x00\x00\x00\x12\x00\
I\x00n\x00d\x00i\x00c\x00e\x00 \x00A\x00\
:\x08\x00\x00\x00\x00\x06\x00\x00\x00\x08A Ind\
ex:\x07\x00\x00\x00\x17SpaceWea\
therCurrentPage\x01\
\x03\x00\x00\x00\x1a\x00A\x00u\x00r\x00o\x00r\x00\
a\x00 \x00S\x00p\x00o\x00t\x00s\x00:\x08\
\x00\x00\x00\x00\x06\x00\x00\x00\x0dAurora \
Spots:\x07\x00\x00\x00\x17Space\
WeatherCurrentPa\
ge\x01\x03\x00\x00\x00*\x00C\x00l\x00i\x00c\
\x00c\x00a\x00 \x00p\x00e\x00r\x00 \x00i\
\x00 \x00d\x00e\x00t\x00t\x00a\x00g\x00l\
\x00i\x08\x00\x00\x00\x00\x06\x00\x00\x00\x11Clic\
k for details\x07\x00\x00\
\x00\x17SpaceWeatherCu\
rrentPage\x01\x03\x00\x00\x00\x0e\x00\
A\x00t\x00t\x00u\x00a\x00l\x00e\x08\x00\x00\
\x00\x00\x06\x00\x00\x00\x07Current\x07\x00\
\x00\x00\x17SpaceWeatherC\
urrentPage\x01\x03\x00\x00\x002\
\x00C\x00l\x00a\x00s\x00s\x00e\x00 \x00d\
\x00i\x00 \x00F\x00l\x00u\x00s\x00s\x00o\
\x00 \x00A\x00t\x00t\x00u\x00a\x00l\x00e\
\x00:\x08\x00\x00\x00\x00\x06\x00\x00\x00\x13Curr\
ent Flux Class:\x07\
\x00\x00\x00\x17SpaceWeather\
CurrentPage\x01\x03\x00\x00\x00\
\x22\x00T\x00e\x00r\x00r\x00a\x00-\x00L\x00\
u\x00n\x00a\x00-\x00T\x00e\x00r\x00r\x00\
a\x00:\x08\x00\x00\x00\x00\x06\x00\x00\x00\x11Ear\
th-Moon-Earth:\x07\x00\
\x00\x00\x17SpaceWeatherC\
urrentPage\x01\x03\x00\x00\x00&\
\x00R\x00u\x00m\x00o\x00r\x00e\x00 \x00H\
\x00F\x00 \x00P\x00r\x00e\x00v\x00i\x00s\
\x00t\x00o\x00:\x08\x00\x00\x00\x00\x06\x00\x00\x00\x12\
Expected HF Nois\
e:\x07\x00\x00\x00\x17SpaceWeat\
herCurrentPage\x01\x03\
\x00\x00\x00*\x00T\x00e\x00m\x00p\x00e\x00s\
\x00t\x00a\x00 \x00G\x00e\x00o\x00m\x00a\
\x00g\x00n\x00e\x00t\x00i\x00c\x00a\x08\x00\
\x00\x00\x00\x06\x00\x00\x00\x11Geomagne\
tic Storm\x07\x00\x00\x00\x17Sp\
aceWeatherCurren\
tPage\x01\x03\x00\x00\x00\x14\x00I\x00n\x00\
d\x00i\x00c\x00e\x00 \x00K\x00p\x00:\x08\
\x00\x00\x00\x00\x06\x00\x00\x00\x09Kp Inde\
x:\x07\x00\x00\x00\x17SpaceWeat\
herCurrentPage\x01\x03\
\x00\x00\x00J\x00F\x00r\x00e\x00q\x00u\x00e\
\x00n\x00z\x00a\x00 \x00M\x00a\x00s\x00s\
\x00i\x00m\x00a\x00 \x00U\x00t\x00i\x00l\
\x00i\x00z\x00z\x00a\x00b\x00i\x00l\x00e\
\x00 \x00(\x00M\x00H\x00z\x00)\x00:\x08\x00\
\x00\x00\x00\x06\x00\x00\x00\x1fMaximum \
Usable Frequency\
 (MHz):\x07\x00\x00\x00\x17Spac\
eWeatherCurrentP\
age\x01\x03\x00\x00\x00\x1e\x00M\x00e\x00t\x00\
e\x00o\x00r\x00 \x00S\x00c\x00a\x00t\x00\
t\x00e\x00r\x00:\x08\x00\x00\x00\x00\x06\x00\x00\x00\
\x0fMeteor Scatter:\
\x07\x00\x00\x00\x17SpaceWeathe\
rCurrentPage\x01\x03\x00\x00\
\x002\x00S\x00C\x00A\x00L\x00A\x00 \x00M\
\x00E\x00T\x00E\x00O\x00 \x00S\x00P\x00A\
\x00Z\x00I\x00A\x00L\x00E\x00 \x00N\x00O\
\x00A\x00A\x08\x00\x00\x00\x00\x06\x00\x00\x00\x18NO\
AA SPACE WEATHER\
 SCALE\x07\x00\x00\x00\x17Space\
WeatherCurrentPa\
ge\x01\x03\x00\x00\x00<\x00C\x00l\x00a\x00s\
\x00s\x00e\x00 \x00d\x00i\x00 \x00F\x00l\
\x00u\x00s\x00s\x00o\x00 \x00d\x00i\x00 \
\x00P\x00i\x00c\x00c\x00o\x00 \x002\x004\
\x00h\x00:\x08\x00\x00\x00\x00\x06\x00\x00\x00\x14Pe\
ak 24h Flux Clas\
s:\x07\x00\x00\x00\x17SpaceWeat\
herCurrentPage\x01\x03\
\x00\x00\x00:\x00C\x00l\x00a\x00s\x00s\x00e\
\x00 \x00d\x00i\x00 \x00F\x00l\x00u\x00s\
\x00s\x00o\x00 \x00d\x00i\x00 \x00P\x00i\
\x00c\x00c\x00o\x00 \x003\x00h\x00:\x08\x00\
\x00\x00\x00\x06\x00\x00\x00\x13Peak 3h \
Flux Class:\x07\x00\x00\x00\x17\
SpaceWeatherCurr\
entPage\x01\x03\x00\x00\x00\x1e\x00P\x00\
R\x00O\x00P\x00A\x00G\x00A\x00Z\x00I\x00\
O\x00N\x00E\x00 \x00R\x00F\x08\x00\x00\x00\x00\
\x06\x00\x00\x00\x0eRF PROPAGAT\
ION\x07\x00\x00\x00\x17SpaceWea\
therCurrentPage\x01\
\x03\x00\x00\x00\x1c\x00B\x00l\x00a\x00c\x00k\x00\
o\x00u\x00t\x00 \x00R\x00a\x00d\x00i\x00\
o\x08\x00\x00\x00\x00\x06\x00\x00\x00\x0eRadio\
 Blackout\x07\x00\x00\x00\x17Sp\
aceWeatherCurren\
tPage\x01\x03\x00\x00\x00:\x00T\x00e\x00\
m\x00p\x00e\x00s\x00t\x00e\x00 \x00d\x00\
i\x00 \x00R\x00a\x00d\x00i\x00a\x00z\x00\
i\x00o\x00n\x00e\x00 \x00S\x00o\x00l\x00\
a\x00r\x00e\x08\x00\x00\x00\x00\x06\x00\x00\x00\x16S\
olar Radiation S\
torms\x07\x00\x00\x00\x17SpaceW\
eatherCurrentPag\
e\x01\x03\x00\x00\x00,\x00S\x00p\x00o\x00r\x00\
a\x00d\x00i\x00c\x00-\x00E\x00 \x00E\x00\
U\x00 \x001\x004\x004\x00 \x00M\x00H\x00\
z\x00:\x08\x00\x00\x00\x00\x06\x00\x00\x00\x16Spo\
radic-E EU 144 M\
Hz:\x07\x00\x00\x00\x17SpaceWea\
therCurrentPage\x01\
\x03\x00\x00\x00*\x00S\x00p\x00o\x00r\x00a\x00\
d\x00i\x00c\x00-\x00E\x00 \x00E\x00U\x00\
 \x005\x000\x00 \x00M\x00H\x00z\x00:\x08\
\x00\x00\x00\x00\x06\x00\x00\x00\x15Sporadi\
c-E EU 50 MHz:\x07\x00\
\x00\x00\x17SpaceWeatherC\
urrentPage\x01\x03\x00\x00\x00*\
\x00S\x00p\x00o\x00r\x00a\x00d\x00i\x00c\
\x00-\x00E\x00 \x00E\x00U\x00 \x007\x000\
\x00 \x00M\x00H\x00z\x00:\x08\x00\x00\x00\x00\x06\
\x00\x00\x00\x15Sporadic-E E\
U 70 MHz:\x07\x00\x00\x00\x17Sp\
aceWeatherCurren\
tPage\x01\x03\x00\x00\x002\x00A\x00T\x00\
T\x00I\x00V\x00I\x00T\x00\xc0\x00 \x00S\x00\
O\x00L\x00A\x00R\x00E\x00 \x00A\x00 \x00\
R\x00A\x00G\x00G\x00I\x00 \x00X\x08\x00\x00\
\x00\x00\x06\x00\x00\x00\x14X-RAY SOL\
AR ACTIVITY\x07\x00\x00\x00\x17\
SpaceWeatherCurr\
entPage\x01\x03\x00\x00\x00\x1a\x00S\x00\
T\x00A\x00T\x00O\x00 \x00P\x00R\x00O\x00\
T\x00O\x00N\x00I\x08\x00\x00\x00\x00\x06\x00\x00\x00\
\x0dPROTON STATUS\x07\x00\
\x00\x00\x14SpaceWeatherD\
RAPPage\x01\x03\x00\x00\x00$\x00T\x00\
E\x00M\x00P\x00O\x00 \x00D\x00I\x00 \x00\
R\x00E\x00C\x00U\x00P\x00E\x00R\x00O\x00\
:\x08\x00\x00\x00\x00\x06\x00\x00\x00\x0eRECOV\
ERY TIME:\x07\x00\x00\x00\x14Sp\
aceWeatherDRAPPa\
ge\x01\x03\x00\x00\x00\x1a\x00S\x00T\x00A\x00T\
\x00O\x00 \x00R\x00A\x00G\x00G\x00I\x00 \
\x00X\x08\x00\x00\x00\x00\x06\x00\x00\x00\x0cX-RA\
Y STATUS\x07\x00\x00\x00\x14Spa\
ceWeatherDRAPPag\
e\x01\x03\x00\x00\x00(\x00I\x00N\x00D\x00I\x00\
C\x00E\x00 \x00K\x00p\x00 \x00A\x00 \x00\
3\x00 \x00G\x00I\x00O\x00R\x00N\x00I\x08\
\x00\x00\x00\x00\x06\x00\x00\x00\x0e3-DAY K\
p INDEX\x07\x00\x00\x00\x18Spac\
eWeatherForecast\
Page\x01\x03\x00\x00\x00\x0c\x00A\x00t\x00t\
\x00i\x00v\x00o\x08\x00\x00\x00\x00\x06\x00\x00\x00\x06\
Active\x07\x00\x00\x00\x18Space\
WeatherForecastP\
age\x01\x03\x00\x00\x00.\x00B\x00r\x00i\x00\
l\x00l\x00a\x00m\x00e\x00n\x00t\x00o\x00\
 \x00d\x00i\x00 \x00c\x00l\x00a\x00s\x00\
s\x00e\x00 \x00M\x08\x00\x00\x00\x00\x06\x00\x00\x00\
\x0dClass M flare\x07\x00\
\x00\x00\x18SpaceWeatherF\
orecastPage\x01\x03\x00\x00\x00\
.\x00B\x00r\x00i\x00l\x00l\x00a\x00m\x00\
e\x00n\x00t\x00o\x00 \x00d\x00i\x00 \x00\
c\x00l\x00a\x00s\x00s\x00e\x00 \x00X\x08\
\x00\x00\x00\x00\x06\x00\x00\x00\x0dClass X\
 flare\x07\x00\x00\x00\x18Space\
WeatherForecastP\
age\x01\x03\x00\x00\x00\x10\x00G\x00i\x00o\x00\
r\x00n\x00o\x00 \x001\x08\x00\x00\x00\x00\x06\x00\
\x00\x00\x05Day 1\x07\x00\x00\x00\x18Spa\
ceWeatherForecas\
tPage\x01\x03\x00\x00\x00\x10\x00G\x00i\x00\
o\x00r\x00n\x00o\x00 \x002\x08\x00\x00\x00\x00\
\x06\x00\x00\x00\x05Day 2\x07\x00\x00\x00\x18S\
paceWeatherForec\
astPage\x01\x03\x00\x00\x00\x10\x00G\x00\
i\x00o\x00r\x00n\x00o\x00 \x003\x08\x00\x00\
\x00\x00\x06\x00\x00\x00\x05Day 3\x07\x00\x00\x00\
\x18SpaceWeatherFor\
ecastPage\x01\x03\x00\x00\x000\x00\
P\x00R\x00O\x00B\x00A\x00B\x00I\x00L\x00\
I\x00T\x00\xc0\x00 \x00D\x00E\x00G\x00L\x00\
I\x00 \x00E\x00V\x00E\x00N\x00T\x00I\x08\
\x00\x00\x00\x00\x06\x00\x00\x00\x12EVENTS \
PROBABILITY\x07\x00\x00\x00\x18\
SpaceWeatherFore\
castPage\x01\x03\x00\x00\x00(\x00R\
\x00I\x00E\x00P\x00I\x00L\x00O\x00G\x00O\
\x00 \x00P\x00R\x00E\x00V\x00I\x00S\x00I\
\x00O\x00N\x00I\x08\x00\x00\x00\x00\x06\x00\x00\x00\x10\
FORECAST SUMMARY\
\x07\x00\x00\x00\x18SpaceWeathe\
rForecastPage\x01\x03\x00\
\x00\x00*\x00A\x00t\x00t\x00i\x00v\x00i\x00\
t\x00\xe0\x00 \x00G\x00e\x00o\x00m\x00a\x00\
g\x00n\x00e\x00t\x00i\x00c\x00a\x08\x00\x00\
\x00\x00\x06\x00\x00\x00\x14Geomagnet\
ic Activity\x07\x00\x00\x00\x18\
SpaceWeatherFore\
castPage\x01\x03\x00\x00\x00\x10\x00M\
\x00a\x00g\x00g\x00i\x00o\x00r\x00e\x08\x00\
\x00\x00\x00\x06\x00\x00\x00\x05Major\x07\x00\x00\
\x00\x18SpaceWeatherFo\
recastPage\x01\x03\x00\x00\x00\x0c\
\x00M\x00i\x00n\x00o\x00r\x00e\x08\x00\x00\x00\
\x00\x06\x00\x00\x00\x05Minor\x07\x00\x00\x00\x18\
SpaceWeatherFore\
castPage\x01\x03\x00\x00\x00*\x00B\
\x00r\x00i\x00l\x00l\x00a\x00m\x00e\x00n\
\x00t\x00o\x00 \x00p\x00r\x00o\x00t\x00o\
\x00n\x00i\x00c\x00o\x08\x00\x00\x00\x00\x06\x00\x00\
\x00\x0cProton flare\x07\x00\
\x00\x00\x18SpaceWeatherF\
orecastPage\x01\x03\x00\x00\x00\
\x0e\x00R\x001\x00 \x00-\x00 \x00R\x002\x08\
\x00\x00\x00\x00\x06\x00\x00\x00\x07R1 - R2\
\x07\x00\x00\x00\x18SpaceWeathe\
rForecastPage\x01\x03\x00\
\x00\x00\x1c\x00R\x003\x00 \x00o\x00 \x00s\x00\
u\x00p\x00e\x00r\x00i\x00o\x00r\x00e\x08\
\x00\x00\x00\x00\x06\x00\x00\x00\x0dR3 or g\
reater\x07\x00\x00\x00\x18Space\
WeatherForecastP\
age\x01\x03\x00\x00\x00\x1c\x00B\x00l\x00a\x00\
c\x00k\x00o\x00u\x00t\x00 \x00R\x00a\x00\
d\x00i\x00o\x08\x00\x00\x00\x00\x06\x00\x00\x00\x0eR\
adio Blackout\x07\x00\x00\
\x00\x18SpaceWeatherFo\
recastPage\x01\x03\x00\x00\x00\x1c\
\x00B\x00l\x00a\x00c\x00k\x00o\x00u\x00t\
\x00 \x00R\x00a\x00d\x00i\x00o\x08\x00\x00\x00\
\x00\x06\x00\x00\x00\x0fRadio Blac\
kouts\x07\x00\x00\x00\x18SpaceW\
eatherForecastPa\
ge\x01\x03\x00\x00\x00\x1c\x00S\x001\x00 \x00o\
\x00 \x00s\x00u\x00p\x00e\x00r\x00i\x00o\
\x00r\x00e\x08\x00\x00\x00\x00\x06\x00\x00\x00\x0dS1\
 or greater\x07\x00\x00\x00\x18\
SpaceWeatherFore\
castPage\x01\x03\x00\x00\x00$\x00B\
\x00r\x00i\x00l\x00l\x00a\x00m\x00e\x00n\
\x00t\x00i\x00 \x00S\x00o\x00l\x00a\x00r\
\x00i\x08\x00\x00\x00\x00\x06\x00\x00\x00\x0cSola\
r Flares\x07\x00\x00\x00\x18Spa\
ceWeatherForecas\
tPage\x01\x03\x00\x00\x00:\x00T\x00e\x00\
m\x00p\x00e\x00s\x00t\x00a\x00 \x00d\x00\
i\x00 \x00R\x00a\x00d\x00i\x00a\x00z\x00\
i\x00o\x00n\x00e\x00 \x00S\x00o\x00l\x00\
a\x00r\x00e\x08\x00\x00\x00\x00\x06\x00\x00\x00\x15S\
olar Radiation S\
torm\x07\x00\x00\x00\x18SpaceWe\
atherForecastPag\
e\x01\x03\x00\x00\x00:\x00T\x00e\x00m\x00p\x00\
e\x00s\x00t\x00e\x00 \x00d\x00i\x00 \x00\
R\x00a\x00d\x00i\x00a\x00z\x00i\x00o\x00\
n\x00e\x00 \x00S\x00o\x00l\x00a\x00r\x00\
e\x08\x00\x00\x00\x00\x06\x00\x00\x00\x16Solar\
 Radiation Storm\
s\x07\x00\x00\x00\x18SpaceWeath\
erForecastPage\x01\x03\
\x00\x00\x00\x12\x00O\x00r\x00a\x00 \x00(\x00U\
\x00T\x00C\x00)\x08\x00\x00\x00\x00\x06\x00\x00\x00\x0a\
Time (UTC)\x07\x00\x00\x00\x18S\
paceWeatherForec\
astPage\x01\x88\x00\x00\x00\x02\x01\x01\
\x00\x00\x05\x5c\
\x00\
\x00\x18\xc0x\xda\xedX[o\xdb6\x14~\x0f\x90\xff\
@\xf8%6\x9a)i\xd1\xbex\xcb\x0a\xd7\xed\xd0\x00\
I\x96&^\x8b\x22\x08\x06\x9a\xa2e\xa2\x14\xa9\x92T\
\x1c\xaf\xf5\x7f\xdf\xa1(Y7\xcaN\xd2\x00\xcb\x86\x11\
\x01\x22\x92\x1fyn\xdf9$\xcd\xe2D*\x83>\x98\
\x0f)#_vwX\xad\x1f|b\x22\x94\x8b\xd6\xf0\
X\x0a\xa3$\xd7\x9d\x13\xc1)6T1\xcc[\x88\x13\
\xbc\x94\xa9\x81\x95\xeb\x99\xbd\xe0\x80H\xf8\x14T\x18\xbd\
\x87\xb0F\x7f\x1c\x8f\xd7\x03\x16\xb8\xbb\xe3\xf4@\xdfv\
w\x104\x16\x0e\xd1\x22\x1b\x19\x83\x98H\xaa\xe5\xbb\x90\
\x19\xa9\xdc\xaca\x86\xd3!\xda\x1b)Cc\xa6\xd1O\
\xa8@\xa1S,pD\xd5\x9e\xdd\xd2B\x17,4\xf3\
!z\xf9\xea\xd0\xf5\xe7\x94Es\x03\x03\x87\x87\x05d\
\xadI \x85\xfd\xe6\xd4P\x10\x9fkb\xdb-:B\
\x97DQ*\x82l?t\x80^\x80\xd0\xf5w\x89\x5c\
\x96H')\x87\x96\x1d\x87]\x15\xc2c\x19b\xce\xcc\
r\x08\xee\x0bFI\xc2\x19\xc1\x86Iqj\xc7\x1dd\
\xc6q\xa4\xb3\xf9\x22Vn<Q2\xa1\xca,\xd1\x0d\
V\x88\xa4J\x81\x09\x97\x94S\x02\xea\x1f\x83c\x86H\
\xa4\x9c\x17h\xcd\x22\x819\xd2\xf8\x86\x9ec\x85\xe3\xbe\
]\x15b\x83\xf7\xd1TJ\x8e\x98>\xa3\x8bA\x0d\x1b\
R\xeb\x0a\x87f\xc2 \xc2\xa7\xc7\xe1\xa0\xd8p\x96\x0a\
b5E\x5c\xe2\xf0\x84i\xd3\x0f\x191\x83\xaa\xdf\x08\
\xa7X\x8d8\xef\xaf\x17\xd9f\x05\xc78Ih\xb6\x0a\
\x1cvu]N\xce\xa4B\x99j\x0c&\x0e\x7f\x86\x7f\
\xbf \xbbo\xc0\xa9\x88\xcc\x1c\x06\x9e=\xab\xc9\xc8\x9c\
\xb8\xde-HR=\xef7\xa6\x9d*\xd3?-\xa9\xec\
^W\xec:p\xfd\xfd6P\xe0\x98\x96\xb0\x1b\xccS\
\x8a^7\xfaC\xd4\xeby\x96\x86T\x13\xc5\x12\xeb\x14\
\x8b\xa8\x03V\x83\xb2\xbf*?+\xceJ\xb5\x91qA\
dg\x8cLR\x0e\x03\x99wK#\x07\x0d\x0e\xad#\
Q\xfa\xbb\x16\x8565\xc0\xb7\x8e\x1b\x1b\x84g\x9be\
\x92\x9b\xf2\xdeB\xd6\xcb\xe8\x94j\x0d\xa9V\x95\xe4\x1c\
l'\xdff\xd4\x81Z1c*\xce\x08]\xa22\xca\
\x0f\x91Q)-\x07\xf3\x94\xfe\xaa'\xaa\xdf\x1b)\x8a\
\xa0\x86 \x9d*\xfa\xbaWq\x5c\xecd\x16\xb8\xcf\x80\
\xc1\x80\xc5S(8\xc8\xc8\x9c\xb1\xc8\xcc)\xd2\xb9\xb9\
\x88\x14\xa5\xc1\xe0(@\x13\x98\x82\xc4!\xb0\x11\xcc\x08\
!\x0d\x9aR\x94B^\x09\x1axDM\x96\x09\x88\xeb\
-\xb0\x12\x95\x80j\x83E\x88U\xf8&5F\x0aH\
N\xe7\x92`\x8c\x05\xa1\x1c}/\xfa\x9f\xa9\xae2_\
\x8a\x11!4i\x96\x97\xccu3\xd4\xf7\x04\xaaEu\
\xc7\xb32/=krn\x0f\x1a\xfck\xd1\xaf\x11O\
\x7f \xa1(\x00+\xaaF\xdc\x0eQ?\xc1Vh^\
\x0c\xf3B8hT\xc2\x12\x96\x17\xbf\xa2\x0a\xe6\xc0-\
\x84 \x5cjz.\xa1\x1e\xc2N\xe7\x90\x08Ip&\
G\xa9\x91c;Q]\xde\x15\x8c\xdf\xbf\x94\x81p\x81\
\xa9\xae\x1aK\x9e\xc6\xc2\x9dUM'\x03x.\x95\x0e\
f\x8c\x83^\xce\x8a:\xe2\x04O!\xce\x9e\xd8\x18z\
k\x0az\xbe\x13pBfd\xb4E\x05\xc9\x99\xfb\xa6\
\x0bK\xc5ao\xd0^\xed\xd4\x09\xa6\x12,\x89O\xb1\
\x8a\x18T\x92\xe7\xaf\xda\xc0\x19\x9c\xc2P\x1e\xa0*_\
\xb2\xbf\x80\xa0\xcf_tF\xdb\xb6\x09h\xf5\x1b\xa3<\
\xf4\xa9l\x83-\xb20\x9f\x81\x9a\x9dJYg|r\
\xa7i=REK8&t.yH\xd5\xa4\xe2\x85\
\x09\x8e\x90\xdd\xb8\xb7\x91\x90wJ\x92\xf2\xf0\xba*\x15\
\x0e\xac\xcb\xaf\xf73\xa5\x1a\x22*\xa0\xac\x9a\xf5\x07\x0f\
K\x82\x0bj\x03\xf8\x7f\x1e\xfcx\x1e\x00\xf7\xb3\x5c\xb0\
\xc7\xbc\x1dxr\x89\xa0\x8aP?\xf5\x5c\xb8\xcf\x81Q\
\xe6M{\xce\xb6+\xff\xb0m5\x7fd\xa9\xb6\xdf\x0d\
\xee>\x8c\xfck\xae;\xf6\x9aa\xae=N\xbd\xfb\x89\
v\xde\xb8\x98\xf8\x89\xfcXIP \x94\xcd\xea5Y\
\x0f\xfd Ng[1\x0d\xdaw\xa0\x8cL\xaa\x90:\
\xe8B.\xfc\xe64X\xfc>\x7f\x0f\xf9i\xdcE\xf7\
6\xb2\xfa\xa0\x0b\xf2w\x99\xbd<~dt\xe1S\xa1\
\xc8\xb7\xf6\xc5\xd3\x8f\xbdk\xe2m4\xcf\x0f\x97\xc2\x12\
\xb5 -\x94k]\xcb\xa7\xa3_\xbb\xf4\xef\xbe\x5cW\
w\xd8\x96[\xae\x5c\x07\xf0=\xe5p]=\xda`X\
y\xf9\xbb\xc7\xa2U\xb7\xddNk\xb8\x9c\x8f\xed\xe9\xe8\
)2\xdb-\xad?#\xeehaG~o1q\xc3\
\xaaU{x\xd5*\x16\x0fK\x90\x07\xf0\xdei\xbe\x89\
\xf5U\x0b\xfd\xa8\xea\xf9\xe9\x1eS\xbec2C\xba\x17\
J\x88EDU\xcf\x8f\xc9\x9d8\xdc\xe4\xc3\xdcf\xcc\
\xe1\xf1\x1f\x839\xee\x17\x09\xdb\xbb\xc8\xae-\xdf\xd7\xfd\
\x8fcjO\xf4\x0e\xf3\x08\x04M\xcbT\x11\xab\xd5W\
E\x86\x07\xf6W\x86\x03\x16CM\xd6\x07vZ\x1f8\
\xfb\x03}\x13u(\x1c2\x0dG(\xdcxFSm\
\x14&&g\x83=L\xdfP\xcdBzL\xba\x5cg\
\xe9\xcc\xc8\x97-t\xeez\xa7\x062\xa1\xa2?\xb8\x0f\
\xcf\xda\x83Yr|\xfb\xb1J\xb6z<\xbaU\xd3p\
;\xdd\xdcmw\x0b\xdd\xec\x83\x98\x89\xe8_\xc27\xe7\
\x80\x7f\x94o\xf7\xb9\xafm\xbe\x80A)\xf4]\xb4\x84\
\xf7\xc2\xba\x81\xb9\xf5LX\xbfq\xfe\x8b\x09\x80\xc3\xf0\
\xae\xec\x1f\x85\xe1\x16\xea\xeb\x94\xd8\x9f\x8fz\xf7\xa5\xf5\
{G\xe3G%6\x18\xf6\x04\xaa\xa8\xfb\x91\xe8\x01\xc4\
\xd9z\x9d\x87\xbf\xbf\x01!>I!\
\x00\x00\x0f\x9a\
\x00\
\x00^\xe3x\xda\xdd\x5c{o\xdc6\x12\xff\xbf@\xbf\
\x03\xbb\x07\xd4\xbb\x07\x9f\xec\xe4j\xa0X#-6v\
\xdc\x18\xb5\xf3\xb0\x9d\x04\x87\xa0\x08\xb8\x12w\x97\x8dV\
\xdc\xea\xe1GS\x03\xf7Y\xee\xa3\xdd'\xb9!\xa9\x07\
I\x91Z\xca\xf6^\xcfg\x14\xcd\x8a\x9a\x19\xcd\xe3G\
r(\x0eE\x97+\x96\xe6\xe8m\xfe\xb6\xa0\xe1\xe7\xaf\
\xbf\xa2\xdau\xf0\x81&\x11\xbbj5\x1f\xb0$OY\
\x9c9o\x04\xa78')\xc5q\x8b\xe2\x04\xdf\xb0\x22\
os\x1e\x021\x9bC{}g+\xd8\x09\x19\xfcL\
H\x92g[\x08g\xe8\xdd\xf1A\xdd\xc0\x09\xbf\xfeJ\
\xea\x87\xbe|\xfd\x15\x82?\x1a\x8d\xd1U\xa91\xbf\xbe\
\xa2Q\xbe\x18\xa3'Ovwe\xc3\x82\xd0\xf9\x22\x1f\
\xa3\xef\xab\x86\x9c\xe61\x19\xa3\xc1$\xcd\xc9\x92f\x03\
\xd9zI3:\xe5\xedyZ\x10\xd9$\xff\xbfd\x11\
\x8ei~3\x06\xb5\x83\xc9j\x15\xd3\x10\xe7\x94%\xa7\
\xbc]\x92\xccb<\xcf\xc4\xfd\xcaw\xb2\xbd\xd6<`\
\x09\xff\x1d\x93\x9c\x80\xba\xa5\xe6\xfc\xef\x1a=C\xe7a\
JH\x12\x08\xc5\xd1\x0ez\x8a\xfe\x86\xea\xdf\x0d\xe5M\
C)-*I\x9b\x0bI{[=|g\x07\x9dN\
\xce~\x1e\xa3s:O0\x8f\x1bo\xcd\xc4\x05\x8a\x19\
\x8ed\xfb\x90&y\xd9z\x1c\x8d4\xa2l\xc1\xae\xde\
\xa4d6l7\x1f>_\xe2\x04\xcfIj\xb9w\x80\
\xf3S\xebM\xb6\x22\x09<\xf4EDs\x96\x0e\xb3<\
\xa5\xc9\x1c\xe57+\xb2\x8d.q\xca\xa9>\xadp\x8a\
\x97\xdbh\xcaX\x8ch\xf6)!Wm\xf9\xe7+\x1c\
\x92\x0f\x04\xe7\x8b\xd6\x13\xc2\x05\x09?\x1f\xb1\xf4\xdd*\
\x02,\x1a7\x0b\xd1x8\xb56\x97`\xb0h|8\
=\xa4)\x09A\xe5\x1b\xe3.h\x07\xd2J;\x12\xbc\
$\xfamr\xcd!\xddP\xac@c\x9dB\x82\xbe\x8b\
\x02\x03\xden\x8eh\x0c\x1dk\xc8}4\x13?\x0fi\
\x98\x8fZq~\x93\x82\xbaiNI\x19\xea\x95\xbc\xbe\
A:\xe3\x18\x0d\xbf\xdc\x8e\x0c\x12\xe1\xf0\xd2\x13\x97\x98\
\xc6Xt\x85\x19\xc0\x86X\x84\x85E\x9a\x02\xaa\xcfI\
\x0c~!%\x90\xc6()\xe2\xb8\xa5\xd5Q\x91\x84\xbc\
\xbb\x94J\xcd\xcaK@`\xf8\xf9\x94$\xc5\x10\xc2\x1c\
M?q@\x92h\x9b\x07\x1dL\xa7\xd1H\xed%<\
\x0c\xe0\x04\xc2\xe9\x03\x92p\xe5\x22\xe8\x0e\xdf\xa8\xac\x0d\
\xb5\xf4\xbb?\xbdt\xb5\x1f\xadt\xa3\xa7\x1e\x80s\xe8\
\x0bd\x0e\xc8\xe9#\xfd\x9c&!yO\xd2\x8c\x0f2\
:_\xe5\x9d\x86\x85\xce\x90\xe6A\xf0\xdb\x94\xe59[\
\x1e'3\xf6\x1c\xa7\xc3\xad\xad\xed-\x0a\xbf\xb7F\xb7\
\xc6\x00Q\x87BgX\x92,\x83\xce\xbb\x8d\xca\x1f\x17\
\xd0A\xb5h4\xe4'xJ\xe2 '\xd79\xe8V\
\x92\xeb\xaa)2\xd0\xb3g\xcf\xd0\xe0\x0a\xa7\x09@}\
\xa0I\xb4I\x0dY\xccR\x10[M*\xb2aX_\
\x9e\x91j\xb4\x12F!\x02P\xed-s\xc6R2O\
Y\x91(\x1eu\xba\x89\xa3\xf0'\x92\x90\x14\xc7r\xe2\
R\xad\xdb\x96\xd3J\xed5\xcd\xbeH\x90\x97\xbc\x81\xe6\
\x13\xd5\xcb.\x06!\x19H\xc5\xbfk\xa4\xda\x02\xa1\x13\
r3\xaa\x81\xccn\xa4\xb4\xee\x90]%\x1cS0<\
\xf5\xb3\xb3a\xf47U\xe1\xe9\xb4\xb6-\xdbm\xb0B\
\xebk\xf3;m.\xe80{\x1b\xe1\x22g\x16\xe35\
\x09\xfe\xf6\xebl\x9d.\xb0>\xc1\xed\x05\x9d\x9ck-\
[\x80\x83_t\x93w\xfbm\xc5VE\x0c\xd4r~\
:\xa1Y\x9e\x0d\x81\x1bkn\xe1\xa3\x00oD\xdf~\
\x8b\xf8\xbfAL\x929$7?\xa0\xdd\xd6\x18P\xd1\
~\xdc\xfd%\x80\xf9A\xa4Y\xa3rT<)\xaf\x83\
\xea\xa9m\xca}\xb7\xb4\xb0\x1c\x87+i\xd5\xb8\xdc\x96\
VSvH\x83\x94\x903)\xda\x9d\xd6-m\x89\x0a\
u\x87\xcc\x8c\x8f\xfa\x9f.\xe5\xb0?\xb2L\x05m\xc1\
:\xcb\xbe\xc7\x10\x96\x15\xd3%\xcde\xbc \xd7Q\xfd\
\xaff\x1aJ\x96\xb1\xef\x12\x95\x92\x8c\xd8%\x19\xf1\x12\
\x84\x17\xec\x90\xccp\x11\xe7CUO#\x16k)\x15\
/\xaf\xa5=J\xc9o\x05IB\x0f\xb1\x93\x83\xa3\xf5\
D\xcfq\x12\x89\xb4|=\xa9\x16\xb5\x0ej\xd5\xe5\x90\
\x929]\x8d\x93\x92j\x02\xd7\x97D\xf7vJ\xf2\x22\
ML\xa7\xd3L\xe5@\x7f\xfc\x81t\xe4\x19\x9e\xf7#\
W\xdc\xdfb\xb0\xd17!\xf0\x22o<\xecE\xce\xa3\
\xe6E\xa8\x85C\xe7p-\x99\x8e\x8eO.^\x9c\x9d\
\xcbVu\x05\x1aH\xee3\x9c\xcc\x89\x9c2\xb4\xb1\x0e\
\x16w\x86\xe9J\x12;\xfd\x15\xb2\xe5W\xb0L\x80\xb5\
\xe7\xac\xba/\x85\xbc\x9e\xfe:h(\xcb\x05\xeao\xd9\
E:\x1c\xc8\x07\xa2\xe9\x0d\xaae\x0eF*\xe2H\x1c\
}\x8ayzSs\xa8t\xca\xf3\x93\xd2r\xbe\x84\xe5\
\xcb\xd0\x0a_\xc3\x98]I\xefo\xc3\x12`%\x7fZ\
\xc7f\xc3\xdd0\xa2\xd7\xac\xe8\x1b\xc8\xee\xf8\x02\x80\xb7\
\xd6R\xea\xd6\x96\xb8&<|\x98\xf9\xd88d\xf0\x0b\
\xccL\x16b\xfe'\x9e\xf6i\x0a\x82\xc7\xcd\x93\xb7\xed\
\xb4B\x87\x92\xb6\xd6\xa7Mz\xab7\xd9\xf3H1=\
\x12\xbezw\xe9lH\xd1/\x8dQ\xd7=N\xdf\x05\
iu\xafq mZ\xdd\xef\x81\xb4Z\xe6\x1a\xa4i\
t\x8f\x05i\xb5C\x1e\x11\xd2\x14\x9d\xff<\xa4\xc1\x80\
\xeb\xc0\x18\x0eg=\xd0\x05r\xd6\xe0\xca\xa0\xa0\xd9\x05\
]B\x96\x09t\xd5\xeb\xb9\xc7\x026\xf0\xcc#\x82\x99\
\xd0vc\x00\xe3\x0b\x84.|U\xc9\x8b\x03dU\x9a\
\xdf\x03i\x95D\x15L>\xc8\xc9\xca\x17[\xefq\x5c\
\x90\xcc\x133:S\xbb\xa5k\xe1c\xc2\xa6\xb2U`\
G\x17\xb3\x7f\x8f\xf86b\xf7\xfbDy\xffA\xc3\x5c\
%\x9d\x8e0W\xeb\xaf\x1ea\xae$>\xba0W\xb6\
>p\x98\x1b\xb1\x7fb\x98\x9b\xc5\x82#\xd0\xcd\xb2\xb8\
G\xa8\x1b\xa9\x8f.\xd8\x8d\xbd\x0f\x1cnU\xf0\x9f\x18\
pu\x99\xe5\x08y\xa6\x90\xf4\x08\xfa\xe1sT\xbe\xe4\
xtA\xd7^\xd1<p\xdc\x0d\xd9\x0f\x15\xfaz\x11\
\x5c\xef\xce\xf2VyqZ\xbem4\x00`\xbeom\
\xee\x8a\xcdSuOU\xe8\x92C\xe6\x82\xd3\xe8y\x91\
\xe7,\xc9\xaa'\x05\x07\x18\x0c\x8a\xd1\x1f\xd5\xf5?\xaa\
\x9d,\x19\xe4I\x18\x92\x95\xd8@5w\xf2j\xdd=\
\xb4\xd4^p\xaeQT\xdf\x1ek\xde\x9d>\xa0)\x16\
D6\xcf\xb1\xc2\xcb\xd8\xaf\xf4F\xd0\xdb\x5c\xbc\xce}\
\x97\xc6/\xae\x01\x04\x09\x8e\xe3\x9b\xe1`\x91\xe7\xabl\
\xbc\xb33\xa7\xf9\xa2\x98\x06![\xeeLR\x92\x01:\
cr\xb3Sm\x91\x8f\xdc\xe0\xba\xed\x1f\x82r'\xe2\
\x8e(y\xfd\xd9\xfaD\xfb\xa3^\xf1-Ze\xbb}\
\x8c\x86+\xcc\xf7.\xcb\xed\xf6r\xab}d\xec\xb57\
d\xe5\xf6z\xb5\xcfn\x10Z\x15\x0fc\x96\x917,\
\xa6!\xc8y\xc3V\xc5*x\xc5&\x10\xd4\x03~\xc3\
\xc7\xc0\x067\x12G\xeaz\xe7\x80\xc5\xc52\x91\x15\x15\
f\x98\x81x\xc1\xd2,\x80Q\x02\xb4\x92\x16\x18\xc3\xc0\
\x0a\x874\x99\x8f\xd1\x93]\xfd\x86\xd8 \xb3\xc1\x86\xef\
\xeeUC\xf2\x8b\x84\x8f\xc8\xf9\x82\x88\xddn\xc4f\xf2\
7\xb9\x12o\xf6\xa78#cu\x84ndse\x03\
\xb9\x1bw\x8a\xd39M\xc6h\xcf2p2p\xf8\x8a\
\xd1$?\xa7\xbf\xc3<\xf0\xe4i\xe7\x90v\x01\x9a\x89\
E\xa1Mm\x0e\x01\xb1?\xcf\xa7\x1e\xa7J\xdcQ\x1f\
d\xc1\x88\x1e\xc3z\x04\x88qH\x16,\x8eHz\xa1\
8\x82\x0b5-m\xf7\x895}]\x96\x0f\xd4J\x8a\
}\xd4\x91\x85D\xdc\x0cc\x82\xd3\xae\x05W=l\xbf\
\x10\xdb\xdf0i\xcav\xbe\x0fn\xef!e}\x82\xb8\
\xe7\x98\x83\xdf\xc0Sa4\x01T\x01r\x11F\x19\x86\
)r&\xdc\x11\x04\x81\xbe\x8a\x8f\x09$g\xc0\xd9<\
08\x07r~\xd9\x90q\xdc\x94\x93\xd0\x18}\x1cL\
`a\xcd934\xfc\xebH]zv\xb8\x8d\x0f\xc9\
\x22\xdb\x91]\xab\xd9\x00+1*\xac\x02\x8c\x1b\x0aZ\
X\xd5\xdd-\xbdx\x80\xbfoH\x03\xe8\xa0i\xde\xe5\
sAfw\xab\xb8\xa5\xdc\xe0=\xe7\x92\x8f\x15{\xbb\
\xea\xbb\xfb\x15\xc1\xb9Vg!\x8d\xbfH\xe9|NR\
\x8b\xf5uQ\x89\x1a\xbd\xa0J*\xb8\xb3\xbbm\x16\x83\
\x93\x17\x8e\x8e\x97\x9e8*\xabX\xfa\xe0\x08<A#\
\x04\xee\x0d\xe6\xbf#\x9c\x86\x0bH\xbd|\x00\xf5\xba,\
\x04\xf9\xef\x00j ]Pb\xa97\x94\xa4_\xee\x03\
%E\xc2\x06\xa0TW\x1f\xa9\x01|H(\x092\xd3\
&]\x88:\xb3\xd5\xd9\x16\x80\x03g\xd5~\xf6Xl\
3\xaf\xf8\xe8+FH\x95\xa3\x9a\xefB\xc2}r\x9c\
\xb4\xe7\xbc\xb2\x1a\xf0\xe9\xae\xe2\xaa\xa6 p\xcdD>\
ca\x91\xf5\x9d\xdd\x95:\x19\x1c~\x96\xc5%ct\
\x06>\xc5\xc9<nef\xa2$\x05\x96F\x7f\xf9\xbb\
\xf83P\x96\xe2\x88r\x15\xbe7\xebZR>\x02\xd7\
\xbc{\xe2o`%\xaa\xea!\xb505\x17\xdc\xaf-\
`D\x8a\xd3\xf5[2\x1b\x18\x0c\xecF\x5c-hN\
\x8c{\xadI\xfd;\xcb\xfd)k^\xed\xda\x12\x1aw\
\x80M\xccM\xa6F^\xc4\x8d\xc1\xbcQ\x1d\xa0\xda\xa3\
\xdd)\xa6\x09\xacz\xcb\xc4\xa0\xc4\xaf\x91\xc1v\xa7W\
1\x99\xe5op\x14\xb5\xd2+\x99\xf7Xoi\x08k\
\x9a\x7f&7Y\x00KdXP\xbd\x81d<\xe3\x9d\
\x17\x08A\x8a,\xb5\xe3K\xf1\x00V\x7f)Y\x82\x0a\
\x07\xb2\x1a\xef8\x89\xc8\xb5\xda\x1dK)\xefVn\x19\
\x11q\xc8P{\x0b\x06\x18\x81\x83HR<\xc7\xa9\x0d\
+9[\xc1\x1d\x03}>\xe07\xf0S\x97e5\xcc\
\x07\xfc\x8e\xf5%\xb7\xde\xc8\x97\xc7s`\xaf\xf5<\x86\
\x85\x8b+/\x5c6$m\x82\xb2\xd8N\xa3\x0a\xf8o\
\xf4c\xab\xa9\xae\xccs\xa5\x8f\x8c\xa7\xdb\xbctX\xe5\
\xac\x98~DO\x82]`\xdd\x0d,\xb9p\x08\xdd\x82\
\x07\x04\x18\xc6\xee\xe4\xbc\xe9\x92\xea\x03\xf2V\xb7U;\
\x9bN\xcb[:\x832l\xf9\x81\xd7\xf15u\x90\xfc\
\xfdH\xab@a\x04\xc6u\x15\xee\xa1qw\x0d\x9e\xfa\
\x07]\x8e\xfe\x0eZ\xe2x\x12\x03r9Z\xc7b\xd8\
\x0a\xc4\xf5\x09t;;\xe3%/\x86\x0d\x1dl\xef\x0f\
\xc4\x90b\xe2\xa8\xfa;\x17;\xbb9\xe87I\xe8\x12\
\xcb2\xb1\xa4\x8a\xa7+\x14\xf5\xe0Y\xc0$\x5c3\xba\
i\xd3\x22I\xc4\x98p\x17\x1f\xbb\xc5\xc6\x8c\xc1\x9a\x1e\
\xd5\x0a\x04\xc7\xc9\x8c&4'.k\xf9\xdf\xabb9\
\x05\xe1\xb5\xb5_\xa0[\x0bl\xee\xa3\xa8\x9036\xcc\
\xa3{\xbb\xfb\x08R9\x9e\x12\xf1\xc2mXm\xc8\x8b\
\xe3\xe4u\x91\xbf-pd.\xd2\xd6?\x02:\x81\xfa\
\x88\xbd]\x9fG\xb8\x1f\xc2\x923\xe9\xd5\x83\x05\xdf\xd0\
l\xa7=\xad\x80\xcd\xd0\xf0\x9b2\x12\xa3nR\x91)\
(\xa1R:iPA\xe3\x197\xc8-\xc6\xe1\x9e\xdb\
\xf5\x1by\xa6\xd1\x02\x18\xb6\x05\xbb\xf1\x12\x95\xd8\x96\xe4\
\x9cY\x0e\x91\xda\x02\xff\x15,\xe5\x0f\xcb\xa5\xfc`\xb4\
\x0f\xce<\x80D\xe73\xd1\xdf\xa7\x94\xd9\xaeMi\x87\
\xdc\x13\x06as\x086\x8e\x13\xb8\xa4\x9e\x13~6 \
g0\x03u?\xb7I\x9c\xab\x12\xf0}M\x97j]\
c\xd7F\xcb\x85\xbd\xecl\xd6|\xf6\xe7U\xebq\xfb\
\xf3\xb4e\x9c|\xde~3\x07\x89l\xfeA<b\x16\
\xa3\x1b:\xc2]t\x81\xe7\x99%6\xeaq\x8e\x8d\xa8\
\xa6V\xf7\xebj\xf1\xe5^\xed8t$\xde;\x18\x1a\
\xb6Nh\xf8\xaahA)?\xeb\x02+\xa5$$6\
?\xc8\x930=\xc4\xbd\xb8\xa6\xb9!\xa7\x5c2\xdd\xb9\
osw5\xc7\x15\xd6\xf4}\x1eT[\xdf\xd7\xfdc\
\x1bK\x1b\x83\xec\xa3U\xf9r\xed\xbcC\x13\xf3\xd5!\
\x1fY$\xfd\xc01\xc8\x1aAm\x0e\x0amI\xbe\xad\
m\xf4\xf1\x97m\x91h\x8d<2B_;x\xc7\xe8\
c\x88\xe8*\xfc\x95\xdc\xce!\xc9\xc2\x94\xae\xcc\xcdH\
\x87M])\x03\xcc@\xd6#5\xa3us\x97\xcbQ\
Vi\xdb2\xe0\xa3\x07\x9a\x9c|z\xfe\x9d\xa1U\xd7\
0\xfa\x05e\x12E\xf6\xf2H?\x80\xd5\xac\x1b\xc2\x18\
\x18\xc4\x8bu\xfcm\xb1\x16\xe0\xf9\xd9R\xb3n\xce\x96\
f\x13\xde\xdf\x22\xfb\xc6\xbd\x9fI\x0d\xefFm\x22\xbd\
\xac!w\xb2\x83l\xce\x82\xc9\xc1\x91\xbf\x01F\x85\x9d\
\x9f\xfe\xc0\xb49\xf5\xabZ-\x7f\x1bl\xd5]~\x86\
T\x9ck\xad\xb9\xf3$\xdd\xac\xdd\x9c\x93t\xbb\xaa\xff\
G\xbd\xf2\xe1\xdf\xff\xfc\xd7\x80\xaf\x94\xd5F\x9f\xf9\xbc\
o\x00T\xbf\xf6\x19D\xcd\x22\xff\xea\x1d\xb8\xebu\x82\
\xef\x0b\x8dF\xa7\xeec\x04\xddS\xe3\x8f\xa6E\xd2\x9f\
\xddLkJ\xe8\x1d\xafH\xee\xa7\xa6\xdf\x01G\xbb\xb6\
\xde/Qn\x1f\xa8\xb3\xaaX\xe93I\x99'<6\
\x85\x15\xd7\x19\x12?\xac\xd4\xdc}\xb0\xe2(\x82\xef\xc4\
\xca]\xd5|\xb4X\xf1\x9bo\x9a\x83=\x9b\xc2G\xfb\
\xd0\x90\x1f2\x80\xaf\x0f&Js=\xd1\xd0_\xa9G\
\x8b\x83^i`\xeb\xd4\xd9\xa6P\xe1<\xd8\xe6\x07\x8e\
\x86\xbd\x0fFtWxB\xe5\xce\x9a>Z\xc4\xd8\x8a\
\xbb;\xf1R\x1fj\xdc\x14Z\x1c\xa7&\xfd\xb0R1\
\xf7A\x8a\xea\x02O\x9c\xdcQ\xc7G\x8b\x92\x1ek\x01\
\xe3\xa4\xec\xa6P\xe28\x8a\xeb\x87\x92\x8a\xb9\x0fJT\
\x17x\xa2\xe4\x8e:>*\x94\xd8\x0b\xd4\xfdV\x99\xf6\
\xc2\xf3N\x5ci\x87\x8d7\x85\xad\xb5'\x9a\xd7\xe1\xab\
1\xac\x0f\xc2twxb\xec\x1e\xba\xfe\xcf\xe1\xec!\
^n*\xdfMp\x83\xb0^\xd2\xdb\xcb\x0aL\x9c\x9e\
q\x99\x08\xcb\xda7^\x0a\xe7\xf3>Z\xff\x80\x83\xcd\
\x0d\xe8!v \xc5\xd7\xbaP\xf9\xb9\xae\x1e[\x91\x07\
\xfcS^\xe8\x8c\xf0\xed1\xcbn\x8c\xfe\x11\xb0{\xbd\
\xab\x11\xd5A\x9d\xafj\x8c\x0fc\xd5\xdd\xe8%\x89W\
\xc6k\x1a\xded\xef\x1d>\xe0\xd0\xbf_\x96\xd9+T\
\x8c@\xda\xbfy\xd6\x99R\x09\xd7B\xc7@\xe5s\x06\
\x0f:F\x19\xde\xf2\xcc\x8bL\x9dz%H\xfe\x06)\
\xe3SO=\xff\xefF#}\xeb\x93\xf1sZ\xe8%\
[\x82\xd4\xb9\xcf\xcb\xed/\xd6\x03%[\xd5\x81\x12\x0c\
\xe3\xcb\xa58E\x22\x0e\x95l\x8d6\x91\xf6\x1d\xb2\xb0\
\xe0\x95=\xbe\xb9\xdf\x1a\x9d\x9b\x93/Ay\x1e\x86\xb2\
\xea\x0c\xccf\x0c8\x87\xa1\x0c\x069Y\x1e\xfd\x8a\x95\
\xd0\xbd\x9f\x15\x9dGyv\xa61\x9b\xee,q\x06|\
;\x07/'\xaf~zq\xf2\xfa\xa7`\x19\xf5\xb3\xef\
!\xb1'\xc7xt\x9ce\x05\xd9\xb4\xf5\x94?$\xbb\
\x8f\xad\x9e\xd3\x97\xa8C5\xe6-\xa5\x0c\xd5QZr\
\xeb\xa8\xd2\x9d1\x80F\xea\x18\x81\xf9\xc4a|\xe9\xce\
V\x82K\xafIl?W\xa3U\xae\x1a\xb5\x88)\xaf\
\x95v\xdd4*[\xf7\x1c\xda\x9f\xafb\x9a\xbf\xa7\xe4\
\xca\xa6\xf9\x12\xd3\xa4&\xe8{\x9c\x89\xa5\xb4\xea\xfd\xe2\
\xf3\xab/\xebZA3\x98\x0b\x9cD|*\xef\xacE\
\xa5K\xfeuW\x9a\x97G\x82\xbe\xb3\x95e\x8a\xa9C\
(\xfcR\x88\x0cV\xb2\xba\x16f\x08P \xe6\xee\x22\
\xca\xec\x80C^\xbb\xbc\xcd\x8b\xc2\x1c\xd0\x1e\xa3\xa1*\
n\xc1.y\xb5\xfeZq{<\xe7\x18\xe4)N2\
\xe9\x19\xcby$\xbd\xc1\xd5\x1fk\xefsSf$\x85\
\xa7\x97\x0ex\xba\xb7\xdbE\xbe\xa4\x09]\x16\xcb\x0f\x96\
\x1a{\x0b1\xbeV\x88\xbf\xe3\x92\xdb\xe4\xda\xb1\xe3\xb2\
\xcf\xf2Be\x1bx\xb4\xbc\xc9(lv\x0c\x22\xfaY\
\xe4\x8aX\x9eA\xb6\xb3\xac\x87\xa0I):Lu\xc8\
\xed\xc9\xaeK0Kx8\xaa\x02\x0d\xc0@u\xee\x82\
7\x8f\xd0\xb3\x1f\xba\xf2,ky\x87r\xb6\xd8\x9d7\
\x8a\xee\xde|\xfbWe\x08\xf8\xf7w\xf9\x87W\xdd\x9c\
z\xad\x8c\xf2]R\xf72\x85\xff\x99\xf5\x1c}\x18\xab\
\xba\x89><\xd5^~O\x1e\xa5\xa6\xa1\x0fg\xb9\xef\
\xde\x87E\xdd\xeb\xf6\xe2\xbbu\xc3H\x82\x80\xf2i\x86\
\xe0tM\xa5\x91\x0b8\xf2\xcb\xbd\xbd\xc3\xee\xd8p\xf6\
\x88\xfbzNK\xe0\xd73Y\x22\xef\xc5d\x0f\xfdz\
\xd6v\xec\xd7\xf38\x82\xdf\xc1x\x87\xe2\xe0\xfa\x5c\xcb\
\x998\xbe\xbc\xc2\x89\x99\x14\xac\x9f\x0d\xd6\x1e\x8e\x95\x98\
0O\xc9\xdco\xf8\xe4\xb9\x88:z\xae7\xdc\xf8\x09\
\xff\xc0\x7f\xff\x01\xa8\xe6\xe0\x10\
\x00\x00\x08p\
\x00\
\x00rKx\xda\xed\x5c\xedS\xdb8\x1e\xfe\xde\x99\xfe\
\x0f:fn\x02\xc7%Xr\xdb\xdb\xe6\xae\x1f\xd2\x10\
^\xae\x0d\xa4vZ\xd2a\x18\xc6$\x22\x98:\x96\xd7\
6\xb0\xdd\xdd\xfc\xef+\xd9qP\x1a\xdb\x92H\xf0B\
mO\xa78\xb2\xf4H\xcf#=?\xbf\xc9\xb2'\x1e\
\xf1C\xf0)\xfctc\x0f\xbf\xbd|a/\xfcn\x9c\
\xd8\xee\x88\xdc-%\xb7\x89\x1b\xfa\xc4\x092\x0f4\xba\
V\x88}\xdbr\x96r|\xb4\xbe\x93\x9b\x90\x96|\xf9\
\xa2g\x8d1\xf8\xe3\xe5\x0b@7{\xd4\x04\x81g\x0d\
\xf1\x09\xb6\xc2+\xec\xb7o|\x1f\xbba|\xd0r\x87\
W\xc4\x0f\x1a\x97\xb6\xe34\x81g\xc5G\xe2c\xe4\xe2\
\x1a\x0f\xc3#k\x82\x9b`\x83G\xd8#>\x1eZA\
x|q\xbd\x91d\xbe\xbcq\x87\xa1M\x5c\xe0\x10k\
\x94d00k\xe0\xa6G\x02l\x8f\x88{>\xb2B\
k+iW\xd4\xb6K\xb0x\xf4\xb4\xb6wl\xb4\xcd\
~\xed\xec\xb4f~\xeev[\xc6W\xb6\xbb\x7fnt\
z\xc7\x06K\xd6\xce\xc0\xbbw\xef\x00\x5c\xc0\x89\xb0&\
\x94t+\x0c)\x03\xda\x8e\xfd\xb8\xeeF@n\xfc!\
\x06\xef\xc0\xc6\xaf\xfe\xb0\xb9\xc3\xea\xd8\x89r\x06;\xf6\
\x90\xb8\xc1\xce\x88JI\xc6\xe7w\x96\xef6\x82\xdb\xf1\
\xc6=\xe8\x14`'\xc0\xeb\xad\xc6v/\xc9\x8f\xd5\xdc\
\xef:\xd6\x05v\x12\xc8\x10\xff\x16R@Ey\xe0Y\
\xd2#*\xfa\x9a\xca\xfa\x9a\xc5\xe8k\xae__S]\
_sU}\x0de}\x8db\xf45\xd6\xaf\xaf\xa1\xae\
\xaf\x91\xa5o\x04\xb8k}\x87\xdf<\x15\xbc\x9e\xd19\
\xdfm\xf5;f\xa4\xf72\x1cz8\x1cL\x81\xd3\x1f\
\x0e\x87\x16\xe8\xdeZ>\x08\xed\x096,\x97*O\xe1\
Nk\x9aV\xd7\xf4\xcf\xfd\xda\xbfAM\xd3\xeb\xda\x9b\
\xd9\xee\x9b\xba\xf6v\xb6\xfb\xb6\x0eQ\xbc\x0bQ\x1d\xbe\
\x9e\xed\xbe\xae\xc3_f\xbb\xbf\xd4\x11\x8cw\x11\xack\
\x1a\xdd]\xa8\xf4\x92\xf8`\x93\xd5l\xd3\x0a\xb5\xff\xd2\
?\xff\xe3\x1a\xd1p\xb0;\x0e\xafh\xf2\xf6\xf6\xd2\x90\
]h/-}_\xec\xd4>[\xcc:\xaf\xe5:\xae\
\xe5\x9a\xd6\xa2\xd3?)\xa8\x092=A\xe2\xdfh\xee\
\xebFH\xcc\xd0\xb7\xdd\xf1\xe6Vz\xce\xa8#\xd8\x89\
\x8a\xe6\xaeE?>x5\xb0\x0d6\xed-\xae,K\
\xb8\xde\x86[rp}\xf9\x0e\xfd\xe6\xd1\xff\xe7\xdc\xcf\
N\xafi\x1a\x1b\x0f7\x96S;K\xafbH\x1c\xe2\
\xafXE\x84\xb1\xd8\x97\xc9\x86o-g\xf3^\x95m\
PK\x06\xe8\x9c[-\x85<\x0bg\xf7-\xfb\x07\x0d\
S\xb5Zj\xf7d\xd4\x11\x95\xa5\x95\xcc1\xd2*\x99\
.&M\xf9\x80E\xb7T\xfbwni\xb8\x12zL\
h{u\x98T\xbb\xab\xc3\xa0\xe5\xa8\x16\x81\x98PS\
;\x0f\xf5\x8c\xe3\xf7l\xcf\xf3\xc9\x85\x09\xe3\xd3\x09U\
\x1e\xfc\xb3\x96\x0e\x0fW\x84\x87\xf9\xf0hExt\x0f\
\x9fVAw\xcf\xa1W\xa4b\x89\xda\x1f[\xa6y\xde\
\x15\xc9\x11\xc3A\x058(\x86C\x0ap\x02\xba\x03%\
\xba\x03\x11\xdd\x81\x12\xdd\x81\x88\xee@\x89\xee@L\xb7\
\xa7D\x97\x8e\x9d\xfe\xf1\x91\x88sO\x89\xf3\x1c\x13\x8a\
1\x91*\xa6\x80\xbd\x01\x0d\xa4\xa9]$\xf1\xf61\x84\
\xe6g\x15\xc0\x15+\x80\xa2\x0a\xd0\x8a\x15\x88D\xd2W\
\x91H\x17J\xa4\xc3\x15\xe1\xf3\x05\xd2\xd1\x8a\xf0\xa9\xf2\
\xb0\xeb\x871&-z\xbf}\x8b\xbbZ\x1e\xfa~\xe7\
\xf8\xbc{\xb8{\xdej\xf7\x0f\xbft\xd2\xe5X\x84\x83\
JpP\x04\x87\x94\xe0\xc4t\x0f\x84t\x0f\x0e\xf7\xe5\
\xe9\x1e@%8\x11\xdd\x03\xa4\x04\x97G\xb7k\xbb\xc4\
\x97\xeb\xdc\xee\xe1\xd1\xb1\x91K6\x06\x83*`P\x00\
\x86T\xc0\x84D\xe5\xbaU\x92\xa8\x5c\xa7J\x12\x95\xeb\
R)\xa2\xd6\xb5t\x8f\xb6\xfe/\x22\x1a\x81A\x150\
(\x00C*`B\xa2\x92=*GT\xb2G\xe5\x88\
J\xf6h\x1e\xd1\xfb\x10\x1f\xfb~~\x92\xe2\xc32+\
\xb6\x03\xd8m(\x17\xbd\xb21\xe02\x06L\xc5\x80\xd9\
\x18h\x19\x03\xa5b\xa0\x8c\xebm6\xe2y2I\x14\
Z\xc0\x9896\x13\x00.\x01\xc04\x00\x98\x09\x80\x96\
\x00P\x1a@\x16\x09\xd6\xc9\x0b$f\xc6[\x84\x88\x07\
i&\x00\x5c\x02\x80i\x000\x13\x00-\x01\xa04\x00\
\x14\x03L\x13.m\xe2\xdcL\xdc\xf8Q>\x7f\xe7\x9d\
\xfe\xa0\xfe\xc7\xa3\xbe=\xbe\xa2\xd5\xfbc\xdbm\x02\xa8\
-gp\xf0e\xee\xf1\x0b\x12\x86d\x92\x97#$\x1e\
\x7f\xf8>CV\xcb\xd9\x16\xa7F\x8d?\xc0\xac\x8dM\
\x10\xfa783\xd3\x89=\x0a\xaf\x92<?\xe6\xa22\
\xa7=\x93`r7\xc1\xafA\xdf\xdf\xdc\xa0~\xee\xb4\
[f\x1f\xcc.\xaf6R\x9eC\x5c\x12z\x13?\xb4\
<;\xb4\x1c\xfbw\x8b=\x0dm\x82=\x96hN,\
\xc7i[^\xb0\x5ch\xd6FZb\xecNh\x174\
\xc1\xa7\xb0\xd1b\xbf\x0e\xda\xf4'\xf6\xc1\x9f\xf3\x94/\
q\xca\xd2\xe3\x8e\xc5\x84=\x9f==\xf9#\xb3*\x81\
\x1c\x22\xe5\xe5\xc6\x0f\xbf\xb17=\xb6;\xa6\xdd\xfb:\
\xad2\xb6\x19\xe4.\xbf\xb6\x05\x1c\xa4e\xe1\xb0\xedp\
\xc2\xbd\xab\xca\xda\xd8;\xac\xd4\x17/\xf9\xc5\xe2\xa7\xda\
\xa6\xfd;n\x5c\xcd\x86\xdd+M\xba\xc8]\xac\xba\xa8\
\x04S\xb4KF\xb8\x19Si\xf4|\x1c`\xff\x16\xb7\
\x02\x0f\x0f\xc3=;\xa7\x8d\xd3<adzU\xc9_\
\x0f\x1f`R\xfe[\x8b\xbf\xf2L\xbd\x8f\x09\x15\xd8\xc5\
\xa1=\x04\xd1y\xcc\x0e\xbf\xa7\x19;\xb5!\x1e\xb1\xdd\
\x90u+\x1d\xd7P\x5c&K\x9b\xbc2\xd3\xb5I\xc7\
\x86;\xff.P\x5c\xe2\xce\xb7\xbcx\x10F\x954N\
\x88?:\xa1i\x8f\xc6T\xf1\xd0\xf4\x09\x87\x12SF\
\xe4\x15\x5c^H$\xfa\xbbC\x89\xe4\xc8\xe6\xfdl\x12\
\x87^\x96\x1b\xd6\xc8\x8e\x82\x030C\xe2O\x82\xc7r\
\xf4Z\xc2\xd1\x13\x09\x0b\xe6\xb3\x0b\x0b\x0f\x81|\x86\xa1\
\xc4\xa8B\x89L(y\x84`\xc2\xc2\x08\x01\xef\x1dk\
\xf8\x8dM\x82\xaa\xa2\x888\x8a\x18O6\x8a\x14\x15G\
\x14^M\xf3\x8d\xca\x0c4k\xbc\xcd\x15\xf9L\xfa4\
-\x7f\x95\x9f;\x82x\xaf\xe9\xf5\xdd\xd6W\xf0\xc1\x03\
\x87G\xbb\x9dA\x96\xd5\x1el\x95\x95\xef\xb13GQ\
\xe6\xbd6\xdb\x86\x8e\xed\xe5\x0d%\xc5h\xb6\xef\xdb#\
q\x98\x94\xbf-\x8f\x9a\x18\x0d\x0a\x93\xbfA\xcf\xca\xea\
\x93\xbb\xa0\x09\xde\x8a\xb0h\x9eWy~\x93\x8a*\xfc\
\xd8\xe8\xdbT\xe1\xcd\xcf\xfd\xf6V^\x08\x9e\xae\x5c\xe7\
<\x8a\xc5\xb3\xc3\xe4\x1bH\xf3\x03(:=\xace\x08\
>\x0eY\xa4J\x16=c\xb2\xba*Y\xfd\x99\x91\x8d\
\xdb\xbf\x11\xcd\xf2\xdb(D\xd5\x0f\x9e\x06\xa5$\xe2\x1f\
\x15\xf3\xf30\xa3+H\xf0/\xa05t\xc1u\xee\x8f\
\xd7WH\x22\xff\x05qF\x12'\xf45\xaa\x81*5\
85\xf4\xd2\xab\x91X\x92\xcd\xb6-\xca\x92\xb0\xb2$\
\xafFeI^\x8d\xca\x92\x89%\xd9\xac\xf7\xa2,\x89\
*K\xf2jT\x96\xe4\xd5\xa8,\x99X\x92}}R\
\x94%\xf5\xca\x92\xbc\x1a\x95%y5*K\xce,\x19\
}\x05V\x94%_U\x96\xe4\xd5\xa8,\xc9\xabQY\
2\xb1$\xfb\x1a\xb3(K\xbe\xae,\xc9\xabQY\x92\
W\xa3\xb2dbI\xf6UtQ\x96|SY\x92W\
\xa3\xb2$\xafFe\xc9\x99%\xa3\xd5\x09\x8a\xb2\xe4\x7f\
*K\xf2jT\x96\xe4\xd5\xf8\x09,)\x99<\x15|\
\x9d \x9e\x86\x229g\xa4\xf3\xa5s\xd47\x01\xfb\xc2\
\xb5\xf5\xfe\xf0\xe3a\xff\xeb\xcf2oDe:\xd2c\
L\x0a\x91\x9c\xe9!5kdM\x93B\xd6<\xbd#\
\xfa\xa8\xaaD3<\x1e\xc0\xf7YO\xf2x\x00\xdf\xe7\
9\xcf#g\xde\xbb\x88\xcf\xca\x13O\xa5O\x1e\x9cz\
\xf3\xc8\xe1F\x11\xa1 y  >\x18\xfb\x98\xads\
X\xd0$\xb2d1\x9e\xf5K\xf8\xe4\x0c\x97,\x0cT\
\x1e\xaa\xe8\xe7\xa5\xba\x1cV\xa2\xb5j\x82*\x9a$\xaa\
\xb4\x1d+\x08@\x17\x5c2]\x8a\x8c&\xb3\xb5\xab\xca\
b\xb3\xd9\xdaZ\xe5\xa2[\x92\xc8\x12{hP\xbc\x87\
\x06\xe5\xf2\xd0\xa0\x5c\x1e\x1a\x94\xc9C=\x9f\x84\xf4Z\
\xbfp\x0b\xf5\xcae\xa1^\xb9,\xd4{\x06\x16Z\xa3\
\x89\x16?\xf2\xac.r\xe7\xba@P\x07\x06*2\xae\
D\xcbW\x96\xc5f\xd1R\x9ae\x22[\x92\x93\xb2\xa1\
\xffM\x8f\x9a\x0c\xbd<\xde\xd1\xcb\xe3\x1c\xbd$\xbey\
\xc8JL\xe59\x1b\xc7k,\x16\x19Nf\xabP\x96\
\xc5g\xb3\x053\xcbE\xb7$\xa1%Z\xda\xb3\xd0\xe7\
\xb4\xd1\x9a\xa7\xa5yn\x19-\xd0Z*\xb6e1\x0e\
[N\xb6P\xe3D\xeb\xec\x96f(E\x8b\x02\x97\x8a\
\xedS6\x8e\x92\x08JK\x1a\xe6-\x034}\x84u\
\x982\xf0\xa7\xf3u\xa1\xe9\xbf\xbf\x00\x93.\xa6\xf5\
\x00\x00\x03\x1c\
\x00\
\x00\x0b\xf6x\xda\xb5V\xdbn\xe20\x10}\xaf\xd4\x7f\
\xb0x\x01\xa4nh\xfb\x18\x89\x07\x16X\xb5R)4\
\xd0\x96\xaa\xaa*\x93\x0c\xc4\xadc\xa7\xb6\xc3ew\xf9\
\xf7\xb5\xc3rIH\x80m\x97\x80D\x9c93>s\
f<\x81\x04!\x17\x0a\xdd\xa9\xbb\x88\xb8\xef\xa7'$\
\xb1\xb6\x1e\x09\xf3\xf8d\xebq\x9d3%8\x95\xb9\x06\
\xab\x85\x15\x08\x82\xe9\x16\xe2\x06\xcfx\xa4\xb4\xa7\xf9t\
\xf0\x08\xd0\xaf\xd3\x13\xa4/\xe2\xd9H\x86\xd8\x85G\xc0\
\xca\x07\xd1pj\x9d\x85\x053\xd7\xe7BZCB\xa9\
\x8dB,\x80)\xe3ml|\xf0\x06\xae\xba\xc5\x01\xd8\
\xa8\x90vo\x0f\xde\x0aK\xe00b\xae\x22\x9c!\xca\
\xb1\xd7\x108t\xc0\xf0*\x85\x5c\x02\xf18{\xf5\xb0\
\xc2\xe5%\x19sQ<\x00\xea\x80\xcb\xc7 f\x96\x82\
\xa9BU\x94\x80?\x17\xcd.\xc5\x97\xe7\xe2\x12\x86z\
$\x80\xe2K*H_\xe0YK\x8e\xf6\xc4\xe8;x\
\x864l\xcb\xbd#\xb8\xe2l\x7f\x80\x05n\x19b\x1d\
\xc4\xf5\xc1}\xbf\x17\xb49%R\xc9R\xc1W*\x94\
v\xa52\x99L,-\xa6\x1ccJaf\xb9<\xa8\
\xac\x22\x03\x1b\x11\x06\x15O\x0be\x85lT8[\x09\
X\x828LB\xaa\xb8~C\x94g\x8a\xcd\x81\xae\xf5\
w>\xb5$\x8f\x84\x0b:\x8bO\xf1H\x06\x9e#\xa0\
\x12\x0e\xdc\xeeC\xb8z\xb3\x8a\xd1\xac\x12\x9be\x05\x0b\
\x05\x01\x91\xaf\x8c\xabW<\xc6D\xcbM\xc1\x92\xe3\xad\
}\xd6\xcbyyq?\xdfj\xac\x94\xcc\x91\xa0g\xc8\
\xd5)\x0d\xb0\xfb\x9e\x90d\x8c\x05\x9a\xfaBsb0\
A\xfd\xd6\xcd\x95\x16\xc2\x81\x8f\x08\xa4*\x95\xd78\x8d\
\xb18\x13\x80\xbd\x99T\xfa<\xb9>f#\x93\xca\xaa\
\x14\x99E0n\xb1S\xd78\xa1j\xb5\x9a\xda\xc3j\
\xb4o\x9b\x99EZ\xd2\x8dc\x98=#\x19\xfb_\x9e\
\x9f\x97\xf3\x15I1\x0e\x81\x95\x0aW\xcdZC7M\
,\x82\x12\x11\xa4\xd2\x92\xc0\xbcRZ\xc9:\xa7Q\xc0\
\x16\x03b\x93]\xf6\xf9O[\x05\x19\xf9\xaa\x85\x85\xee\
\x17\x1b]\x9co\x03(\x0cw\xda\x07\x5c)\x1e\xecB\
(\x1en\x9a\xd7\x80\xeb`c\x90\xadj\xa1\x07\xda\xb2\
\x0d\x93\x96E\x8aq>W`h\xdb\xb1F\xb9\xa0G\
\xe2)?\x0bc\x8c-\xee\xe9\xd9\x173\xb0:\xfa\x14\
\x81\x18CM\x86z*\xfe j\x93\xe4|s\xe1\xf0\
\xc9\xb6\xd0q*\xfaDd\xb5\xc6!t\xe6\xe9\x0c\xf4\
\xf0\xca\x8ae\xc6\x98\x8d>dO\x94\x0aN\xb3\xde~\
h:O\xa8w\xddj\xda\x85\xf2!;\x0f\xb1>\xf5\
\xb9@L\xc9\x88\x05\xbaGl\xfd\xd2\xb1jfuU\
\xd7K\x10\xe8\xf7\xea\xc9\xc3\xe2\xc9\xe7\xf8\x9b\xca&\xde\
\x0eG\xe0\x12\x97W\xbfM\xad\x90\x13\xa6\xba\xe4\xa7.\
\xf2\xc5e\x0ef\xc0\xa9w@A\xfeSm\x0fk\xa4\
/+\x90\xc7*\x89\xca\x1b\x1a{\x8b\x98n\xc4\xfe7\
\xa7\xf6\x84\xba\xbdZ\xef\xbe\x9b\xd5\x86\xf3\x7f\x8c\xbdj\
\x92\xbfo\xffl\xd4!%\xde[\xe6\x0cz\xf3\xb4N\
_\xac\xfd\x91D\xef8\xed^\xfbv\x87\xea\xbb;\xc9\
1\xc3\xf3\x90\x93\xf4\xe9\xe2\xad\xfe{\x1d\x8d\xda\x91\xbb\
 u\xab\x7f\xf4\xf7\x0f{\xa1!B\
\x00\x00\x06\xd5\
\x00\
\x00E^x\xda\xed[mo\xda:\x14\xfe>i\xff\
\xc1\xe2\x0bT\xb7\xcdxU\xaf\x90\xfa!c\x94V-\
\x85%\xb0n\xba\x9a\x90I\x0cx\x988sLKw\
o\xff\xfbu\x12\xa0\x01Bb\xa04\xedFT\x95\xc4\
>\xe7\xb1\xcf\x8b\x8f\x8f\x9d\x18\x8fl\xca8\xf8\xcc?\
\x8f\xb11|\xff\x0e/<+\xb7\xd82\xe9\xfdJq\
\x85Z\x9cQ\xe2\xac\xadP\xea\x90#\x86!Y\xa1\xb8\
\x86\x0ft\xcc\x05\xe7\xbc&\xad|0\xa8\xb8\xb5\x90\xc5\
\x9d4\x80\x0eh_V\xe6\x05.\xe1\xfbwM\xd8G\
\xe0\xdf\xf7\xef\x80\xb8\xb0Y\x06\x8e\x0d\x0dt\x8b \x1f\
 V\x193&(\xfdJh\x19\x03\xca\x1c\xa5\x87\x09\
)\x03\x1b\xfa5~\x1d\xed\xfe@\x06\xbf\x81#T\x06\
\xa9\x10\x84F\xf7GjFk3j#\xc6\x1f\x80\xc3\
\x19\xb6\xfa\xa0\xdf\xb1\xe8}\x87\xa3\x09\x0f\xafwb\xea\
Y\xa0\xde\xa7\xe8\x8d-\x83cj\x01B\xa1\xa9!W\
\x15\x19\x9b:\x08\x9b\xd4\xea\x98\x90\xc3\xa3\x99\xc0\xee\xe5\
 ~\x8d\xfb\x03\x9e!\xee\xff\x9a\x8bv\x0c\xd2\xb5\xf4\
1X\xe0\xf9']\xd3\xb5\x8e^Q\xaf\xabz\xfa\xbb\
xr\x09\xd3\xdf\x8f\xd6\x01\xe9S =\x0eH\x8f\x01\
\xd2\xa6@Z\x1c\x906\x07Z/\x5c\xbe8\x90\x13n\
\x04'\x826R>\x1fKB\xbeX,m\x8a%!\
b\x00\xeb\x09\xed\xc9\x85\xc0\x99\x84\xd5<\xca\xf4\xf7@\
o\xa4\xf9\xf5P~&\xcd\xaf-\xf0?!\x0c/-\
\x13M<\x954\xa1\x85\x882S\x90\x93Y\xc2S\xaf\
\x5c\x9ca\x07\xbb\x0c\x1dF\xc7\x96\xb9\xa0Y\x02\xbb\x88\
\x5cyp\xca\xb4G\xe9+\x1bx\x05e\x90\x06\x7f\x81\
(\xc0\xc5^\xc1\x0d{\x05g \xcb\xfdQ\x17\xfb\xa3\
\xc6v\x07\x86u\xc7\x83\xaa\x8f\xe78K\x9cM\xad\xd1\
Tkj\xeb\xb2q\xe3B\xd4\xdb_\x836\xf2\x98\xab\
\xf5\xaa\x1c\xb3 \x5ca\xae\xeb\x92\x0d\xeb\xab\xed\xea\xd5\
v)+\xd9\xb4\xde\xa9\xb6;\xa5l(\xc8\xe9F \
\xa7\xe1 \xb9bq\x13\x14A\x1e\x02\xa3\xb6\xb5\x86\xa6\
J\xe3\xf8\xe4+8\x17\xbd\x1b\x8a\x1d\xb4\x06\xc6\xf7\x05\
4\xb1\xc5\xa8\x11T!\xde\xd0DpxN\xc6\x93\x0a\
\x81\x8e\xb3\x06\xe5\xab\xa6~sqlA\xdb\xe9\x09\xe2\
\x8e\xe1R\xaf\xf4e\x01\xab0\xd8\x0c\xadS\x18D\x03\
\x8a\xa8\xb5!\xa2\x17\xe7|\xc8\xc7\x95\xa9m1\x80^\
\x9a\xc7\x80?\xd8\xe8\x18\x10t\x87\xc8\xc2\xfc6%\x98\
5\xee\x92\x89Q\xe7\xd1\x05\xd5\x89{ \xe3\x15\x82\xb3\
\xb33\x90\xf5 \x9ej\x1f\x01\x22\x0eZ\x22\xca-\xb4\
\x13lk\x96\xa3(]h\x0c\xfb^\x90\x12M\xcfK\
k\x0c!+\x06<\xbf-\xb8:\xea\x22\x16\x03^\xd8\
\x16\xbc\xc1\xa0\xd5G1\xe8\xc5m\xd1?!dK\xb5\
P\xda\xb6\x05\x0d\x99\x01\xe8%\xe7\xfa$(h\xbf\x8e\
\x1c'\x90\x13\xce\xf2\xc2\xbe\xc3\xfc\xfa\xc0\xb4\xc9\xa1e\
Bf~\x1csN-\xa7<\x05P\x1a\xc3\x00\xb0\x7f\
\xdb\x5cB\x8cJ&\xddK\xa3\xf7~:\xbb,g8\
c\x18\x05s5R\x87\xac\x8f\xad2\xc8e\xc3\x89\x08\
\xea\xc5\xd2t\xa9\x10o\x14G\xc5\xa9\x1d$Y$\xaa\
P2\x1eY\xe1\x12\xb9\x97_\xe3\x09u\x81\xdc~\x97\
\x01gc\x14F(\xe2J\x18\xc2\xccL\x81\xe9?\x9c\
\xc8\x0d\x03e\xf0\xd3i\xb1Lj\x9e\x17\xa4\x8e\xc2\x89\
{b\xd1\xa1\xd8\x14[\x5c\xc7\xbfDn\x9f\xcbE\xd0\
\x19\xd0\xc6\x1c\x12\xfc\x0b\xba\x11\xaa\x0c\xce\xddB}\x04\
\x09\xa9@\xdb\x09g\x9c\x0a.\xb8\xfa\xd6H\x98\xb2,\
V3\x8a\xea>]T\xc4#b\xe0\xbfy\xc9\x17\xbf\
d\x15\xe8q\xb5(\xb8\xceQ\xae\x9e\xd2\x98(\xd5-\
\xe7`\xe1\x94\xf7\xd8\xe4\x832\xc8\x97\xb2\x91\x12\xc5\x9b\
rk\xf1c\x15\xf0\xb8\x83\xfb\xdd\xfa\xe2\xad\xf3\xbe5\
\xb2\xad\x92.7\xb9N\xfe\x08w^\xf6\xd6\x9b\x86\xaa\
\x02\xbd\xa9V\xaa\xe0\xb6\xaa\xb6.\xaa\x1a\xf0\x12\xebu\
\xce;wL\x82\xb8P\x9c.\x96\xa5b\xbdX\x06Y\
\xa5\xb4\x9e\xe1Y\x1c2\xd4\x08\xb3\xeb\x9c\x89er\x94\
\xcc\x06\xc1v\x94\xd3DYl=G\x8das\xbd\x07\
l\x16b\x97/F\xefE\xf4/E\x13\x19\x9eG\x08\
\xbaBT7\xa5\xbcbi,\xfa]T\xbc'\xf0\xa1\
\x10\xcf\x17\xf4\xaa\x1a\xa2#\xd8\xb7\x10\xc7\x06\xd09e\
\xa3(w\xda9\xde\xed\xc5\xd5b]nc\xc5\x06\x15\
\xa4S\x02\x19\xd0\xa0\x89=9}%92Zzv\
\x01\x9fE\xf5\xfb\xd1\x92\xab\x1f\x0a>\x12\x91u\x09\x99\
\x7fc\xed\x5cr4\x8aS\xce~T<\xddKLV\
\xb7\x81d\xe8\xef\xd7\xa0I?\xf7\x96Q\xa5\x97\x1d\xce\
\xb78eU\x9f\xaa\xa5d5\x83'\x88L\xd3\xc4R\
\x92&\xeaRb\xc6\xcd\x9f\xb3\xcb\xc4\x8eM\xe0C\x19\
\xa8]\x873hp_\x9fJK\x08\xdf\xb0\xc8C<\
B\x8bR\xd2\xc2\xb6r\x87\x1d\xdc%B\xf8\x01\xbdC\
,\xb8\xcc\x8a\xe3\x5c\xf0q\x82\x8d\xa1\x10\x83\x01\x13q\
\x88\x89T\x9c\xa5\x96\xc7\x86\x84\xd4\x12~\xe0m\x98\xce\
\x16s\x0a\xc7\x9c \xb1B\x5c\x9d\x07\x9d\xd4\xa6X\xa3\
\xe9\xca\xf1leO_\x1e\x83\xda\xc8\xcaH\xc8\xfc\xf8\
\xf2\xe3F\xdfh\xdc\xe8{\x1a7\xbb{\xec\xb3\xb8\xcb\
\x9a\xac`{\x97q\x92v\x99\xd7\x13\x94\x12\x0e)\xfb\
\x18;\xdaFcG\xfb\xbd\xc7\xceR\xae\xb8\xfd\x98a\
\x871\xf3V\xc6Lris\xbe8\x00u8\xc1\xa3\
q\xd2\xab\xb6\xdf\x22w\x16\xeaL<w\xde=\x8e%\
?h\xf7\x93\xa1mb\x1d\xfd`\x9d\x17\xce\x016\xb1\
\x8ev\xb0\xce6\xb3\xf2\xe3\xda\xddh)\x13\xc7\xbd)\
\xd8T\xfe\x16\xb5\x9fe\xef\xff\xeb\x89\xa6~\x03z\xe3\
Z\xd5\x80Zi]~\xb9l};\xec\xfb'\xbd\xef\
\xefo\xe9\xcf\x15\x9c\x93}\x03\x90\x97y\x9d\x90\xdf\xe7\
&\x22p\xbf\xcb\x00\xde\x87\x19\xe5\x9ds;\xe9\x8e\xcc\
_\xd0.|\x19\xb2K\xc4\xd1\xbc\x97\x9aIl\x14o\
\x95\xa5\xaf\xbcO\xce'\x91\x11\xbb\xda\x07\x85\xc1k\xf2\
\x81\xc2\xe0\xe0\x05Ix\x81\xbb8zEn \x95 \
\xfd\xc9~\xf0\x87\xa5=\xda9\x08|JyHx\xde\
X\xc23Odd\xb3\xa2=\x84\xb9\xe9\xd6\x0fh;\
\xb0K\x900\x0a\xfa9F\x96\xf1\x002\xf5\x8b_G\
ID\xbc\xfaxr\x08r/<\xd9U!\xe3\x83\x93\
:\xa5\xd6\x89w\x9b\x84\xdd\xab\xf5jrv\xdf\xc0\x02\
\xdb\x9b\xf9\xf5}\x96RG\x1cQ\x06t\x03\xba3C\
\x22\xa3]\x7f[F\x7f\xd1\x00\xb1\xa7/\xb6l\xca\xa0\
\x89\x8d\x93*\xa8\xb6A)\x0bD\xa4Od\xc0{\xa7\
^\x0e\xe6O\xd4\xfc\xa7\x89\x9a\xff\xf4`\xfed\xcd\x9f\
+\x16\x93\xb4\xbfh\xfe\xe0\x00/\xec\x00\xea\x98\x09\x0f\
\x00\xc2\x0f\xb8\x93\x8c\xdd\xfd\xc3~\x07\xc3\xbft\x92?\
\xb1\x91\xc1\x91\x09.\xce\x81w\xac2\x09\xebOOt\
\x1e\x8c\x9f\xc06V\xd4W\x11\xdb\x9cK\x8a=\x10\xb4\
\xfb\xc1#\x99\xe3l\xaa\xe4q6\xf5\x8f8\xcd\xa6\xca\
\x9df\x83o\xe44[\xbcK-\xdd\x8a\x1f\xf1\xf7?\
;3\xb6\x13\
\x00\x00\x06\xa7\
\x00\
\x00\x19'x\xda\xc5X{o\x139\x10\xff\x1f\x89\xef\
`\xa2\x93\x92\xd0\xde&\xe5u\x22\x80P\x1f\x94V\xa2\
w@\x0b\x15\x02\x0e9\xbbNb\xd5\xb1\x83\xedm\x1b\
\xa0\xdf\xfdf\xecl\xd6\xfbJZ@\xba\xa8\xaav=\
\xbf\x19\x8f\xe7\xed\xe5\xd3\x99\xd2\x96\xbc\xb1oR\x1e\x9f\
\xdd\xbe\xc5\x0b\xef\xd1)\x97\x89\xba\xa8,\xef*i\xb5\
\x12\xa6\x91\x10\x1dQ\xcb4\xa7\xa2\x82xE\xe7*\xb5\
\xc0\xb9\xa4\xb4\xa3^\xac\xe0Q2iM\x9bPC\xde\
\x1d\xee.\x17\x10x\xfb\x96\xd7\x83|\xbf}\x8b\xc0\x8f\
'\x03r\xe1V\x8e\xf9XR\xf1\x22\xe1Vi\xc4!\
\xf5\x82'v2 \x0f\xfb}\xff>a|<\xb1\x03\
\xf2\x00\x17\xfc\xd2R|\xa4$>\x0bf\x19\xc8\x5c\x88\
\xc7\xdf%yF\x8ec\xcd\x98\x8c\x9c<\xd2#\xf7\xc8\
\x9fd\xf9\x9c#\xe79\xd2\xef\xb4\x80\xe6/\x1e{\x95\
m>U\x09\x15\xdc\xce\x07`\x93h{6\x13<\xa6\
\x96+y\x84\xeb\x1e2\x12tl\x1c=s\x80_7\
\xee\xb8\xc4\xd0s\xf6\x9aj:\xed\x18\xab\xb9\x1c\x13;\
\x9f\xb1MrN5I\xa8\xa5\x9bd\xa8\x94 \xdc\xfc\
\xcd.\xba\x05\xc6\x84\xe1IkX\xb9\xb4\xe4p\xaf\x9b\
\xed3\xd3j\xc6\xb4\x9d\x93\x05h\x86\x1c'\x80,\x91\
\x91\xcd\xd1\x0e\xf7J\x94\x5c\x83\x8aLT\xf3\x1c,\x00\
\xaa*\xfde\xa4\xd9\xd7\x01\xe9\xfd\xfb)\xd9\xe8|\x8a\
\xe0\x7f\xf7\xf9\x1f\xbd\x95\x1cT\x08`\x88\xee\xf6|h\
8{\xa52F\x13\x12\xa1h\xd2\xf1G\x82#\x7fq\
\xba\xc1\xe9\xcc\x17\x09\xa6\x08\xfd\x1b\x0bF\xf5\xb6\x10\x9d\
n\xbe\xe6\xd4\x05ozx\xbe\xbe<=\xd0\xac3B\
\x89\xf6\x9e\x8a\x94E3Ac6Q\x22a\xfa\x84]\
Z\x00\x07f\x0bv\x19\x91\x8ewM\xa8\xcfR\xd6\xe1\
\x1e0\xf6\x8b\x84j\xacG\x96[\x81\xfa\xb4\xb7\xb5e\
Sn \xe0P\xf96\xd9(;\xcb\xc5\x1ea\xc2\xb0\
\xe6\xfd\x96\xb6\xfa\xd8\xff\xfc3[#\xa5i\xef\xec\xcc\
\x81\x15\x9f\x01\xf3>\xf8=e2\x9e\xb7\xc9\x8f\x1f\xa4\
D\xdc\xa12q\xa9\xd6\xae\x18\x09\x7f\x18\x0f\x187\xa0\
D<\xa1r\xcc\xdeIn;\xf9!\xb6>w\xabL\
\x81\xa7\xacwO\xc8\x00y\x8a\x12#\x13S\xc1\xaa\xcc\
\x18W\xb8\x09\x14\x8b\xa1\xdaQ\x97\x1d\x07Na\xa5\xb4\
S\xbd\xa5\xd7\xef_\x92R\xe3\xa8=fb\xcdg\x18\
\xe6U\x01\xf7\x02\x01W\xa5z\xb3L\x0e,\x1b\x9d\x82\
A\x7f\xa3_\xd0'\xcex\xfb4\x86(\x01\xed\xd2\xc0\
^Q\x9cj\x0d\xf5\xd6\x9f\xff\x1c\xffW\xd9\xa7\x94K\
\x07\xc8R'\xb0\xd6\xddP\xf8\xba\xc0^#\xacb\xaa\
\x8c\xc7\xe1\x00\xffq\x91\x19\x9b\xb9\x94\xcdz'\x04f\
\xcf\x8b\xf2\xd2h\x0b\xa6\xcdB)v\xd5\xc7E\xed1\
p${\xd0$\xd58\x82J'\xb3ZT\xf5\x5c^\
\xad\xc2\xa3\x06\xc7r\x80\xb0\x96U\xb4\xad *!\xdd\
>\xf8\xd6n\xd6 \xcf\xb3Q\x16!\x05e\x5c\xf3\xe1\
cn\x0d\x18p\x09\x89\xac:v-\xa4\xd3\x8d\x04\x93\
c;)\x97\xc2\x05\xcfS\xf2\xa0\x94I\x9a\xd9TK\
\xf2\xdd;~@\xb66]D\x0dH\xeb\xe0[+\xf4\
\x9c\x8b\x80\x82\xa8\xbf\xd6\x88\x82\xe1d\x12\xcd\xd4Eg\
\xab\xbfI\xeew\x97\x82\xcf\xd6J\xde\xea\xdfD\xf4\xa3\
\x5c\xf4Q\x8d\xe8\x1bHz\x9cKz\x19H\xba\xaam\
\x80\x05\xaf\xba\x1a\x15:j\x04\xc9\xd9Ao\xf1\x04\x87\
\x9c\xfe\x13\xf7\xf0\xb4\x94\xae*\x95\xd6S66*\xb9\
\x8e&A\xb8+\x0a\x05>\x97\xd9\xdb\xb6\x03\x8c]\x97\
 \xb5\xf5\xbb\xae2\x1c\xca\x84\xa1>\xc0Ye\x18j\
F\xcf\x1aKd\xd9\x18>\xa5\x8e\x981t\x5c\xa8\x0d\
87VR/'\xbb\xc66 \xed]\x07!\x0es\
\xa7\x9d\xd3\xa7^\x22 >\xa8T/$\x192\x01\x1c\
\x19\xc2\xfcGL\x1a\xc7\x80\x19\xa5B\xcc]=(\xb0\
\x1b\x0b\xd5\x93\xead'\xb5VI\x18\xef\x16\xa9\xff\xcf\
Y\x98\x13Jn\x83\x90Yy\x1em\xe8\xc5\xb1P\x86\
\x85Y}#[$\x8e\xb8\xe7\x86B\x98\xdcG\x5cO\
\xdd$\x1a\x1c\x19g\xd2\x01\xb1:\xac\xd7\x0b;}5\
'\xba\xd3\xda\xd6\x8c\xc0D\x0fg\xd7\xecy\xab[c\
-\x8f\x03\x93\x11\x0aX:\x84\xf1\x9fX\xb5\x98E\x89\
\x9d0b\xe01\x86\x13\x93V8B\xc0s+\x22'\
@\x87A\x10\xedJb*\xa5\xb2`k\x88\xa0\x04\xe6\
\xf7\xa8f?\xe4\x84,\xb9\xa0Z\xb6\xd6\xdb~\x97\xca\
\x98\x09\xf2#{\xff\xc0\xcc5\x9d\x11\x8e\xd2\xe5\x82\xef\
&\xe9_\xf5\xdc\xeb\x92\xc3@\xd3\x89\xd2&\x1aq\x9c\
\x7fa\x1fH\x9aP\xd7]%\xd2\xa9\xf4\xd7\xab\xb2\xb2\
\xf5\xbcu\x08\xc1F\xf6\x88\xea1\x97Pq\xfb\xf5\x18\
\x8d\x17\x9bu \xabf\xeb C\x05\xce\x98\x86\xa8\x22\
\xee\xad\xba\xc8\x8fS-\x0a8d\xefs&\x92\xba\x12\
\x93\x85x\xde#\xeb1\xe7\xdc\xf0!Fs\x1evw\
p\xd2\x09Zg\x9b<w\x09@\x06dD+e;\
\xfbyM\x9d\x85O\xfd\x05\xb4\x984\x85y\xaexS\
\xc8Rd9z\xb5\xba\x0d\xcafw\xa0\x01y\xcb\xc6\
\xa9\xa0\xfa\xc5\xe5LC\xdc\x83\x96\xef3Z\x935|\
\x8f)q\x0d\xc8\xcf\x8d\x7f`\x92\xe2\x15\x0e\x8cS\xb8\
\xa1\xd5\xebpU]\xbe\xaasm\xd6\x1cVy6l\
\x22\xd7\xf6\xed\x0d\xcf\xb8\xde\xed\xd8\xe3\xde*\xd76\xf0\
\xb1]\x8f\x822\xca \xf1^qc\x8f\xf0q\x95\x8f\
\x10\xf4B\xb0)\xa4(\x0c\x03\xd6\xc5\x07\x8efO\x88\
k\xae\x90(uf\x5c\xc9}V`g\xf7o,\xe0\
\xa8(\xe0\xd1\x8d\x05\xbc,\x0ax\xdc$\xa0>@V\
\xc6\xcb\xbe\xe0\xf1\x19\x05?\xd7\x19\xf5\xbaY\x19\xe0\x0e\
\x16\x9f\x8bV\x02\x83\xea\xf6\xb0\xbe2A_\xa4\xd1(\
\xd3m\xb0\x5c[[\xac\x82\xcas\xa3\xea\x11\xf05\xd5\
\x8f\x91\x92\x16FJ.\xed1\xff\xc6\xaa\x85y\xd9\xae\
4\x9da\x9cz\xad\xb1aE\xa7J'\xa7\xb0\xbc\xd6\
?\xf8;\x8e\xb5\x12b\x87\xea\xe8\x9ci\xcbc\x1c!\
\x96kM\x06X|\xb6\xab\xd3i]\x08\x14\x1aE\x83\
\xc7\xa08\x8d%\x06\xa5\xff\xec\x86o\x07\xbb\xf0\xca4\
t\xffl\xe5\xbd_\xb9~\x1cU\x91\xe1\xb7\xcbh\xf1\
\x85\xc4O\x1d\xab<\xef\xa7\x09\x8fk.4\xb9\xab\x11\
\xdd\xd8%\xb2\xb2\xe7\xbfg=\xf7\xe5\x8b\xacjH\xd6\
\x0fM\x09\x0e\xb4\xba\xd5\xa0f\x0c\xb7H\x03\x83o\x8c\
\xd0\xaf:\x1e\xf4\xf0cc\x8fOaP1=$\x9b\
\x9e?Gd\xce\xc7\x0dR\x12n ~\xe7\x03\xb2=\
4V\xc3m\xde\x9f9\xc2@\xdba\x86'\xec0n\
2\x81\x92\xbb\x98O5\xc3Xq\x87\xfa\xa1\xb6p\xc5\
\xfe\xd9\xc6t\x08\xfel\xda\xfc\xba\xb5\xe6\xea\xf7\x85\x0d\
\xde1\xae\x1b4x\x9di\x0a\x99\x85\xff\x17\xf7\x97_\
\x09\x00\xd4\xe8\x7fu\xbf\xff\xc8\xf5\x0b\xdd\xa5:\x8f\xc3\
\xdf\x7f\xd0\xd8\xadt\
\x00\x00\x0bl\
\x00\
\x00:dx\xda\xed\x1b\xfdo\xdb\xb6\xf2\xf7\x01\xfb\x1f\
X\xff0\xdbm\x9e\xe2\xa4\x19P\xf8-\xafp\x93\x16\
\x0d\x90\xb4\xd9\x92\xb7b(\x82\x81\x96h\x9b\x8b$j\
\x14\x15'k\xf3\xbf\xef\x8e\xd4\xb7(YN\xd3\xbd7\
`) \xdb\xe4\xf1x\xbc\xef;\xb1<\x88\x84T\xe4\
G\xf5c\xc2\xdd\xebo\xbf\xe1\x95\xdf\xce\x07\x1ezb\
\xdd\x18>\x12\xa1\x92\xc2\x8f['\x9c3\xaa\x98\xe4\xd4\
o@\x9c\xd2;\x91\xa8\xe6\xcac\x00\x16K\x18\xc7\x7f\
\xe9\xdc\xd0\xd9u\x05|\x0dY\xa8\xe2!\xa11\xf9\xef\
\xc9Q>\x80\x80\x86>\xf2\xe9\xdbo\x08\xfcqoJ\
<\xe1&\x01N\x9f\xd1\x90.\x994O\x84E\x885\
\xf7\xd4jJ^\xecO\x081#+\xc6\x97+5%\
\xdf\xc3P\x06\x95\xef\xe1\x88\x10\xbf\xfbL1@\x9d\xee\
\x82\x7f\xb7\xe4\x90\x5c\xb8\x92\xb1\xd0\xd1(\xc9.\xd9'\
\xff\x22\xf9\xf7\x02\xf2\xae\x804[\xa5\xa0\xc5\x0f\x03{\
\x9fm\x1e\x08\x8f\xfa\x5c\xddM\x815\xce,\x8a|\xee\
R\xc5Ex\x86\xe3\x06d\xe1\xd3e\xac\xe73\xf9\x98\
q\xc5\x95\xcf\xa6\xe4\xf7\xf8R\x8e\x063\xa9X\xc0c\
\xd8\xea8c\x09Iy2\x18\x1b6\xe3\x9a\x98/C\
\xea\x93\x98\xde\xb0wl\x0d\xa0dtCAr\xa1B\
V\x9eSI\x83\xd3X\x8d+\xc0I\xe4\x81x\xfb\xc1\
z\x0c\xb9\xa7ac%y\xb8D\xd0\x13o\x87\xa4\xbf\
\xd8\xadba\x0c\xe7\xcbG\xd4]\xc4v\xc8\x5c\x08\x9f\
D\x92\xddp\xb6\xaeb\x14\x11\x0b{\xe0+\x9d1\x92\
\xb0F\xaa;\x02\xd4\x127\x91\x12\x98\x01\x18\xa6$L\
|?\x03Z$\xa1\x8b|&\xbe\xa0\xde)\x8f\xd5\xc8\
\xe3\xae\x1a\x97\xa5\xee\xfa\x8c\xca\x99\xef\x8f\xc6\xc5\x98\x0f\
\x90?\x03\x8dN$\xa2\xc4\x07\xb6\x14Kk\x82\xcd7\
X2\x05\xc2d\x80\xa6\x8c\x1ci\xc3e\x00A\xe5\x1d\
b\x01\xcd\xf9xU\x05\xf0\xcdp\xbe)\xd2\xca4\xb5\
\x05\x1c_\x90\xd1\x13\x84\x18\x13\xc9T\x22\xc3\x1a\xda\x8c\
\x1eM\x93\x90Z\x86\x84\x03\xd6\xc9\xbf\xe1\xe3\x07\x8d\xdc\
\xf1Y\xb8T+\x18x\xf6\xacBe\x93R\xa4\xb2:\
\x9f\xb1\xe5#\xbfr@8\xbfro\xa7\x1d \xa4\x01\
\xeb\x98\xf6X\xecJ\x1e\xe1^\x1dPZe\xda\xa7S\
5\xea\x80\xc8\xb5\xa6\x0arU\xfdY\xe5\xa3\x13%\xf1\
jT\x8c\x95\x94\xe2\xbe\xf8\xda\x22\x02\xbbfp0\xd9\
\xa3\x15\x0d\x97\xcc\xab*\x07\xca\xb4P\x5c\xf2\xe4\xf0\x90\
$\xa1\xc7\x16<d\x1e\xf9\xee;R\x9bC\xbdn\x88\
\x0d9\xfd\x863\xdfs\x14\x1c\x17\xc4V,\xd2R \
/\x1b#S2\x18T\x91,\xb8\xcf\xdeu 2\xf2\
&\xcf\xc0w\x0f\xe1Y\x9aiaqI\xc0\xad8\x0b\
\x90*\x8d\xe5\x89&\xa9\xbep\xaf\xcfX\x98\x8c\x16\xd4\
\x8f\xd9\xb8\xac\xf6M\x96j\x15\x22\x87\xc0\xbb\xe1I\x00\
>rH>\x7f&\xd6\xe9Y\xe2q1lpW;\
\xa85W\xee\xea\xdch\x9bs\xc3c>\xf7a\x15Q\
2a\x9b\xa0\xdd\x15s\xafA\x98\x95\x93\xa7\x8a[]\
{O\x18\x9cg\x9b\xfd5\x03jHJ\xcaj\xc5\x97\
s\x0f\x89o\xaa\xf6\xbd\xc5mf\x0b\xc4r\xe9\xb3\x86\
\xfaZ\x86\xf1\x0f\xbd\xf9\xabD)\x11:,\xa4@\xaf\
g'x\x8b\xb3\x99\x90\xd3\x07)\xf3\xb8\xda\x04gg\
\x8f\x95\xec\xa6\x9c[Hi\x02Z)\xa9\x82\xb5r\xbe\
\x08Ke*\x0bs\xd7\xf3\xe5\x98U5\xe2\xc6t\xc3\
$\x1b\x10y\xfc\xd13:\xe2\x95fK\xce\xe80\x0d\
\xb1v\xc2S\xf5\xce<\x1e\x8f\x7f\xcd\x02~]y\x9e\
\x94pV\x0d3]\xa1m\xb3\x8c\xc0\xf8\xdd\xb2\xd1w\
\xc7OD\x8b\xd1\xb6zH\x07\x02\xe4k\xea\xaeF\x19\
\xcd#t\xd1\x0d%F\x12\x8b\xcd5-{\xe8\x96\x11\
\xb8p\x1d5w26\xd3\xf9\x222\xb1 E\x88\xd4\
\xa7\xd6P\x98\xd1\x06\x92\x82\x8c\x92\xe6T\x9c\x9f\x8dy\
\x95e\x05h\x9e\xe8\x8d\x8a\x9cec\xee\xa3S\x8f\xd2\
vZ\xba\x17\x90_z&\xc7w\xd0vF\xad\xd9\xd1\
\x0dd\xbf\xb8\xabV\xbd\xb8\xaa\xd3i0\x1d\x85l}\
N\xd5\xaa\x1400\xea\x0d\x87\xc8s\x98\xab\x05(3\
\xd7\xbaa\xcc\xd4k\xb0\xbe7`\x14\x97 \x16H\xf8\
\xe7\xe2\x95\xb8\x1d\x19\x19}\xb2%K\xdem\x9a.\xc1\
\x97\x1f\xb4\xed\xd6W;\xaeHBe ,)\x94v\
\x88\x99^X\xd7\x03\x1b\x126S#@0\xb6\x06\x1b\
\xfb\xaeF\xb6'\x90\x1b \x89\xb0\xb8\xb9p.\x19\xbd\
n\x8f\x06ml\xc2\xfd\x8er\xd5\x19\xe9\xbc\xad\xec*\
vH\x83a5\xcb-\x8c\xb2\x92I\x82\x1eGX:\
4\x13\xc9\x86\xb6\xef43\x9a\x9d\xd6t\xa26c\xc9\
\x11\x9b\x96P\x02\xb8\xb2\x99\xc1\xc7\x9c\xda\xab\xba>\xa1\
,\x8c\x82WX\x00u\xe3\x22\x9f)\xc6+\xa5\xda9\
xQ\x081\xeeJ\x08\xf8\xa0z\xc1`\x5cw\xe5>\
T\xd4P\xf5\xd5x4\xd0\xe9\x0a\x19=u\x22\xa8~\
\x9e:\xbfE\xe6\xc9\xf0c\x09\x12x\xea\xcc\x83\x08\x9e\
\x8a/\x16\xe6\x03\x9ek6\xc7\xb1\xf8\x06\xa1\xa0\x14u\
\xe1C\xd25<]\xb9\x0f\xcf\x90!\x94\x90\xf8\x8c\xf5\
\x08\x958\xeb\x85\xcb\xf1\xa0\xc6\xc5\x81\xce\x88\x90\x82 \
z\x8e\xb8\xe9\x0d\xc2S\xc4\x09\x95*~P\xf3\xb1\x0e\
(b]\xe2\xa6\xc1\x01~\xa7\x86(\xaa\x89\xa2\x81\xc4\
iH\xabq\x1e<\x9e~r\xf8\x88\xdc\xa0\xb9mV\
\xd6\xe2\xce \x16\xa2\x9f\xb7\x08\xed\xe9\x83\x82\xe5\xc3\xa1\
\x94>\x88\x87\xdfW*\xf0\xcd\x07<o\xf5\xf7(R\
\xe6\x89\xebn\xfd\xd8<\xf1\x87\x1b\xe3)X\x94\xcc\x91\
\x0c1G2\x02$\x09\x5c\x0a\x1e%\x8a-\x8c\xf0}\
-\xbb\x18H\x1a\x0f*\xaaT\xfc\x10\xe1\xccuYT\
\xef(h97\xdc\xda!x'\x9f\xb9\x00\x8c\xea\xd5\
\xf4!\xd9\xec\xbb\x5cCL\xe2^Jd\xad\xce\x03v\
\xda\xe4;&\xd6\xacs\xe3\xa6\x1d\xe9q\x8fM\xf7\x1e\
\xb6i\xa6\x0a\x0f\xdew\xbfo\x8a\xdd\x03\xd7\xf3\xde\xbe\
\xd5\xee.<=:\xf3\xbcw\xe5\x18\x9e\xf5\xa9\x0e&\
%\xc1\xa4\xed\xac\xca\xd8\xed\x94\x8c\xc0Ca\xf7\xca\xb4\
\xa3\xd2\xb6\xd4\xb8\xd6\x97*\xc0\xd2VT\xd6\x93\xaa\x01\
\xea~\xd4\xb4\x96\x8b\xba>x\xaas\xe1s\x17\xf0\x9c\
\x83\xc9F\xce;1K\x948\xc2\x89\x02.V4\xf4\
\xa8\xf4Lj\x0b\xde+M\x010\x1d \x9f\xb3_\xe9\
\xa2b\xd9\x91\xf0\x93 4\xad\xc2\xba\x14h\x08~R\
\xc6\x0e\x18\x1a\x90e\x8eP+\x15\x22\xea\xf2p9%\
{\x93z\xd1\xf7\x93X\xdb\xb1\xe2\x9f\x99\xd1\x88?\x18\
\xc6\xb6\x14n\x19\xfe\x17\xcd\xb9K\xb0Zm\xbf\xb6\x0d\
2\x09\x97\xed\xdc\x0e\xd5\x97\x14\xdd\xdd\x02\xe7\xcaV\xc2\
\xf7\x98\xc4\xdd\xf3\xa0\x02;\x94\x83H\xf9\x0f2\x00\xef\
}\xe8\xdf\xb5\xa1\xbdo\x0e\x95;\xafN\xda[4R\
m;\xa9*\x11\xf3J\x8au\xcc\xda\xc8\x11\xe1\x11h\
\xd25\xab\xc4\xcaJ\x9a\xd8A\xdc\xfd_.\xe3\xcc\xf0\
7\x88\xb8\xee'\xec\xc0\x01f\xd5\x10\xd5M\x1c\x1f\xec\
\xa4\xe1\x14\xbfd^\x0d\xbf\xbfW+&\x07W\xbdD\
\xd5W\x07\xf34\xf9\xab\xe9 \xee0x\x80\x08\xdf\xa0\
:`\x15\xfc%\x22,\xc1\xbdM\x9d\xa7\x1d\x10)\x9e\
\x81I@\xb6\x92n;\xcd\xc76\xb0\xf0\xb8V*o\
\xc5\x9d\xd2\xe26\xcbX\x08\xf0\xcf\x91\xe0\xa1\xba\xe0\x7f\
0\xe3\xd1lpkI#\xac\xcf\x0c\xe1X\xce8\x1f\
\x84\xf4>\xc0p/\x95\xb9p\xa5\xf0\xfdWT:7\
L*\xee\xa2\xc7\xcf\xc7\xc8\xa7,\xd0\xecM,\xa2\xb3\
J\xb1#\xcb\xc1h^/\xf2\xec\xed\xb4\xfc\x9d\xc4\xe8\
\xa3\xfd\xd8\x8d\x84i\xa7\x15\xaeZ\x13\xb6\xc3\x1d\xdb\xfa\
\x91\xed\xe0m\xc9\x00\x8a\xa1\xb9\xe8j\xfc(\xb9\x01\xca\
\xf7\x9f\xcc\xe0o\x96\x19\xf4\x89\x1a\xb6\x9a\xfe\xff+l\
 \x85\xff\xc4\x8d/\x8b\x1b\xc8\xc3\x7f\x02\xc7\xf6\x81\xa3\
\xd6\x81\xb2\xb7\xc46\xfay\x1b\xf7\xbb`\xfb{\xf8\xf1\
&o~\xc6\xe2\x18\x9b5V\xa7~\xac_\x15\x1c\x89\
p\xc1e\xa0\xdf\xf8o\xf0\xb4\xb5\xb7\xfd\x8c\x80\xda\x92\
8\x91\xeceY)\x02\xb3g\x06\xf7\x0b\xc0\x80c$\
t\x8e\xaeN\x89\xf4\x0d\x05\x01?\x91\xb7\x1a\xf2;\x14\
\x0e\xb9\x84\xe1H\x0a\x17\x90\x10\x97\x86\xa1Pd\xce\xf0\
\xd5#\x14\x02\x8ee\x1bd\xd4\x94\x0c\xd6T\x86\x83\xcd\
\xbe\xfe\x08<6\xf3\x0bo\xff\x0b\x8b\xb7\xc8!\xca\x8d\
E\x8b\xb5\xe5\x17\x0fFv\xcd\xdf\xd4\x5c\xb4\xc0\x15w\
\x156\x82\xb6\xbc\x91\xb6w\x1d\x9bp\xdb\xe6\x09-\x9a\
\xd5\xe8\xbd7\xb4gh^\xbe\x10\x0d\xf3dh\xd1\x9b\
!\xa8\x8cL1\xc5d\x85\xe1y\xceX\x08\x9a\xe6\xa2\
Z,\x12\xdf\xbf\xd3\xa9Zey\x9b\xc8\xdf_\xd7\xe8\
?\xaf\x91m\x0f\xe2\xc5\xfcE\xe4s\xfd\xd2a\xfb\xe8\
\x9fA\x04T.9\xd2\xb4wP{\xa9'9,\xd2\
\xb6\xa7o\xd7\xbc\x85\x81?\xc0\x91R\xbf\x1eh\x80\x1b\
\x1e\xb2\xef'0\x18`\x8c=\xe0\xf0\x00/\xefp\x95\
F\x9b\x83&\x84+|!\xa7\xe6Lo5JT\x89\
8\x06\x1b|\x89\x04\xf8\x18~\x98\x1ce\xb7\xa9\x1c\x0a\
<\x0f\xd5\x0e\xd9s&-\x8e\x1f\x92\xb72\xba\x95\x00\
\xbf\xdc\x03\xdd\xf7c|\x83\xae$\x0dc\xc3\xba\xc1x\
C\xac\xed\xca\xc4*\x82*G\x5c\xcb;\xd8*l\xc0\
C\x1e$A\x0a\xbe\xf7b\xd2\x05\x0c\xbcZ00&\
/\x05\xdf?\x98t\xe4d\xcd\x9c\xaf\xad\xafq\x9a\xbe\
\xd7\xea\x0a\xe2\xd9\xbb\xaf/\xcf\x81Z\xf3\x8d\xb6f\xc9\
\x09\x10y\x91\xfa\xea\xa9yG\xf8~\xfe\xdb\x98\x1c\xfe\
\xa7\x8d\xe0\xc6[\xd9tM;t\xe5&\x8a\x1d\xec\xbe\
\x8d>C\x1b\xc7\xae\x0e\x03]jz\xefV\xb2\x8a\x97\
\xc5\x8fG\xd3}_\xa9ww\xb3P\xe6\xd4K\xfd\xd9\
\xe6\x86\xd7\xcc\xf3\x08\xd4\xaem\xe9\x992q2\xf5\xa1\
\x83GS\xa2\xdc\x22\xde\xe6Ea\xcbq\x5c\x11:1\
xv\x17\xe9\xf8]\xba\xd3]\xa8\xc7\xe9.\xc7r\x22\
\xde\xc5\xe9x\x17\xce\x8b\xaf\x88Z\xc8\xf3x\x0c\xf9)\
Ty\xb3y\x0c\x8e\xc3\xcd\xee/`b\xf4\x8a\xc5\xdc\
c'n\x1b\xabJ\x1d\xbfr\xbb\xfb\xc1=\xbf\x079\
#;7\xdb|\xd1\xf3n\xe7\xb2OlzvJ\xe7\
\x90\xe0\xf4h\x90\xbe99}M\x8e__\xceNN\
/:szHj\xc0y_d\xfbN\x9c\x17\x1d\xc0\
s(\x1d\xba\xb4&\x8d?\xb5x\xd0UQ\xf0[\xe6\
\xa7\x15\xc5A\xa7&R\x086!&\x91\xe6\x1e+\xfe\
z{\x04?\xf1.n\xc7\xb2\xb9\x00\x1d\x0a\xcet\x84\
\xb6\x86L\xab9\xf7\xebx\xfe\xcf\xca\xd6\x9e-\xf7\x07\
\x9e\xabr\x9b\xe7\xab\x9d\x0d\xcb \xf2\xe8\x07\xec,\xd8\
\x1f-\x90\xda\x80\x1fR\xbc\xe7\x05[\xaf\xe2\xfd\xcb\x0a\
\xf8>,\xdd\xb6\xd8\xdf\xba\xe0\xef\x08\xf3\x0f.\xfc[\
u\xa1\xb3\x03\xb7\xad.\x94;qv\x88\xedS\x80B\
\xfc\xc5\xa5\xbevHU\x917\xae\xe8\x12u\x9a\x10x\
\x98\xdd\xc8A\xc7\xfe}\xe2\xb6!\xb0#t\x7fi\xf8\
\xb6\x86\xf0f\x03\xa35\x9c\xb7\xea\x00\xfeaz\x0b\x0a\
d\x976\xb9'm\xeb.\xf4\x0d\xd1M\xc2\xab\xdc#\
\xed'\xbd3\xca;\xcd\xb4=\xe2\xfd\xdc\x15\xf1\xcc\xe5\
8fXXJ\x83_V\xee%W\xee\x14b\x91\xd6\
RB\x15b\xb9\xd4\x17m\x01g\xedzev\xc3\xf8\
%\xd9\x034\x93m\xc5\xf2p{)\xee\xb6\xf6\xe37\
:\xa5\x1e\xb6\x82M&0\xf1\x0e\x15Oo\xd2n\xe4\
Y/\xa3\x02\x81@\xf4\xfb\xeb\x8c\xaa\x83\xa9=;`\
\x9b\xdb\xa3\x0f\xfcO\x00V\x87\xdbr\x8b\xb2~\xe9\xb5\
\x1f\x99\xc7_\xed\x7f\x05\xd8\xa5\x96\xbdU\xeb\xf4X\x1b\
\x22b\xc7\xd4W0\xaa\xe2\x02z?\xa3z\x0f\xf0=\
\x8c\xaa\xbb\x22}t\xa3\xc2S\xfc\x9dM*\xfd\xbfh\
\xa3\xcd\x90\xdb\xb4\x9c\xfb\xb4\xa07\xaf\xfc\x1aZ\xbc\xb9\
.o\xf6\xa9\xef\xff\x042\x08\xd0\xaa\
\x00\x00\x02\x83\
\x00\
\x00\x08\xabx\xda\xa5U\xdfo\xd30\x10~\xaf\xd4\xff\
\xc1\xf4\xa9{\xc0\x19hB(\xd2\x1eF\x11\x02\xa9\x83\
mT\xda#r\x93Kb\xcd\xc9\x85\xf3e]\x81\xfd\
\xef\xd8I\xdb\xa5K\x1a\xd8fUr\xce\xf7\xf9\xbb_\
\xbe\xab\xceK$\x16\x97|Y\xe9\xe8f<\xd2{\xb2\
\x9c\xab5Vl;\xe73,\x98\xd0\x1cV\xc8s\xc5\
@Z\x99\xf1h<\xfa\xe8vL\xc5\xef\xf1H\xb8\xa5\
\xe3P\x10\x227\xd2](\xa6\xa5\x22(X\xaet\xcc\
\x99x-\xea\xfdH\x04\xe2m\x03Y?@2\xd0i\
\xc6\x0e\xd3|l@\x0d,\xc7X\x99P0U\xd0\x1c\
D\x06-\x5c\xa0\xd1\x91c\xb8\xc0\xb2*\xe5W<\xab\
\x18g^\xb1\xbdV\x12\x96@\xbc\x16\x96I\x17\xa9\xc8\
\xc1Z\x95B(&\x93A\xc0b]\x0e\x80\xe2:\xe4\
\x85fS\x83\xc4\xd6Z\x1d[(NN\x8ew\xf6U\
\x1c\xbb\x1b\xa1x\xf3n{t\x85\xab&\xf1\xdb\x94\xf9\
\xa5\x8a(C\xb22\xd1\xc6E\xd9\xe4\xe3AkK\x15\
=b\xf1\xebK\xee<m\xb3\xf8\xd5pKetZ\
\xe4\x8e%t\xd5\x93g^\x9aC\xc2\xe2\xcfN\x5c`\
\xd9{\xb3$H\x80\x08\xe2\xebM4\xef\x87a\x9f\xeb\
buq\x16+\x8a\xe0\xbb\xfe\x05r\xd5\xcf\xd4Bd\
-\x92>P\xf88\xccZ\xb5\xd2\x1ceb\xda\xaa\x99\
d\x9c\xe3\x0ah\xa6,L\x8f\x8e\xfanEN%&\
?+\xb0\xac\xb1\x98\x84]\x84_\x04\x5cQ\xe1p\x14\
\x85A\x10\xc4\x8aU\xa0}\xbem\xa0#,l\xd0\xbc\
\x81\x1f5\x8f\xb4\xb7\xe9\xe4\x90\xa5\x95\xa2\x17[\xf1\x1c\
\x83F\x5c%\x90^j\xa5&\x194\xa3\x8b\x04\xfb\xac\
\xc4\x90\xa8\xca\xf0\x0b\xed{\xf6\x03\xe6\xef\xf7\x8fZ\xe2\
}\xfb\xc1\xcc\xd0Ty\xd1m\xaf\xd6\xbb\xf5\x1d\xb6y\
\xd9\x0f\xc3\xe4y\xcd\xf3\xf8\xee\x12L\xdf\x83c\xb8\xe3\
f(\xca\xd6\xe0\xe8\xe2\x127]e\xa9\xef\xc0\xf8\x96\
h\x9a\xbd\x17\xb3D\x13\xf7y_\xd7\x09\x0dR(\xb6\
\x03Z&H\x90\x12VE\xdc\xc5\xdej\xab\x97~\x84\
y\x0f\xc5\xab\xd3\xd3\xdd\xc0{j\xde\xea\xe1G\xaa<\
\xc7\xd8\xd1-\x1c\x9d\xbcvb\xa7h\xfb\x07\x1ewF\
\xa0\xfe\x91\xb4M{\xf7c>!\xe5\x8a76\xaft\
\x94\xf9\x8f\xfft\xae\x0bs\xce\xc4\xdf\x0a\xb3>\x14\xa3\
\x05\x03\x11\x7fX\x9fce\xe1\x10h\xa9\xa2\x9b&\xe5\
\xa1(*cD\x9f\xa5N\xb1O\x9eV\xcb\xe7\xd7\x89\
\xb1\xbc\xd8\xfe+\x1d\xf7x\x8f\xcc\x98\x0f!\x8ck\x85\
!=\xf9Q~\x08\xb0\xdf\xb9\x9b\xcd\xfd\xfe\x02\xa1\xb6\
@\x1f\
\x00\x00\x02M\
\x00\
\x00\x0a{x\xda\xbdVQo\xda0\x10~G\xe2?\
X}j\x1f\x96\xd1J\xd3\xa4H}\xa0L\xd3\x90Z\
\x89.\x95\xfal\x92\x03\xac:vf\x9f\x05l\xca\x7f\
\x9f\x1d\xc7\x10B\xd8\x96N`\xf1\x90\xdc}w\xf7\xdd\
\xf9\xb3\x03\xcb\x0b\xa9\x90<\xe3\xb3a\xe9\xdbp\xc0\x0e\
\xde\xa3W&2\xb9>2O\xa4@%\xb9>\xe9\x88\
\x9e(\x82b\x94\x1f!\x1e\xe9V\x1a\xb4\x91\xc3\x81O\
N~\x0d\x07\xc4.\x96\xc5d]Y\x92\x82\xa6\xf0\x0a\
\x14W\xa0\x1c\xcey\xd7,\xc3ULnG\xa3\x917\
\xac\x80-W\x18\x93\xcf\xce\xe0M\x13iK\x09\x10\x18\
I\xe1\x9e9 \xd8\xa4u~\xb76\xe4\x9e$\xa9\x02\
\x10Q\x95\x90|$w\xe4\x03\xd9=\xef\x91\xdb=\xd2\
W\xaa\xa1\xfb\x17\x8f-C\xf1\x5cf\x943\xdc\xc6\xb6\
\xd3h\x5c\x14\x9c\xa5\x14\x99\x14O\xce\xee!\x0bN\x97\
\xba\xf2\x87\xb1z;2\xe4\x10\x93\x1f\xfaE]_\x8d\
\x15B\xce\xb4-U\x8d\x81\xd4s\xb8\xba\x09\xe8\x85\x11\
\xa9KLL\x91\xd9!?HD\x99?Pu\x9d\x83\
\xd6t\x097\xcd\x86\xb5\xcb\xb1\x83D\x08\x1b\xb4\x8d\xd5\
\xc8F\x07\xfeqf\x8d\xcdh*\xd2\x95T:Z0\
\xcecRPeg\x1b\xb0\x15\x15)\xed.\xc7\xe4\x91\
\xce\x817\x03\xc3~\x1e\x96?\xf4/\xacT\xa2\x82m\
\x80'\xec\xa7m\xff\xf6\xee\xd0\xcfa\x813\x9aeL\
,c\xf2\xe9\xd0\xa7\xdc&\x9cr\xce\xabz]\xde\xb2\
I~\x22\xb9\xc9\x85\x97c\x9b\xfb\xdf\x1aw\xeb\x85\xce\
mO\xed\xc8\xd09V\xdec_\xadc\x9f\xd2\x8b\xf0\
\x18\xe4IU\xd5_=\x1e\x95\x816\x81@\xc2\xd8v\
E\x17\x8fJ[v\xc7\x83\xb4&F\xb9\xaaNJm\
X\xf9\x9f\xa9\xbfJ\x05)\xd5\xa8\xcf\x91\xfc\xcb\xf7\xf1\
\xec\x1cy\xc7FIE\xcf\x919I\xc6gIk\x04\
\x99\xe6\xf6\x90\xaa\x7f\x99s\xd9\x16L\x824}\xeb\x16\
\xbc[\xa9\x97\xc7Td\xb0\x09\x02\x8e\x9a\xc6?\x0a\xf5\
[}\x1f{\xa5\xbe_\xd1S{\xfd\x9d\x9aE\xf3\xc3\
P\x8b\xb9}eu\x9dE\xdd\x1d\xd6\x1dTv\xce\xf5\
\xfd<\xc3\xc9\xe8K\xb4\x19w\x19\xa6\xee\x98\xf5e\x19\
b.\xc3\xd0\x1f\xd8\xbe\x1c\xf7Q\x97ai\x0f\x7f\x1f\
z\x16~!^F\xd4\x97G/z\xbb\xa8>,O\
\xbc\x96\xbb\xbf\x1c\xf6\xf7\x1b\xfa\xe8n|\
\x00\x00\x08\x18\
\x00\
\x00-\x8bx\xda\xddZ\xddr\xdb6\x16\xbe\xefL\xde\
\x01\xd5\x8d\xe5nJI\x9e$\x9bh\xc6\xcd\xc8Vv\
\xeb\x19\xdbIlo;\xbd\xca@$,a\x0c\x12,\
\x00Fq[\xbfE/\xfbt}\x92=\x00H\xf1\x0f\
\xfcs\x1cw\xb7\xbcHd\xe2\xc3\xc1\xc19\xdf98\
\x00H\xc3\x98\x0b\x85\xde\xab\xf7\x09\xf5o\x9e|EK\
\x7f{?\xd2(\xe0\xdb\xda\xebc\x1e)\xc1\x99ll\
\xf0\xce\xb0\x22\x82bVC\x9c\xe2[\x9e(\xe8\xb9k\
\xd9\xf3&>\x87\x9f\x11\x89\x94\xdcCX\xa2\xff\x9c\x1c\
\xef^h\xa0\xd5\x02\xfd\xfa\xe4+\x04\x0f\x0d\xe6hk\
\xde,\x8fB\x1c\xe15\x11\x1a\xa4\x9b\xb64P\x9b9\
z1\x9d\xda\xbf7\x84\xae7j\x8e\x9e\x1dL3H\
\xc8\x03\xcc\xa8\xba\x9d\x83F\xde\x22\x8e\x19\xf5\xb1\xa2<\
:\xd3\xef-\xe4\x9a\xe1\xb54\xedK\x98\x01_g]\
\x15U\x8c\xcc\xd1\xcf\xf2J\x8cG\x0b\xa1HH%\xfa\
\x16\x9dr\x1c\xa0%Vx\x85%\x19\xedg\xe8X\xf0\
\x98\x08u\x8b>b\x81\xfcD\x08\x98\xcd%a\xc4W\
$8\x81\xbes\x14%\x8cU\xb0R\x09\x1a\xad\x11\x03\
\x91$X\xae\x96T\x9c\xe3\x10\xc6\x1c\x8d2\xb1\x92\xae\
#\xcc\x0cby\x84\xc6i\x87`\xa5q\xfb%H\x00\
\x83)\xd2\x01\x02\xad\xe0]\x0d\xf44\xd3$\x22\xdbe\
\xd6-\xb5N\x12\xf9\xda`F\x85S*\xd58\xa0\xbe\
z\x9a\xeal\xa0\x99\xa7\xf4\xe33\x82\xc5\x82\xb1\xf1~\
\xfe\xae2=tX\xe8\x5c\xe8\x99H\xc5\xc3\xe5\x91\x1e\
\xc3\x8by\x9c0\xe0\xd4n\xc0T\xdc]M\xad|\xc0\
\x92\x1au\x07\xc0\xb0\xb9\x07v\xfe=\xc5+\xc2<E\
>)h\xdf;\x9f,\xf6r\xc0G\x22$\x0cQ\x86\
\x14\xda\x03\xad`S\xa3\xe2j\xc9}\xd9\xd6~i|\
\xd2\x0a9\x09\x81\xef\xad\x88E\x12P\xde\x08(\x19\xd5\
\x98\xcaX\xb4\xd1\x9a\x96gG\x89R<*[\x94^\
\xa3\xb1\xc3\xaa%L\xe6\xec\xe5\x91\x0b\xea\x05\xab\x0f\x01\
\x15\x1f\xa2\x9c\x95\xa9\x12M\xba\xf87g$J\xc6\x8a\
\xaf\xd7\xacL3Kv\xab\xa7\x07\x9c^1\x12\xc0\xd4\
\xbf\xb6\xd0\x1cg\xf9\xde\x8d\xd3Z\xb7\xa3\x1c\xcc\xd3\xc9\
\x0fKu\x05f?\xe6\x8c\x8b\xb1\xaf\xff-\xe9\x09Z\
\x22\x96\x844\xc2\x91\xaf\x89?\xf5\x0e^\xbdB\xdf \
\x83\xf4\x04\xfa\x07\xbcy\xfe\xf2\x9f\xbb7k\xf3f6\
{\xb6{\xb3*NF%\x22*\xc8\xfbN\xf7~\x8e\
^\xa3\xd1\x8aa\xfff\x84 sl7T\x91QE\
g\x9b\xd8\xce\x88\x94@\xa7\x92W!\xb9\x06\xa6qi\
,\x0a\x09\xfd\x9a\x8a\xd0\xa4\xc8\x1ce\x92\xe8\x1c)\x91\
\x90J\xf8\xe4\xe9\x91 H\xf4H&\x82\xbc\x1e\x15\xbc\
\x1b\xda13\xdcO\x80\xc1\x80\xc5+X\x15\x80\xbe\xa9\
#\x91\xda\x10\x1dN&\xa7\x22\x1c\x05\x083\x86\xa8\x92\
\xc6\xc8z]@\x900!\xfb\xc3Ov\xeb\xa1+\x80\
C\x12\xf5A8\xf2q\x14q\x85V\x04%\xb0HD\
\xc4s\x0c\x7fu\x1b\xeb\xac\xba\xc5\x22\x1a\xe5\x8dR\xc1\
HX\xa4\x8e\x87%\xc0\x9a\xc9;\xd6\xc6e\xe8\xb7\xec\
\xef\x9f\x88\xcc\x0c\xa9\x1f\x1e-|\x9f\xc4\xc0\xeay\x95\
\xfc}\x83$\xa7\xf0\xa0P)\x84\x8b+r\xac\xbaU\
\xf7\xa6)\x7f\x95-nY\xdb\xa79\x1a\xc7X\x8f\xec\
\x99u\x14\x966\xf3\xff>\x9a\xa0\x83\x1cv\x9b\xc3\xec\
\xf2\x0a8\xfb\xa3\x02t\x92\xc4g\x5c\x92w\x1cV]\
\x90\xf3\x0e\x92z\xec\x9d\xf3E\xa2\xf8\xb1n\xe8v\xc5\
\xdb\x9b\xdc\x0d\xd6-EO@\xd4%adK\x8c\xaa\
\x89\x01\xbc\xe1Bz\xd7\x94\x81Vv\x06e\x84I\x9a\
.\xcf\xe8<\x9a\x11\xf6\x0d\xd0O\x18z\xc2\xd2\x88\xb4\
%\xd15\x17%\xbe\xceG\xfbu\x19V)o\xc5a\
>\xe1\x19\x16k\x1a\xcd\xd1\xecy\x1dx\x0d\x04\x87\xe5\
\x8e\x02\x01\xe8/@\xd2\xd9A\xa3\xbf\xf5\xa3\x93\xcd\xbf\
(a\x81Kq\xed\xee\xdd\x0a\xde\xa8\x93\xb6\xc8\x8f\xb6\
r*;+{bH&d\xc3Y@\xc4U\xc1\x14\
\xe7`\x00\xa8\x1c\xb4\xecQ+)\x1f<T\xb2\xaa\xa5\
+T\x9e\xe6\xb37\x8ba\xff\xd0yW\xc9\x8bn\xf6\
\xe4\xed\x97PH\xaa\x1f(\xd9\xf6\xa3\x9d\x1b\x13\x1aZ\
H\xedsTF\x94\xff\xe2\x82\x82\x14\x93\x93M\x99\xfa\
=\xbc\xf8\x05h\x83YUr\xb1\x92\xf6\xd2\x92U/\
\xf8.M3\xc2\x14K\x84:b7Q\x0f\x16\x1d\x1a\
&a\xca\x9c\xd9\x8bi\x1b8\x16\xe4\x9a\x80\xaf\x82\x0c\
\xfe\xaa\x15\x1e\xe2O\x05\xd9\x07.\xd9\x05\xf2~\x9f\x96\
\xf9\x96\xbdu(\x8f412\x92@\xfe\x92%\x82\x1d\
~\xe72Es\xd5X\xec\xed\xee\xb7\xabT\xae\xa1\x9c\
#\xfbn\x90\xfbm\xbd\x08-\x0e\xe7E\xce@n,\
N\x7fxsqy\xf2\xf6\x1c\xedA\x19Q\x92\x93\xa2\
\xdd\xa2jul\xa9\xabnm\xd0\xddQ\xe2\x96\xbbr\
?\x095\x17?D\x8d\x12\x5cEpI\x88\xdd\xb9\xb4\
\x89p\x14\xc9%\x09\xd4\xb4\xb7\x08\xa8\xd7\xd0\xa5\xfeX\
7\xbb\xba\xdf\xb9\xd9g\xf9\x03\xe6>\xd6\x05\xb7#\xf7\
\x0d\xd9\xa58y\xa6\x99\xff\x994\xab\xecu:\xa9\xb5\
\xd7\x93;M\xc0\xae\xfdP\x0fZ\xb4\xc0;\xf6I\x9d\
\xfev\x81\xefj\xabG\xf9\xc5;(G]\x9e\xcd\xd3\
Z\xe7J\xdb\x98\xd4jK2\x0e\x02\xd8\x9f\xeb\xbc\xeb\
\xe2\x5c[!\xd4\xbf \xda\x15c1\xf6\xed`\x07\xae\
\xc1\xfa\x0e8\xa4\xe4\xa8\x0d\xdd8\xb2~.\xf8\xb6{\
\xe8\xfb\x0c_R\xe1e\x9b\x0a\xad\x05\xa4k\x99\xcd#\
\xb0\x1bo\x0b\xd0\x96\x08m- _\xf4\xec\xb3\x82\x0a\
\xaf\x8fA\xf4C\x18\x0d@\xb6.\x07\xbd7\xfa\xf7\x85\
fkw\xbf\xfb8\xe0\xae\xcb\xee\x93\x09\x1a\x9d\xbe]\
,\xdf,Gh\x85\x83u\x87\xbc\x0bH\xae8\x82\x8d\
|_W\xd9\xd3\xa9\xa3n\xc9&\x87\xeb]\xfa\x1ce\
\x07\xa0\x1e\x86\x827\xeaa\x19\x81\x03\x9a@\xed\xf7\xac\
\x87N\xa1>\xb6\xa4*\xb5\xa0\x99\xb2\xf1D\xa9\x01\x96\
\xfc\xea\xde\xa1MX\x96o\xea\xd2l\x0b\x88\xeb\xa1\xda\
G*\xe9J\x1f\x038\x96\xb2\xee\xde\xfay\x8d\xba\xaa\
ztxxX=C\xdc\xef'|\x8eLE\xd6\x0d\
\xd6\x06\xe8C\x8f\x8c\x22;\xab\xf5\xebR\xdcQ\xa6\xcc\
\xed9\x83\x94^\xf5\xb3\xa6\x0a\xe1z\x8a\xab&\x8bW\
\x03\xba\x0d\xc9\x17\xc5\x05G\xabG\xc4I\xd4\xbe\xe8\xb4\
\xac\xbc\x03\x9a[\x9a\xda\x16\xa9\x1ey\x5c{\xbdX\x18\
\xb5\xa3\xd3\x0c\xde\x91\xbe\x07zc\x90\x17\x86\xe6\xa5\x06\
\xcb5&\xe3^Yuh\xfa\xcf.pf\xcd\x90\xea\
\xbc\x02\xc1\xe3\xcb\x0d\x0e\xf8\xd6\xc4EsG\xae\xd7u\
}\x114\xf5\x0e\x06\xce\xf5\xdf\x82\x06\xdd\x05\x87oj\
\x229G-YX\xf0\xed\xe5\xae\xba\x9av\xc9\xdaA\
\x0f\xa6\xc3m\xdc\xc9w\xd4\x87\xc26g]q\x85\x19\
Jk\xf2yW\xee\xaaU$\xb3aT\xdd@\xcf]\
\xa2C\xf7\x0a\xf6~S4uYy\xaf\xd1\xc7&\xa3\
\xd1\xc0\xf9?\xfbk\xe3\xfa\xe1\x99\xb0\xcc6\xf6\x7f;\
.\xec\xf6\xa8_\x84\x08\xb3\x07\x22\xc2\x03;\x15\xa1?\
\x7f\xff\x03\xd9=\xf4p\x8fN?\xc3\xa3_\xde\xa1\x85\
\x93\x81/\xe2\xd2\xe9\xa3z\xe9wd\xce.\xfenN\
\xca\x0fd\xfe\xcf}\xb4<B\xc7\x82`}\xec\xfc?\
\xe2\xa2B\x89\xa0x\x9c\xddD\xbd\xfc\xc2>\xdd\x1d\x0b\
>\xb6?\x87O\xb7es\xd0H\x0esR\xfb\x80u\
o\xefs\xc0\xf6\x92\xbc\xcf\xb1\xd8\xbdO\xe4f\xd3\xb6\
Pq\xdd<\xd9\xcb\xdc>\x1b\xab\xe2\xe7\x1c\x03\x82\xcd\
\xf4\xea\x8a3e\xef\xfe\x03\xd8\xac\x10\xd1\xc1\xb4\xf4\xdb\
\x8f^\xc7\x06\x14\xf6\xe4\x9e\xe4\x89\xf0\xb5\xf8\x9f\x85?\
\x9f\xe8\x1b\xe1\x89\xbdm\x98\xe8f9\xb1\x13\xf3\xe4\xc7\
u\xc7\xc8\x01\x951\xc3\xb0;Y\xac$\xec\xf4}\x95\
~\x8d\xa2#\xfc\x88H\x1a\x90\x13\xbf\xcb6\xfa\xc2\x81\
\xfa7\xa4\xe5\x9b\x0e\x8f\xc7$\x1a\xef?\xf0\x06\xfa\xf3\
\x9c_\xfcF\xa7\xbf\xf3/L\xaf\x9e\xce\xd7\x1f~\x00\
\x89\x1f\xdb\xfbvf\x8f\xef\xfd>\xe7\x9c\x03\xae\xdf]\
O\xf9\xa2\x1d\x1d\xba\x0e\x00[n/\x07\x9c\xf6\x98m\
s\xe9\x1b\x96N\x12w\x1f\x1257\xda\xd4\xde\x90&\
\xdb\xbb~^\x18\xe4\x9f\xa0\xf5\x0f\x02\xfd-j\xcf\x10\
\x90\x89\xaf?\x97z\xec\x10\xd0\xaez\xa4\x00\x18\xb4\x8d\
.DK\xf9\x9b\xc7\xfb\x9c\x90u\xdf\x1cV~\xc2\x7f\
w\xff\x05\xe2\x82\x87\xe6\
\x00\x00\x05*\
i\
mport QtQuick\x0d\x0ai\
mport QtQuick.Wi\
ndow\x0d\x0aimport QtQ\
uick.Controls\x0d\x0ai\
mport QtQuick.Co\
ntrols.Material\x0d\
\x0aimport QtQuick.\
Layouts\x0d\x0a\x0d\x0a\x0d\x0aPag\
e {\x0d\x0a    id: spa\
ceWeatherAurora\x0d\
\x0a    anchors.fil\
l: parent\x0d\x0a\x0d\x0a   \
 objectName: \x22sp\
aceWeatherAurora\
Obj\x22\x0d\x0a\x0d\x0a    func\
tion loadAuroraR\
eport() {\x0d\x0a     \
   checkUrlExist\
s(\x22https://www.a\
resvalley.com/po\
seidon_engine/au\
rora.png\x22, funct\
ion(exists) {\x0d\x0a \
           if (e\
xists) {\x0d\x0a      \
          imageB\
ox.source = \x22htt\
ps://www.aresval\
ley.com/poseidon\
_engine/aurora.p\
ng\x22\x0d\x0a           \
 } else {\x0d\x0a     \
           image\
Box.source = \x22qr\
c:///data/images\
/artemis_not_ava\
ilable.svg\x22\x0d\x0a   \
         }\x0d\x0a    \
    })\x0d\x0a    }\x0d\x0a\x0d\
\x0a    function ch\
eckUrlExists(url\
, callback) {\x0d\x0a \
       var xhr =\
 new XMLHttpRequ\
est()\x0d\x0a        x\
hr.onreadystatec\
hange = function\
() {\x0d\x0a          \
  if (xhr.readyS\
tate === XMLHttp\
Request.DONE) {\x0d\
\x0a               \
 callback(xhr.st\
atus === 200)\x0d\x0a \
           }\x0d\x0a  \
      }\x0d\x0a       \
 xhr.open(\x22HEAD\x22\
, url, true)\x0d\x0a  \
      xhr.send()\
\x0d\x0a    }\x0d\x0a\x0d\x0a    C\
olumnLayout {\x0d\x0a \
       anchors.f\
ill: parent\x0d\x0a   \
     anchors.rig\
htMargin: 10\x0d\x0a  \
      anchors.le\
ftMargin: 10\x0d\x0a  \
      anchors.bo\
ttomMargin: 10\x0d\x0a\
        anchors.\
topMargin: 10\x0d\x0a\x0d\
\x0a        Image {\
\x0d\x0a            id\
: imageBox\x0d\x0a    \
        Layout.f\
illHeight: true\x0d\
\x0a            Lay\
out.fillWidth: t\
rue\x0d\x0a           \
 fillMode: Image\
.PreserveAspectF\
it\x0d\x0a        }\x0d\x0a \
   }\x0d\x0a}\x0d\x0a\
\x00\x00\x03s\
\x00\
\x00\x0cSx\xda\xadVmo\xda0\x10\xfe>i\xff\
\xc1\xe2K\xa9\xb4\x05\xdal\xab\xca\xd4\x0f\x19\xb0\x81\x04\
-+\xed:i\x9a\x90I\xae\xc4\xab\xe3\xcbl\x87\x15\
M\xfd\xb8_\xb6?6\xdb\x8c\x97@\xa8H7@(\
\xce=w\xcf\xf99\xdbg\x96\xa4(5\xf9\xa8?f\
,\xbc{\xfe\x8c\xe5\xc6\xde\x0d\x13\x11\xfe\xd8z\xddD\
\xa1%r\xb5\xd3\xe0\xf5\xa9\x06\xc9(\xdfB\xf4\xe8\x0c\
3m<\xedw@'@~>\x7fF\xcc\x87E\x0d\
\xa2R\x1a\xc2\x0dP\x1d\x83\x1cf\xa2\x9b\x18\xbbTs\
;\x15a\x8cRy\xb7\x8c\xf3\x06I\xa9\x04\xa1m\x0c\
k\xc3\xf17\x08\xf59M\xa0A*\xc5A*\x0bl\
*1\x05\xa9gdJ%IQ\x01\x8bP\x8c\xbe)\
\x14\x0b\xc4m&B\xcdP\x10\x8e4jI\x9a^\x82\
\x9dBu\x09\x8e\xa8\xa6\x87\x8b\xbc]\xcc\xf50\xe4\x8c\
\xe4\x90+\x98\x8d\xe7\xd2\xa9\xe6\x1c\xbe\x1c\x5c_\xf6\x0e\
\xbe~\x091\x19\xe3;\xbcw\x90\x81\xc4(\x0b\xb5\x17\
f\xd2\xce\xf4\x13\xe5\x19xS\xfb\xff\xf5p\x1e\xf1\xa1\
0\xdfy\xfcL\xf2\x5c\x82a\x0c\xe1\xdd\xb5\xe4\xed{\
\xa6\xb4\xb2\xe6\x17K\xb7*\xb8\x979\xbc+\xc8-\xd9\
erfKd\xb2\xf5\x14f2\x043k\x135\x0f\
{ \xc0\x15\xec\xe7\x5c\xf9.\xc3F\xadV\xb3\x8a\xd5\
\x9cY\xd5\xa8\xd4\x9005\x12\xa8GtJ\x19\xa7c\
\x0e\x9e\x9aN*\x1b<\xab\xe1\xc3Nq\x8a$\x08)\
\xe7c\x1a\xde\xe5&h\xd7\xc5},MN\x02~\x90\
\xcf\xfd^Gk\xb3\x04\xbeg\xa0t\xf5p\x853\x18\
\x0f\x85\x04\x1a\xcd\x946\xcb=\x8c\xa9\x98\xd8\xa9,\x85\
-\x94\xd4\xba9\xa7\xa1u\x22ggg\x1b\x1c^\xeb\
\xe2\xbc](\xf9\x22]\x17\xc3rf\xca\xf9\x1f\xd7\xeb\
\x87\xbb\x15\xd9\xc88\x05Q\xadt\xdaA\xab\xf2\x828\
\x11\xb4\xcc`cZ\x0aDT\xddT\xb2\x89<K\xc4\
|\xff\xaegW\xbc17\xad\x92Mb\xdd\xa7r\xc2\
D\x83\x1c\xd5\xb7\x01\x1cn\x1f\xb5\x8fQkL\x1eC\
hL\xd7\xcd+@\xf3\xef\xc6\xda*\x879r\x8a6\
]\x1e\xa5\xe1^_\x227G\xcb\x81}<\xc8[\xe7\
z\xb8\xc9\xdf\xb0H\xc7\x0d\xa7g\x1e\x93`\x04F\x1a\
\xd23+\xafo\x9f\x8b\x8ak\x8dm\x0e\x89Q\x8f\xfc\
t\xa4\xe6,;}E~\xff\x22/I\xa0\x13T\xa9\
9\xd0XH\xe6\x07\xda\x8c\x04JA2\xe6\xb3\xca[\
\xe2\xce\x05\x03\x0f\xba\xc1\xa8~\xfa\xaa\xb2^\xf4G\xe3\
\x1f\xf9G\xa5\x09\x8cO\x09\x82\x93'\x10\x9c\x94!8\
\xf5\xcb\x13\x9c\xfa\xfb\x13\xf8\xf5\xf2\x04~\xbdD\x0d|\
\xffuy\x02\xffu\x09\x89\xde\xd4\xeb\xe552Ne\
\xca\xfc\x14\x8a\x932\x14}:\x11\xa0q\x22ibh\
:\xc0\x99\xed\xa1*1<TDdn^\x92nP\
\xf5\x83\x0f\xe7\xfbSu\x85\x06\xa1\x98\x9e=\x8d\xac{\
~\xd5\xde\x9f\xac\x85i\xcaA>\x8d\xaau1\x18\xec\
O\xd5\x0b\x86\xcd\x0b\xd2<6<=sP\x02\x09\xc4\
\x84\x83\xa3\x19\xa6\xe6\x02%1\x01m\x0b\xd7D\x89\x82\
\x9a\x94\xd2x\x8d\xd0\xb9\x8f\x9a\xc7\xa5\x09\xfd\x7f#,\
\xb1Y\xafbH\xa8U\xabO\xd3\xb5@\xc3\xebO\xdd\
\xd1U\xa7\xdd\x0f\xae\xba\xcd\xadh\x1bC\x14\x81i\xdf\
S\xd3\x9cM{(8\xa8\xff\xef-\xae\xb8c\xaf\x06\
.LQ\xe3Z\x5c\xa1v\xb6\xa3\x0e\xd8\x96[\xd4\x8f\
\xf6\xe9Y\xd6h{Uc\x9e\x817\x90\xa0@N!\
P\xb6p\xef\x99^O\xf2ayU0\xbf?s\xdd\
\x8eE\
\x00\x00\x05\x95\
\x00\
\x00\x19\x95x\xda\xddX\xebo\x1b)\x10\xff^)\xff\
\x03\xd9/\xb5\xd5v\xe3\xa4M\x1f\xee\xe5$'\xa9z\
\x96\x12%\x8d\xd3\xabN\xa7S\x85w\xf1\x1a\x19\xc3\x16\
\xd8$n\xcf\xff\xfb\xcd\x00\xeb\xc7z\xed\xb8\x1fz}\
XQ\x96\x81\xdf\x0c\xc3<`\x80\x8fs\xa5-yg\
\xdf\x15<\x19\xed<\xe0Kt\xfc\x81\xcbT\xdd\xaet\
\x9f(i\xb5\x12f\xed@|N-\xd3\x9c\x8a\x15\xc4\
\x19\x9d\xa8\xc2\x02\xe7l\xe4a\xbc\x97(hJ&\xad\
yH\xa8!\xef\xbb'\xb3\x0e\x04\xee<\xf0z\x90/\
;\x0f\x08\xfcx\xda&\xb7\xae\xe7R\xb3\x01\xd3L&\
\xcc\x01q\xf0\x96\xa7v\xd8&\xcf\x0e[\x9e\x1e2\x9e\
\x0d-t\xb4Z%d&=V\x12\xdb\x82Y\x06\x22\
\x83t\xfc\xdd\x91#\xd2K4c2v\xf2\xc8\x1e9\
 O\xc8\xac=GN\xe6H?S\x80\xce\x09\x8f\x9d\
\x96\x93\x8fUJ\x05\xb7\x936\x98$\xee\xe4\xb9\xe0\x09\
\xb5\x5c\xc9s\xec\xf7\x90\x81\xa0\x99q\xe3\xa5\xfd}\xbf\
\xe5V\xb06\xf9d\xaeu#\xeah\xcb\xc6\xdc\xc0T\
\x0bF\x88\x9a%\xd6\xf0LRA\x0c\xbda\xa5/:\
I\x02kn\x18\xab\xb9\xcc\x08\xd5Ys-\xf4z\xc8\
\xc6l#\xf2L%\xb0\x8c\xcfN\xf53*\xb3\x82f\
\x9b\x19z\x88\x97\xd9FL\xa7\xb0J(\x9a6\xb8\xb4\
\x01\x11,R\xc8\x04g\xf2(!\x1a\xcdEo\xd5,\
\x12\x22\xaa\xaf\x8e\xd5\x9d'\xe3\xa4\xd0` {\xcd\xee\
l\xb3\x9e\xcf\xaf\xb8ds\xd4\x06\xae\xda\xd5\x97\xcce\
G\xc9\xff'\x15\x05\xab\x08\x98\xad4\x19\xb2d\x84\x8a\
\x86\x8e\xd8u\xb0\xb4\x82/\xadW\xce\x11\xe8\x1a\x15\xa7\
+6C\xb1\x15\xf3P\xf7Y2\xe2@i\xd2\xb8\xa1\
\x1a\xb2\x0b\xa3\xbf\xf5\xda5~#UK\xaaBZ7\
\xf6\xe8\xd1\x12\xbfK\xcc\x01\x09\xa2\xc9\xd1\xd1Q\x95\xf5\
\x06\xed\xd0\xb1\x0d\xe0m\xae\xb0\xe2\xaf\xdei]\x992\
\xd4\x08\xd8VY\xfa\x9a\xd1\xd1r\xf7tNN\xb71\
\x89\xf7\xbc\xc5\xff_e\x90\x10#\xf7\xd9\xc3\x09^2\
\x87g\xdc\xda\x1aK\xb1\xf8\xad\x8cQ\x1b\xd0\x224\x96\
\xd4K\x9446\xd8d%\xe29\xaaw1p\x11?\
g\x9f3\xa3A\x90\xf5w\xb0gsY\xd3u\xd9\xb3\
\xb2\xe2\xfa\x05\xcc\xb6\x17\xff\xfd*O\xce\x92\xe9>_\
\x06\xe1K\xde,\x99\xb7\xf6g%u\xbf\x95Gg;\
\x8cUY&*>\x5c\xb3\xe9\x80\x1a\xbb\xbb\x1e_\x11\
}\x0a\x89\xa2\xb2sf\x0c\xb8fQ\x14\x9e\xc5\xa9\x1b\
\x5c8\x86z\xb0c\xa5s\x8c;\xf2\xda\xc4\xea\x82\xcd\
;\xa9L\x86J\x9b\x18S\x9d\xe9\xael\x93\x9c\xa2=\
\xca\x19W\x0e\xbc\x05\xf9nKLw\xa3\x85\x10\x1a{\
\xd5J\xf0{\xc34\xc9\x178\x86\xc0A\xfapL{\
^b\x0a\xd8d\x8c\x19\x14BLvIG\x92\xf2<\
\xd5\xccX\x0ae\x89k~*\xb8\x060\x06P2\x84\
\xc0\x04AV\x11KG\x8c\xb0\xc1\x80%6\x9e\x9f\xb8\
n\xab\xb6T\xa6T\xa7\xc7\x85\xb5\x90'\xed`\xb7\xf8\
b\xb4\x88R\x12w\xb8\xbcZt\xf8\xea\xa5R\xd6\xc4\
\x89P\x865\x9a\xeb\xbd~I\xe5\x92GJ\xc3\x0e\xb8\
\x10uF=Q\xa2\x18K_\x87U\xa7\xaf\xe7\xadC\
\x8c\xe1x\xe6\xb8\xc2\xfd\xd6\xa2p\xfc]\xa9\xdbz\xe9\
\xf8\xf3#n\x82\x0f\xbeR\xf3aQ\x87\xec3Q'\
\xc2E\x06\x1cx\xa5\xaf\xcb\x1d#j\xd6c\x07P\x94\
\xc69\xbfc\xa2\xc7?C\x84\xec\x1f\xd4\xe3\x12\xc1\xf3\
j\x94n\xa3z\x157\xad[\xcdI\xc8\xfeu\x0b\xc2\
<\xaan\x81\x1b\xd5\xf0\xc1\x0d\xd1\x19t\xd9\x7f\xfab\
;\xfc\x1feA\xfcr\xbdi\xaf\x14\xe6]\x84\xcd\xa8\
\x1e\xe5\xb6\xbb\x00s\xed58\xc8}\x06\xa1t\xc6\x8d\
=\xc7\xe6\xba\xf5;M\x01\xf4F\xc0i\x07\xf5\xc3\x97\
%\x17\xbf\x91\x99\xe0f\x185_\xfb\x89aR&?\
\xbe\xefE\x8b\xdb\xe1\xf6\xe2\xba\x16\xb6`*Q\xdcL\
\x1e\xb7\x1f\xbb\xd7k\xe5Mk\xdd\xbc\xd1\xeb\xffw\x1a\
\x94\xf5\x0cq\x05\xc3/\x93\x0cn5\xdf'\x13B\xec\
\xfe\x1d\xf5&\x06\x0e\x87\xe81\x89\xce\x90\x03\x1b\xa7T\
\x8f\xa2\x7f~\xa2\xa8\xf0E\xf5/\x13\x16~9\xdf7\
.\xd6o=\xd1\x15K1J.\xb9\x1c\xb9o\xa1s\
\xc1\x5c\xdc0\x96\xcf)(\xfex\xa6\xa2\xc7\x1b$\x1d\
\xe3\xdeZF^I\x9cL`\xf7\x82\xef5\xa3\x02\xbf\
o\xf1\x01b\xa3\x18\xc7\x1e`H\x8d\x9d\x9c\xbf\x98\x10\
\xea\x16[\x9dq\x9fil\x5ch\xacs6\xca\xc25\
\x940PP\xab[\x19\x94\x98\xb8\x0eP\xd2\xb5\xebE\
\xfc\x04Isz\xd9%\xa1L\xffe\x12&\xac\xe7\x87\
\xcd\x98V|\xd8\xc2\xe8\x81\xef\xa1\xff>\x0f\xf4\xf3@\
\xbfhm\x8cJ\x00\x04\xe0\xcb\xc0\xf82\xd0\xaf\x02\xfd\
\xeap\xa3\x80\xfd\xb8\xe5\x80\xf0=\xf4\xdf\xfd@\xef\x07\
\xfa\xa0u\x8f\x80\x83\x00|\x1a\x18\x9f\x06\xfaY\xa0\x9f\
\xdd\xa7\x01\xd8\xe0\xa7\xcd\x1a\xbcM>\xc1\xeb$\xe9\xf1\
\xac{JRji\x9f\x1aF\xf0\xdd\x0e\xefTEN\
\x1a\x02\xce#c\xc9\x0d\xd3\x06n\xaa\xcd\x1f;\xbd\xc2\
5yczU\xae\xd2_\xef\xa6.\x94\x16\xf7x\xa8\
L\xafU\xddW\xa4-\xbe\x9d\xc7\xe1N\xebo\xa3u\
s,\xba\x0f/\xedu\xee\xb0\x93\x1c\xeb\xe3pa\xae\
\x09O\x9e(\x19\x1bU\xe8\x04q\x9ft\xd2\xdeC\xd7\
\xef\xf11\xdca\xcc\x1e\x0e\x9b=\xbcu\xc7\xe6&\xab\
\xe1O\xb9\xc9\x05\x9d\xb4I\xa7o\xac\xa6\x89\xf5\xfa\xc6\
\xf8\xa8y\xcc\x0cOY\x17D\xac5\x10lk\x99\xc4\
\x22\xdf\xbf\xa8#u\xe5\xde\xde\xff\x9d\xd1\xc7\x0a\x04\x8e\
W%(y\x228>|\xb4\xd7\xb9x\xf6\xde\x5c?\
\x5c\xff\xf2\x11\xab\x9c\xc9:\x96\xe9\x16O9\xf0\xf7\x1f\
\xe4\x0ae^\
\x00\x00\x05\x06\
i\
mport QtQuick\x0d\x0ai\
mport QtQuick.Wi\
ndow\x0d\x0aimport QtQ\
uick.Controls\x0d\x0ai\
mport QtQuick.Co\
ntrols.Material\x0d\
\x0aimport QtQuick.\
Layouts\x0d\x0a\x0d\x0a\x0d\x0aPag\
e {\x0d\x0a    id: spa\
ceWeatherSSA\x0d\x0a  \
  anchors.fill: \
parent\x0d\x0a\x0d\x0a    ob\
jectName: \x22space\
WeatherSSA\x22\x0d\x0a\x0d\x0a \
   function load\
DrapReport(posei\
don_data) {\x0d\x0a   \
     checkUrlExi\
sts(poseidon_dat\
a['URL']['SYNOPT\
IC_MAP'], functi\
on(exists) {\x0d\x0a  \
          if (ex\
ists) {\x0d\x0a       \
         imageBo\
x.source = posei\
don_data['URL'][\
'SYNOPTIC_MAP']\x0d\
\x0a            } e\
lse {\x0d\x0a         \
       imageBox.\
source = \x22qrc://\
/data/images/art\
emis_not_availab\
le.svg\x22\x0d\x0a       \
     }\x0d\x0a        \
})\x0d\x0a    }\x0d\x0a\x0d\x0a   \
 function checkU\
rlExists(url, ca\
llback) {\x0d\x0a     \
   var xhr = new\
 XMLHttpRequest(\
)\x0d\x0a        xhr.o\
nreadystatechang\
e = function() {\
\x0d\x0a            if\
 (xhr.readyState\
 === XMLHttpRequ\
est.DONE) {\x0d\x0a   \
             cal\
lback(xhr.status\
 === 200)\x0d\x0a     \
       }\x0d\x0a      \
  }\x0d\x0a        xhr\
.open(\x22HEAD\x22, ur\
l, true)\x0d\x0a      \
  xhr.send()\x0d\x0a  \
  }\x0d\x0a\x0d\x0a    Colum\
nLayout {\x0d\x0a     \
   anchors.fill:\
 parent\x0d\x0a       \
 anchors.rightMa\
rgin: 10\x0d\x0a      \
  anchors.leftMa\
rgin: 10\x0d\x0a      \
  anchors.bottom\
Margin: 10\x0d\x0a    \
    anchors.topM\
argin: 10\x0d\x0a\x0d\x0a   \
     Image {\x0d\x0a  \
          id: im\
ageBox\x0d\x0a        \
    Layout.fillH\
eight: true\x0d\x0a   \
         Layout.\
fillWidth: true\x0d\
\x0a            fil\
lMode: Image.Pre\
serveAspectFit\x0d\x0a\
        }\x0d\x0a    }\
\x0d\x0a}\x0d\x0a\
\x00\x00\x0a\xd3\
\x00\
\x00U\x1cx\xda\xed\x5c{o\xdb8\x12\xff\xbf@\xbf\
\x03\xcf\xc0!\xf65U\x9c\xa6\xc5\xb6\x06\xba\x8b<\xaf\
\xc1\xe5\xb1M\xd2\x06\x87\x22\x08h\x89v\xb8\xa1E\x95\
\xa2\x93f\xf7\xf2\xddo\xa8')\x91\x92\x9d\xa4\xdb\xa4\
\xb0\xd1\x06193\x1c\x0eg\xe67dD\xd1I\xc4\
\x85D\x1f\xe5\xc7)\xf5/\x9f?\xa3\xc6wo\x93\x87\
Rp\x16;;\xbc},\x89\xa0\x98\xd5(\xf6\xf0\x0d\
\x9fJ\xe0,z\x96\xbc\x15\x9f\xc3\xaf!\x09e\xbc\x84\
p\x8c>\xedn\x16\x0d\x8a\xf0\xf9\xb3\xdf\xf1\x98\xa0\xbf\
\x9e?C\xf0\xa1\xc1\x00\xc5t\x1cb\xa6Z\xd36>\
\xfc\x83\xf8\xf2\x00O\xc8\x00u\xca\xce\xc3\xe1\x1f\x1d\xc5\
\xaeH\xd2V\xc4#\x12nq\x7f\x1f\x87\xd0/\xba\xbd\
Z\xe71\x1do\x07Tr\xd1\x8d\xa5\xa0\xe1\x18\xc9\x9b\
\x88,\xa3+,\x14\xd5y\x84\x05\x9e,\xa3!\xe7\x0c\
\xd1\xf8<$\xd7\xa6\x08\x1c\x04\x9bX\x9e\xe0q\x97\x86\
\x12\xf9l\xb8\x1b\x98\x04\x01aD\x12\x9d\x06\xcb\x84&\
\xa5\x8a\x04(!\xe4\x0d\xcaF\x9f\x0a\x06\x1a\xd1\xe0\x9a\
^\xd2\x0a\x85Ri$\xc8\xd7)\x09\xfd\x9b=\x1aK\
K\xff\x10\x87\xc0\x1a\xc8\x0bG?\x0cN\xc6\x5c\xb8\xd8\
1c\x9b\xcd\x14\x13\x1eL\x19\x96\x94\x87n\x02\xe2\x92\
\xee\x8f\x1c=\x8c\xfb\x9a\xcc\xdc6\xa3i\xe8\xabV\x14\
\xf1H\x0dJ\x8e\xb3\x95\x86%\xe9\x82y{\xb9\x8b\xa8\
O\xb6`\xe8\xbd\xfa\xf9\xa5\x7fV\xf6\xa4\x0b\xa1\x9c\xc5\
\x93\xe4\x9bL)\xbc\x10\xbe\x974\x86]3\x8a\xa2\xad\
$3\xcc\x9b\x91\x15m\xb9\xda\xb96\x8a\xff\x9c\xf1\xaa\
4C\xb7\x82n\x1aU\xe9\xbc\x98Q\x9ft_\xae\xf6\
j\x1cj\xc8Rr\xa1\x80\x9d\xae\x90\x5c\xd0U$\x9b\
V\xf8\x8c\xd9\xb40\xd4\x88\x8b\x09\x96\xe7\x02\x87c\xd2\
\xcd\xe6\xb3\x9c+\xdc3\xed\xe2f\xcc\xd4]\xce\xf5\xe9\
\xe9c\xea\x1e\x99)\x9a7\x95D\x15\xbf\xcc\xe8\xa0\xf5\
\xbcN\x9b;`F\xa4\xbe\x1a\x9d\x9a\xfb\x96$Yc\
I\xa8{dF\x967ij\xa5\x0e\x9d\xab\xe3\x8f\xf4\
\x89\x05$\xf6\x05\x8d\x14\xc7\x09\x18e]\x10\xac\xfb\x9f\
\xd6\xads\xd1\x11R\xae\xed\xc54\xf4\xc9\xf9\x15\x11\xb1\
\x0a\x80\x7f\xbc\x7f\x8f\xa6a@F4$\x81\xe1\xf6\xa5\
\x83\x1f+\x8e\xcf)\x83\x1a0\x1f\xacs\xd5A/P\
Mf\x9b\x88\x0d\x1c\x8c\x89wEc:d\x04\xc4H\
1\xd5\xecx\x8b\x08\x8bI\xbb\x22U)#\x0cl\x9a\
\x98\xea\xd4\xf3\x98i\x9e\xb0\xf2\xa3\x0d,\xbc\x98\xc8\x9c\
\xe3\xcb\xeaY\xe1\x98\xf0{\xafM\xd5\x5c\x84 JH\
\xafA%e9\xc8\xca-*\x01\xc5\xc6TJ\x1e:\
M\x96Q\x15\xd9=\xf3\x03h2\x06\xcf\x7f\xb5)m\
\x1b\xa4\xd1\xa2\x13\x00=/\xe6S\xe1\x93l\xb88\x02\
\xe0\x14\xd3\x09\x00\x9b\x99\xb1\xf2\xa9\xe2i@y\xd2\x9b\
\xccxi\xa96U\xc6q\xf0;\xc37\x00\xa7&C\
\xab\xd1!\x82.3N\x97\xc5\x83\x02\xab[\xcc\x09\xc0\
\x0b\x88\x9a\x11\x91\x10\x03M`\x10\xdd\xd6`\xc4HJ\
\x8c_\x13q\xae<f\x19M\xa3(\xfb\xdd\x98\xac\x14\
7\xd5\x19(+\x95\x9c\xe0h\xa9[\x14\xfc\xca\xf5\xaa\
<\xea#\x88\x9c\x8a\x10i\xackg\x10\x95K\xe8%\
\xfc\x7f\xa1\x0bX;3\xb9\xed\x96t\xc9\xac\xf0\xea\x0b\
\x02\xc9\xcb\xbf@]\x22\x04\x175\x1d3YK\x9f\x0e\
\xfespxz\xb0Ts\xc9\xba557\xd0\x5c@\
\x17\x9c4\xa7$i\x9c\xd5\xd7^'Q\x02\x8f9\x84\
X\xb7\xe6R\xb6\xd1KW\x9ac\xcc\xba\xa0\x84h\x9d\
1SL\xbdf\xe8t\x1ap\xb2\xf3\xb2\xd3\x00\x86F\
o\xb5\xd2\xf8r\xe6./\xf4\xbe\x0aN\xea]\x1a\xe2\
U\x9aM\xac\xd3;+\xf8\xa6w\x95\xa8\xa6\xb76\xc0\
\x99n\x9a\x19\xd6\xbc\x92\x95:_\x85?XYY\x09\
\xb0\xc4+I_\xbcRd\xa9\x90\xcbs|\x85)S\
\xf1\xed\xc5W\xe3\x8a\x9d\xad)|n\x18jH:\x15\
JG\xd6\xd1\xa8\xea\x1e\xe6\xabM\x12\x8e\xa52\xdb&\
g\xb0\xd3\xf0\xd5O\xc3\xdf`\x8f\x80\xd8tBC\x1c\
&F\xe9{\xaf\xde\xbdC\xffB\x09\xa5' E\xf4\
\xbd7o\x7f)Z\xc6I\xcb\xea\xea\xeb\xa2eX\x0a\
\xcb\x13C!\xefW\xc5\xfd\x06\xfd\x86:C\x86\xfd\xcb\
\x0e\x82]\xd3\xf5\x05\x95\xa4S\xd1\x19\xd4\x9bN\xc2t\
\xcffDU\xe8_p\x11{#\xca\xd8\x00\xc1\x9e\x08\
\xb6j\xf5^A\xc7\x17r\x1f\x8b1\x0d\x07h\xb5_\
'\x90<\xd2\xbbK\x82=<$\xac\x96k\x8b\x8d\xdf\
\x81Q\xab'\xd1\xa0\xe6<@\xf9\xb6\x13j/\xdfP\
)Y\x00\xb0\xbb\x17\xd1o\x04\x5c\xe1O\xd8(\xbez\
c\xf6\x83J\xf4O\xa0\xc1l\x9d\xc10\x13\x100@\
I\xe5\x94|\xff\xb0\x09\x0dD\x98<\xa9i\xaa\x13\xb1\
P(K} \xca \x83\xaa\x0fiT\xb8\x1c\xf8c\
6\xec\x1e\x19I\xf4\xbf\xe2\xeb\x09\x8f*3g4\x1a\
XJ\x0bm\xdcS\x95B\xaa4\x06\xca\x1e\xf1\xeb\xfa\
\x227\xeb\x95\x99CS\xed\xb3\xcd@G$\x22jQ\
l\x80\xa5\xf2\x14\xb8O}\x0f\xaa\x7f\xd4~y\x0c\x14\
\x03\xe3X\xc0[\x17\x92Lh\x9cF\x9eMx\x02\xd8\
\xb0x\x83t\x98-\xc8&_^\x9d\xd9\xe9\xb2YF\
\x82\x8c\x00\x0eI\x90/\xd4Z\xdfN\x9f\xa5\x83\x0d\x88\
\x9d\xb1P\x08\x95\x1b\xd7N~\xc29;\xa1\x91KK\
M\xe2\x00\x9c\x10\xeaq\x12\xb8)\xd39-m\xc2\x96\
\xed\x12I\x0e\xc1=\x01\x96%;\xc3\xad\xbd\x99\x87\x09\
;\x01\xbd\x1bt2N*J#\xf6\xf5b\xbae\xb0\
\xdbZ\xfda6\xcc\xb7\xa4*\x01\xe8\x09\xb7N\x91e\
`k\x88\xcd\xbb\xd0U\xda,\x8al\xa4N\x7fp,\
\xde\x0b\xcbr\xb5\xafI\x1e'\xfb$\x9cz\xea\xa8\xaa\
\xdbk\xb5\xb8\xfa(z\x97LeR]\xae\x9d\xea\xc6\
\xb4\xbbw\x91\x98\xcdN\x9b\xf6\x0d\xd6\xfa}W8\xec\
\x86\xb1\xc4\xa1\xa4Xr\xd1\xe4\x7fYz\xa8\x9dA5\
{l\x9a+\xd4\x5cv\xc1\x9d\x9a\xe4[2\x84w\xa5\
\xea\xb4f\x16\xa8w\x00\xd8\xc6*Ja\xa9\xca\xf3\xbe\
R\x88\xcf\x86\xe74\xe8\xdd\xba\xe5\xdc6\xcd\x82\x87\x87\
\xc9q\xe6z\x10\xa8!\xba\x146\x99\xdf\x96\xb33\xce\
\x1ez\xff\xab\xe9\x094\x8c\x89\x90j\xb2\x15\xca\xf6\x11\
\x8e\x92\xdc1\xc3\x18i\x92I\xc6h\x14>S\x0a\xb0\
#\x10\x08\x85}\x18#n\xd4\xaf\x15p\xd6\x12\xe0\xa3\
B\xab\xe8\x02w+\xb5\xc02\xd4<\xbfT\xd4\x168\
\xa0\xd3x\x80^W\x86\x9cD\x10\x8aTf\x11\xef8\
N1\xa8\xa0\xfcZ}e\x97\x92\xe7\x98\x161)\x19\
\xc8\xa9(S \xc3\x5cU\x83\xb5X1\xbf\xa9\xd1]\
Y\xd6\xae\xab+\x9f\xe9\xf5~e5\xea\xb5neY\
,\x8e\x94\xd6i\x9c\x862\xad\xd3\xde\xd5I\xf2\x02\xd2\
Of\xb9\x1b\xd6k\xd0\x0a\xf6z&\xc0~\x80\xad\x02\
\x83\x1d\x89\x13ms\xb6t\x82_\xe3\x13\xd1\xed\xa4\xa7\
\xcd\x88\xaa?q\x04S\x1f\x0a}\x1a\x22\xb5K\x19b\
\xd8\x90\xe7Gs\xff\x5c\xed\xf4<\xa8\x05\xbb\x8a\xd52\
\xbb\x0f\xda\xf8\xe8/el]\xa3Y\xa3\xa5\xa5^\xab\
U}\xd5|\xe3*\xec\x1b\x0b\xf0y\x8am\xd3CR\
\x03\xee\x1cm\x7f\xfc\xb4}\xb0\xf9_t\xb4~\xf0\xef\
\xed\x8e#\x89T\xeb\xf4j`\xdd\xa7^/\xa2\x0aR\
&\xf5\x1d\x9c\x9f]\x9c\xd6\xb4\xddh*\xb5\xbe\xc5\xe9\
\xc0CY\xd38?h\xb4\xdc\xdb\x06\xba!g\xce:\
\xe5\x87\x99\xb7\xd1\xda.@o\xdb\xeaX\x85\xfd\x90\x08\
\xd8X?\xd8:\xdd\xdd:\xf9\xf0T#\xa0\x19u\x8e\
\x12\x08k\xd9\x11\xde=\x90\x8a\x83\xb4E \xfd]\xab\
4\x0b\x18\x19\x9b\xb8\x8d\xf4\x10\xceV\xc5e\xe7s\xdf\
\xe3\x98\xe2:e]\xedW6g\xd9f\xa4\xdeQ?\
\xb7\xa9\x1c\x06\xc5\x11\xf6i8\x06\xd67\xf3f\x0e\x97\
25\x85\xea\xdd\xce\x09V\xf1$91\x06j;\x95\
\xa1|\x83sX\xca\x04;uC`:A\xbe\xd3\xb0\
\x01\xa9\xc5\xd7\xeb\x16\xda\xb6\x18k\xd8\xb0\xbf\xeb\xb7\xb2\
X\x82\xa41\xb6\x9c\xdb7\xe7.\xc6\xe2\x1f\xaf\xdc\x14\
\xf3d\xb2\xa6c\x8d\xc2Sv\x18\xbf\xf6\xfc\x0b\xca\x02\
\xa8\x92\x95\x92\xd9\x16\x1e\xfd}\xa6Q*4Y\xc5\xf0\
lE\xdc\xaaZ#\xde[\xc3\xe1M\xd3\xb6\xbb\xe9\xa4\
\xd2r,ay\xf2\xa6\xfdXb\xfe#L\x8b\xe3\x98\
\x1b\xcfv\xb6\x8b\x96\xd3\xcc\xa6\x13\xd3\xb5\xb3v\x9e9\
OC\xe7<\x19\xb5\xee\x85\xf5#\xdd\xec\xcf\xd2\xe8\xb7\
\xfc\xec\x149\x8f\xff\xeesF<\xc3\xb1\xea\xfcG\xac\
\x06\x87\xf1\xf0\xd9\xd2N\xee_K\xcb\xa5v\xcb\xe9\xcc\
z\xf7V\xb1\xf9lj\xf6\xa3\x9d;BX\xf1\x87\xcd\
G\x09aE\x95\xbe\x80\xb0\x1f\x0ea\x85\xa7<\x11\x08\
3\xf4}\xe4\x10fy8t\x01a\x0b\x08{0\x08\
\xdb\xc8\xfd\xebg\x84\xb0\xf2i\x9aG\x89a\xfb\x87[\
\x9f\xf6\xd6Ov\x0f\x0f\x16 \xf6\xc3A\xac\xf4\x95'\
\x82b\xa6\xc2\x8f\x1c\xc6lW\x10~B\x1c[]\xe0\
\xd8b+\xf6]p\x8c<V\x04\xdb^`\xd7c\xc0\
.\xf2tP\x8b<\x0d\xbc\x22\x0b\xa4Z \xd5w@\
\xaa}\xd0\xe8g\x04)\xec\x8f\x1e%F\xado\xee,\
 \xea\x87C\x14x\xc7\x13A\xa8L\xd3G\x0eP\xc6\
\xbd\xec\x05>-\xf0\xe9\xc1\xf0\x09\xf2\xe5\xcf\x08O\xf9\
\xe5\xb9G\x89Q{\x87\x9b\x8bs\xc0\xc7\x01T\xb9\x9f\
<\x11\xb4\xd2\xd5}\xe4\x90e\xbe0d\x81[\x0b\xdc\
zP\xdc\xda\xcb\xdc\xeb\x89\x81\xd7\x8e\x9a\xb5\xba\x11\xe7\
\x9a\xf6<\xb1k\xb9\xc8\xdaJ\xec~\xbe\xb2p\xba\xfc\
\xee\xf8(\xd7uP\xb4\xb5\xe5'\xcb\x15t7C\xc4\
\xb0O.\x00\xb6\x888\xd1\xd0q\xab\x94\xd1\x0e\x90\xe5\
\x9d\x94\xd5\x86\xf0\xbd\x168R\x1b\xf1t\x22\xca\x85\xbc\
S.\x82ShnF\xec\x9d\xe4}\x14\xd9\x13\xbe`\
\xb7\xcb\x80_;.\xde\xe4\x1f\x98rp\x18\xb2\x9b\xb6\
\xa4\xab2cx\xb9\xeeKz\x05\xb9O\xdd\xf8b\xf0\
=\xb9\xe8\xd5\x12\x11\x003*\x18>\x09\xb6\xfd\x0d\xf2\
q\x88\x19\xbbI\x99\x1f\xc2m\xd5\xe7\xd8\x17\x9c1u\
s?\x7f\xdayP\xb6\xcd\x00\xdc\xae\xb5\xb8\xc3}\xd4\
\xf6K\x013\xc6@=\xb0\x9ao\xa4\xcex\xf1\xbb\xce\
o\x82X\xf9\xb2\x85\xc6\xd3\x94\x92l\xdeg\xc7\xeb\xb7\
\xbek\x17\xd2\x9d\xd9hw\xa2\xbd\xc5\xcd\xa6W\xf2\xb2\
\x07G\x01\x9d\xbc\x1d\xc2~\xd5\xac\xa9\xe2Z\xeb\xf7g\
c\xc8Vi\xf5m\xff\xfe&i\xac\xc8\x94K\xa4\xd9\
!\xb1\x87w,\x05\x91\xfe\xc5\xac6l\xb8\xd3:\xb3\
sZ%\xb7\xb9\xfe\x9d\x8d`\x17u\xb7\xe2KyI\
\xf1\xd2\xa3\xb6\xedO'y\xb5\x12:\xa5\x97\xb4\xd3 \
\xd2\xe7\xa1W\xb8W\xf2\xee\x11\xfd\xcd#\xaa;^\x19\
\x0a~\x1d\x13Qy\xe1H\xad\xb4\xa41\xa0\x0c\xe4\xe2\
\xf5a,\x05\xf6ev]Z\xa5\xf0\x0d\x12\xd3\x80\xec\
\xfaMj7]\xf5\x9cm\x19\xaaW;68(0\
y\xb8\xda}\xf6B\xca\x0a\x1b\xfa\xeb\xae\xee\x04\x1f\x0f\
\xedK\xd5\x17\xbd\xcc\xb6\xa3>\x84\x89\xa1-\xeeO\x95\
\xf1\xe3\xa6\xb2a&\xe7\x0arI\x0b\xf7\x9a\xd9\xbd\xec\
\xaf\xf1\xbcw\x09\xed\xf8Z\xbe\xf3\x0a\xfe\xfd\x1f\x5c]\
\x03\x9a\
\x00\x00\x08\x04\
i\
mport QtQuick\x0d\x0ai\
mport QtQuick.Wi\
ndow\x0d\x0aimport QtQ\
uick.Controls\x0d\x0ai\
mport QtQuick.Co\
ntrols.Material\x0d\
\x0aimport QtQuick.\
Layouts\x0d\x0a\x0d\x0aimpor\
t './components'\
 as UIComponents\
\x0d\x0a\x0d\x0a\x0d\x0aWindow {\x0d\x0a\
    id: windowDo\
wnloader\x0d\x0a\x0d\x0a    \
width: 400\x0d\x0a    \
height: 130\x0d\x0a\x0d\x0a \
   maximumHeight\
: height\x0d\x0a    ma\
ximumWidth: widt\
h\x0d\x0a\x0d\x0a    minimum\
Height: height\x0d\x0a\
    minimumWidth\
: width\x0d\x0a\x0d\x0a    m\
odality: Qt.Appl\
icationModal\x0d\x0a  \
  flags: Qt.Dial\
og\x0d\x0a\x0d\x0a    title:\
 qsTr(\x22Artemis -\
 Downloader\x22)\x0d\x0a\x0d\
\x0a    signal abor\
tRequested()\x0d\x0a\x0d\x0a\
    onClosing: {\
\x0d\x0a        abortR\
equested()\x0d\x0a    \
}\x0d\x0a\x0d\x0a    functio\
n updateProgress\
Bar(bytesReceive\
d, bytesTotal) {\
\x0d\x0a        progre\
ssBar.indetermin\
ate = false\x0d\x0a   \
     progressBar\
.value = bytesRe\
ceived\x0d\x0a        \
progressBar.to =\
 bytesTotal\x0d\x0a   \
 }\x0d\x0a\x0d\x0a    functi\
on setIndetermin\
ateBar() {\x0d\x0a    \
    progressBar.\
indeterminate = \
true\x0d\x0a    }\x0d\x0a\x0d\x0a \
   function upda\
teStatus(arg) {\x0d\
\x0a        progres\
sLabel.text = ar\
g\x0d\x0a    }\x0d\x0a\x0d\x0a    \
Page {\x0d\x0a        \
id: page\x0d\x0a      \
  anchors.fill: \
parent\x0d\x0a\x0d\x0a      \
  ColumnLayout {\
\x0d\x0a            id\
: columnLayout\x0d\x0a\
            anch\
ors.fill: parent\
\x0d\x0a            an\
chors.margins: 1\
0\x0d\x0a\x0d\x0a           \
 Label {\x0d\x0a      \
          text: \
qsTr(\x22Download i\
n progress...\x22)\x0d\
\x0a               \
 Layout.alignmen\
t: Qt.AlignHCent\
er | Qt.AlignVCe\
nter\x0d\x0a          \
  }\x0d\x0a\x0d\x0a         \
   ProgressBar {\
\x0d\x0a              \
  id: progressBa\
r\x0d\x0a             \
   Layout.rightM\
argin: 20\x0d\x0a     \
           Layou\
t.leftMargin: 20\
\x0d\x0a              \
  Layout.fillWid\
th: true\x0d\x0a      \
          indete\
rminate: false\x0d\x0a\
                \
value: 0\x0d\x0a      \
          to: 0\x0d\
\x0a            }\x0d\x0a\
\x0d\x0a            La\
bel {\x0d\x0a         \
       id: progr\
essLabel\x0d\x0a      \
          Layout\
.alignment: Qt.A\
lignHCenter | Qt\
.AlignVCenter\x0d\x0a \
           }\x0d\x0a\x0d\x0a\
            UICo\
mponents.Artemis\
Button {\x0d\x0a      \
          Layout\
.alignment: Qt.A\
lignHCenter | Qt\
.AlignBottom\x0d\x0a  \
              te\
xt: qsTr(\x22Cancel\
\x22)\x0d\x0a            \
    icon.source:\
 \x22qrc:/data/imag\
es/icons/cancel.\
svg\x22\x0d\x0a          \
      type: \x22dan\
ger\x22\x0d\x0a          \
      display: A\
bstractButton.Te\
xtBesideIcon\x0d\x0a  \
              on\
Clicked: { abort\
Requested() }\x0d\x0a \
           }\x0d\x0a  \
      }\x0d\x0a    }\x0d\x0a\
}\x0d\x0a\
\x00\x00\x05\xa5\
i\
mport QtQuick\x0d\x0ai\
mport QtQuick.La\
youts\x0d\x0aimport Qt\
Quick.Controls\x0d\x0a\
import QtQuick.W\
indow\x0d\x0aimport Qt\
Quick.Controls.M\
aterial\x0d\x0a\x0d\x0a\x0d\x0aDia\
log {\x0d\x0a    x: (p\
arent.width - wi\
dth) / 2\x0d\x0a    y:\
 (parent.height \
- height) / 2\x0d\x0a\x0d\
\x0a    property in\
t currentYear: n\
ew Date().getFul\
lYear()\x0d\x0a\x0d\x0a    m\
odal: true\x0d\x0a\x0d\x0a  \
  RowLayout {\x0d\x0a \
       Layout.fi\
llWidth: true\x0d\x0a\x0d\
\x0a        spacing\
: 10\x0d\x0a\x0d\x0a        \
Image {\x0d\x0a       \
     Layout.alig\
nment: Qt.AlignC\
enter\x0d\x0a\x0d\x0a       \
     sourceSize.\
height: 80\x0d\x0a    \
        sourceSi\
ze.width: 80\x0d\x0a  \
          source\
: \x22qrc:///data/i\
mages/artemis_ic\
on.svg\x22\x0d\x0a       \
 }\x0d\x0a\x0d\x0a        La\
bel {\x0d\x0a         \
   text: \x22<style\
>a { color: \x22 + \
Material.accent \
+ \x22; }</style>\x22 \
+\x0d\x0a             \
       \x22<p><b>Ar\
temis</a> \x22 + AP\
PLICATION_VERSIO\
N + \x22</b></p>\x22 +\
\x0d\x0a              \
      \x22<p>\x22 + \x22<\
a href=\x5c\x22https:/\
/github.com/Ares\
Valley/Artemis\x5c\x22\
>ARTEMIS</a> \x22 +\
\x0d\x0a              \
      \x22- The Rad\
io Signals Recog\
nition Manual\x22 +\
 \x22<br/>\x22 +\x0d\x0a    \
                \
\x22Powered By Pyth\
on \x22 + PYTHON_VE\
RSION + \x22 & Qt \x22\
 + QT_VERSION + \
\x22</p>\x22 +\x0d\x0a      \
              \x22<\
p>Copyright (c) \
2014-\x22 + current\
Year + \x22 <a href\
=\x5c\x22https://aresv\
alley.com\x5c\x22>\x22 + \
\x22AresValley\x22 +\x0d\x0a\
                \
    \x22</a> GPLv3 \
License</p>\x22\x0d\x0a\x0d\x0a\
            Layo\
ut.fillWidth: tr\
ue\x0d\x0a            \
Layout.minimumWi\
dth: 200\x0d\x0a\x0d\x0a    \
        textForm\
at: Text.RichTex\
t\x0d\x0a            w\
rapMode: Text.Wo\
rdWrap\x0d\x0a\x0d\x0a      \
      onLinkActi\
vated: (link) =>\
 {\x0d\x0a            \
    Qt.openUrlEx\
ternally(link)\x0d\x0a\
            }\x0d\x0a \
       }\x0d\x0a    }\x0d\
\x0a}\x0d\x0a\
\x00\x00\x03\xfd\
\x00\
\x00\x0e\x1bx\xda\xbdV\xddo\xdb6\x10\x7f\x0f\x90\xff\
\xe1\xa6\x01\x85\xbd&\x8a\x94\x8f\xb5\xd1\x92\x16]\x96-\
\x01\xd2\x0dM\x96\xeea\xd8\x03-\xd1\x16Q\x99\xd4(\
\xaaq[\xf4\x7f\xdf\x91\xb4LI\x16\xe5\xedeB\xc0\
\x98w\xbf;\xde7\xc9\x96\xa5\x90\x0a\xde\xa9w5K\
?\xec\xef\xb1\xce>\xbc\x12\x5cIQT^F\xf8\x96\
(*\x19)\xf6\xf7\xf6\xf7n\x15]\xc2\x97\xfd=\xc0\
\x8fe\x09H!\x94\xdd=\xb1L\xe5\x09\x9cF\x91\xdd\
\xe7\x94-r\x95\xc0q\xa4\xe54\xa5\x94\xa2\xa4R}\
\x02II\x01\x05\xa9\xd4\x9d\x98'p\x18\xfb\xd8\x8f\xe5\
\x10\x9bq\x05\x15-h\xaah\xf6\xa0\x88T;0\xd7\
<\xb3\x08\x8b\x99\xd7<ULp\x98\x11\x9e\xdd\xf2\x8c\
\xae&sI\xff\x9e6^\x19\xcf\xe6`\x88p\x01'\
\xd1\x14\x0dR\xb5\xe4\x10y\x00\x0e\x11\xfb\x10\x0er\xec\
\x858\xcc\x89\x1f\xe3@\xa7# \x87:\x1bC9\xd8\
\xf7\xa30\x87{1\x8es\xc0\x97;\x80\x0ey\xee\x90\
M\x14\xd7\x81\xfe\xda\xa4\xec\xe8\x08\xee-+\x98\x15$\
\xfd\x10\x80\x80\xe0)g\x8a\x06\x98\xc5\x8af\x80\xe9T\
9\x85\xa2^2NxJ{\xa9Nu)cA\xfd\
NW\xeaJ\x14BNR\xbdvr^P\xe5\xe4\xe1\
\x12\xa2\xf0\xf8\xfc\x1c\xbe\x03\x83\x0c%<G\xca\xd9\xcb\
\x17\x1b\xca\xc2P\xe2\xf8tC\x99my\xe2\xf4\xbd\xd2\
\xd2g\xf0z\xe3A\xd2x\xd0\xf3ucsE\xd5\xa4\
\x10\xf3\x03\xa8\xcby\xd7P\xdb8h\x22\xb2\xbbdl\
\x18$\xa3@\xa3\xad\x89\xbf\x0e\x00a\x9c\xca\xd0\xb4)\
\x5c\xa0\x7fM\x06\xdaX\x1d\x84J\xf7\x14\xaaq\xfd\x81\
\xe7L\xbb\x18\xca\xb3\x0eB\xdb\xe8\x10\x9d\xeeD\x9c\xd1\
\xb8\xcd\xbe6JP\xd5\xb6\x05\xb4DN\xdf\xe8#\x88\
\xe3\xbe\x16\x0c\xfb\xaa9\x01\x13\xa1%\x07 V\xfe\x12\
p\x92\xe5\xe1\x92\xac&\x1aw\x00\x13\xed\xc6\xe1Z\xf8\
9\xc4\xd3\xb5\x86\xa9/'\x92\xea\xacx\xb2q\x18\x0f\
%\xe30\xf6\xc7e\x88g\x83\xd2\xe6\x8c\xf8\x13y\xc2\
\xd1o\xa0{d\x11\xbe(hg\xc8\xe1X\xdc\x84\xd8\
\x91\xb1\x5cs!\xabp\xce\x8a\x22\x81\x92H\xca[\xb9\
\x93$cu\x95@|\xd2N\x9a\xe0\x7fh\x8b\xaer\
<\x84\xa2\xda\xd6)M\x05Z\x93\xb1\x0d\xe0\xd93s\
k\x84M\xe4\xbe\xb9\xd4\xfeN\xfbB\xe64\x8d\xd3!\
o\x0b\x1c8\xf1\xc7N\xd9\xad]n\xfdt\x9b\x856\
\x1c=I\xe0\x97\xf5\xaf\xfeyBj*\xd1yv\xa0\
\xf0\x06\xc9\x9fu\x90\x8a.\xba\x01<(Q\xc2\x17(\
E\xc5\xacd\x14F?\xd8y\x80\x1d\xfemL\xec\xb4\
\x0b\xda\x86\xed\x90?k\xc9\x9fd\xffU>\xde}~\
'0\x83\xa5\xd1\x94GST]Ns\xb3\xdb\xda\x08\
\xed\xb6\x0bY%\xed\xdal=\x0fz\xd4M9\xf5\xe8\
k\x07\x9a\x97GH\xd2\xb4S\x86\xfa\xfb\xbc\xa5\xedG\
\x9a\x93\x8fLH}\x1d\xac\x86\xea\xe9\xd7z9\xa3\xf2\
\x0dgK\x93g\x0c\x5cV\xcbu\xca\x8f#\x0c\x1c%\
\x15\xe3\x8bP}*i\x02\xd7vs\xcb\x7f\xab\xf1I\
D\xb2~\x0e\xbe\xfaO\xb7\xd5\xfe\x7fZ\xd0M\xaax\
\xea\x1f>\xde\xd6f\x82\x94$\xc5\xd3\xb6\xa2zOK\
\xaa\xf30\xe4\xceRd\x14\xd5\xfd\x19\x5c\xdf\xfd\x1c\x1c\
\x04\x0ff}4\xeb{\xb3\x9a\xe5\xad^n\x0c\xd1\xac\
\x8ff}0\xeb5\xae\x7fm+F\xb5t\x81\xa7&\
\xfe\x02\xedU\xd6\xf8m1T\xbfNb\xa8\x84{\xa5\
\x18\xe0\x03\x82W6n\xc10\xf2\x8e\xcch\xe1\xb3\xf2\
\xdf\xe5\xa0\xfd)|\xac$6\xc2?\x11E\xfc\xc0|\
3\xa3\xde\x14l\xc1\x97f\xcc\xe9\xa7Nh\xf67W\
H\xa0\xd2/\xff\x11\x9f\xcc,\xf5H\xbf\xdf%=\xc7\
\x93\xc3\x99(p\x5c(YS?p\x1d\xc8\x09\xd3/\
\x06xu\xd9L\xf7\xf6\x9d\x88w\x83e_\xf4\xd8x\
-N\xfd\xaa\xf5\xf7\xda\x0al?\xf5zCd\x87\x9a\
\xd6\xd0\x99\x0bI\x17R\xd4\xdd\x07J\xffk\xb7\xbdq\
q\xac\x02\xf4g\xac\xf2N\x80~\x8b\x8f\x0c\x9c\x11\xf2\
\xe8\x9cX\xff\xc3\xbf\x7f\x00\xf2\xd9\x92=\
\x00\x00\x07\x1d\
\x00\
\x00\x19\xb1x\xda\xb5Y\xdds\xd46\x10\x7f\xcfL\xfe\
\x07q\x0f\xcc]\x03N.\x90)\x1c\x04\x06\x8e\xa60\
\x93\xf0\x91\x0b\xed\x03\xc3\x83\xce\xd6\x9d\xd5\xe8,W\x96\
\x13\xd2\x92\xff\xbd\xbb\x92?$[w\xb9\x0em&C\
liW\xfb\xbd\xfb\x93\xe1\xab\x5c*M>\xe9O%\
\x8f/ww\xb8\xf7\x1eMe\xa6\x95\x14Eo\xe3\x94\
\xde\xc8R\x17k\x19\xa23\xaa\x99\xe2T\xec\xee\xec\xee\
L\xa5(W\x99e!\x7f\xef\xee\x10\xf8\xe1\xc9\x84(\
)5\xee\xe3\xfb\xfe>y\x97\x01KF\xc5>\xfbf\
\x1fH\xaed\xce\x94\xbe!Z\x92BK\xc5\x88N\x19\
\x91\x8a/9ns\xcdV\x05\x11\xbc\xd0\xf6\x8c\x86\xfc\
\x8a*\x22$MXr\x0a\x9b\x13\xf2\xe5\xab#f*\
A\xe5\x8ce\x9a\xb0+\xf8\xb7\xc0\xc3c\xb9Z\x95\x19\
\x8fAir\xcduj\xe4\xac(\xcf\x08\xcds\x81\xeb\
\x5cfD\xd0\x1b\xa6\xec9\x05_\xd6\x1a\xcc\x98`\xb1\
f\xc9\x10\xa5\xe2\xc2\x87\xf9\x1f#\x8f\xaa0\x14p\xc2\
T0\xaa\x80r\xe4\xa8\xf3\xb1\x9c\x83\x00\xb2(3C\
\x82\xda\xe42/\x05\xaa\x82Z\xa0yd\xa1\xe4\xca\xda\
\x0eN\xe7\x09\xb3\xdc\x0dO\xcd\x80\xd6\x0e\x8dW\xf0i\
T\xfb\x1a\x7fZw\x90c\xd2\x90\xb4\xfb\x1a\x9c~\xc2\
\x99Hf\xa0b\x9cF,\xa3s\xc1\x12 \xd6\xaad\
-\x1d\x1a\x19\x97J\x81\xe7\xdee\x09\xfb\x06\x04\xa8\xe1\
o\x9c]G\xeez\xcb\xa1\xd8B\xb1\x225\xba\x8d\xda\
e\xbe C\xef\xa0\x17\xc7\xe4\x80\xdc\xbf\xef\x9f\xfe\xdc\
\x9c~&\x13&\xa2X\x96\x99o\x941,$\x1d\xb4\
\x0a+sk\x1fo7\x07 \xc68m\xed}Cm\
\xcd\xf3<\xde*\x8e\x04\xae\xed^009\xd7E\xa1\
\xc7\xb9>L\x0b*\x0a\xd6\xb7\xae.*\xcf\xbe\x05\x17\
\xb0J^\xbd\x7fCf\x1f\xce/ZKmE]q\
\x0a9\x8b\xe7\x03%\xc8\xea\xd8\xeb\x05tK\x8b1\xda\
\xf7Z\xb3Gp\x88.UV+ZgV%\xf5\xb8\
g'\xbeGZ\x9e\xcak\xa6\xa6\xb4`\xc3Q\xa4\x15\
_\xb9\x22\x90\xdf\x1a\xe6\xb9\xb6%\x00o\x8c#r\x02\
$\x8ag\xcbv}!\x15\xb1\xc5\x0b,\x07\xcf\xe0\xcf\
s'B\x91`\xd9R\xa7\xb0\xbc\xb7\xd7K>\xe4\xca\
\xe8\x8aa\x154\x1c_\xf8\xd7\xc8,\xbe\x0c,\xfaF\
\x90\x09\x19\x0c\xfaG&\xac\x88\x15\xcf\x8d\xb7\xbb'\xbb\
{/\xd7\xef\xdd)\xc7\x7f\xc3\xf8\xd4\xce?>\x06\xe2\
\x9e\xa9\xc6S\x8e{\xa3\xbc,\xd2\xa1'\x7f\xe4s\xdc\
\x12\x06)i\x8e6\x96\xf3,\x16%\xa8X\x09\x1a\x91\
\xef\xdf]K{\xfb\xff\x85\x0a^\xe5{\xa9p\x18\x91\
\x19L.\xc8\x042\xd4\xf4\x12\xff\xf2\x0cj\x83\xc6\xa6\
\xcf\x10}\x93\xb3b\xbf\xb0\x8d\xdb\x94\x0a\x15yJ\xe7\
L\xc38\x10\xe2\x86\xccoL\xe8\x1d\x89\x9en\x05\x1c\
>\xackfH\x1f\x90y0{P\xcc+\x08\xf2\x90\
F\xf8\x88>\x01\xe7\xfb\xd1\x0bs\xbdF\xae\xf9\xb6\x5c\
\xe13p\x16\xc2D\xc2\x82C=\x22!\xc1\xb6zu\
h\xa4\x8c\x5c\xbf\xd5\xa9\xe2\xf2\xde\x83|9\x08\xc6\xca\
\xd6\xb8+\xa8\x17\x9dp9U\x0e1E\xb4\x9dC\x90\
\xb4r\xc8\x96\x5c\x95rF\x5c\xc7ns\x98C~;\
\xea\xe4\xce\xa3\x88|\xb4#7\xdcH.m#\xb9\x84\
F\xe2\xe5D\xddJ.\x03\xad\xa4m\x9e\x009X\x96\
\x0c]\xce/\x97nf{~\xc3\x96=Mi\xb6\xb4\
\x94\xb5\x99w\xce\x00`ID\xd5\xf6\x1b\x80Bbs\
R\xd1\xe9\xf8=\x19\xae\xf2\xb6o[\x0c\xf4\x0e\x08+\
D`mY2=\x0cN\xe8\xcel\xf0\x0e\xc0\x8c*\
\x81h\xc13\x18m\x00\x09z\xbbY)D\xcf\x83\x08\
'#\x0f\x91\xb9|\xae\xfflc\x0a\xb1\x87\xa0\xda\x06\
\xec\xf0Ys\xc1\x01pz\xe0\x81\x8a\xd8\xc2\xb7\x18\xc1\
0-L\x8f\xc1\x01\x06\x0b\x02Rd\x0e\xd9\x98\x10 \
\x9e\xd3\xf8r\xa9\xa0\xdb$\x04\x002@\xda,\xeea\
\x8b\xea\x88\x0b`\x9f\x22\xf7\xd0\x9c\xe1\x8f]\xa6[~\
\xcc\xbc\xe8\xf0\xe9S\xf2\x93\x95\x16)\xb2\x07+GO\
~nV\x96fe<~\xdc\xac\xcc]\xb4f\xca\xa2\
=\xef\x05r\x1f\xc1\xa8\x19\xcc\x05\xe8;\xc0Qr\x9d\
\x82\x9b\x07\x1dw\xb4\xd9\x92\xc5\x8a\xad \xd0S'\xde\
~\xce`\xc8\xc3\xc0\xed\xb9\x03\xe8L\x1f~H\xc6\xdb\
a\xbe\xbd\xbdg\xebc\xd5(\x97\xb0\x1fP\xeeE\xa0\
\xd1\x05)\x1f>\xdc\xa0\xcbE\x8dm<\xa1p\x1f\xea\
\x80\x9ev\xd3^\x9d\xa2\x1c\x90\x17\x03!\xc9[\xc6\x97\
)\xdck\x1e\x1f\xf4h\xb4\xcc\xcf\xa8\x82\xfb\xd1\x84\x1c\
\xf56\xa1\xa5\x88\xdfy\xa2\xd3I\x07\xd5W0r\xe2\
\xa2Hs\xa3\x82\x90\xb3T\x8a\x84)\xd4zB\xfe,\
.\xd4p`\xf5\x1b8\xb5!3\x93\xa1\xb6GLB\
\x98\xbf1\xff\x5c^\xfbW\xc1m\x14t\xf6k\xe3}\
\x82\x22\xa71\xd4\xd9\x84\x1c\xb8\xcd\xf1\xb4\x0aN7h\
\xe8\xed:p\xfe\xce]\x8al\xa5\x0c\xfe\xa4\xb0!p\
\xf3L^\xb17\xa52WH\xa3\x9eK\x15\x0b\x9e\x87\
\xb8g1\xdc\xa2\xc5k\xaa\xa2+\xb8\xd1\x22\xe2\x98@\
\xbbP\xdd\x81\x09-hf\xfbU\xe1oT\xb8%\xaa\
\xaf\xc4P\xb48\x86\x07\xc8\xf1+\xb4\x9c\xbc\xba\xd4 \
x\xa8i\xc2'\x00<37\xf9\x09AgU\xd2\xa2\
\x13h\xc0\xb3\x0e\x8e\xee\xc3\x0c#\x8c\xe6)\x5c\xaf`\
\x18\xb0%6E\xb90\xd7\x8d\xea\xf8\xb0\xcc\x9axB\
\xcea\x05rJ\xb0\x10\xbe\xb8\xb6\x01j*\xd0\xbc\xf7\
\xc9\xd2*F\x8f\x0e\xfb{\xa6\xff\xa1s\x14\xcd\x0a\x1c\
\xfe\x99\x1et\x9dlC>g\x22\xa4C})\x9b4\
\xcak\xf9\x19\x06x\x10s\xb4@!\xd3\xd1\x1c\xca*\
\x14z\x8f(\xe7\xdf\x98\x98\xf1\xbf\xc0\x15\xe3\xf1\x06:\
\x98\x01\x10\xa5Y]\x04\xe3\xe8 L\x5c\xd9[\x7f\x9d\
\x89\x00\xed\x82\xc9aZh\xff\xa9T\x05(\xaa\xb5\x5c\
M\x88uO\xf5\xba\x99E\xb0\x85n\x18\xf0\xe5n\xf2\
\xbak=\xd9F\x99\x9a\xf8q\x9f\xf8\xf6\x0e\x8c\xd9\xd4\
\xa5\x97\x5cdmj|\xd2\x91\x01\xfe\xc3\x8e\xcf\x1e\xc0\
\x5c|r\x14\x08\xb0\xa2\x09/\x0b\xd0\x8d\xac\xbd\x8b\xd8\
\x8e\xe9N\xa0\xa6s\xae\x81s\xe1\xfaj\xeb\xc4 \xa3\
@z\xd6\x8d\xeeME\xf9\xc3Etx\x14*\x8f\xb7\
\xd0\xe3\xd4[\x83(\xd5\xba*AUR\x87.\x18\xba\
\xfe\xe2\xc6\x0e\xe0f\x06\xb6\xe3:\xe76&\xff\xa6\x88\
\x8e\x8f\xd6\x94l\x13\xd5\xf0\xf6\x15/8LP\xdf\xc2\
\xc8\xbcX\x08\x1b\x06\x14\x88e\xb9\xff\x85j\xa33\xb6\
hC+\x83\xbb\xab\xef\x0f\xce\x0b~\x01 \xff[\xd5\
\x8e\x0f6\xd3*\x9b=\xd5\xd9\xe6\x8dl\xc1\xd14\x85\
P\xf6w9\xeaI9ex\xdfi\x84\xf9\xcb!\xaf\
:\xb9\xb1\xe6kb\x1d&pi\x1f\x91w\xd2\x08?\
\xb64Kp%d\x16\xe2oh\xde\xd7Um\xdd-\
\xfc\x04\xc9_\xc3\xe0\x00\x19\xe6\xf9\xbdT+\xfc\xc8\x1e\
:\x9b\x09\x9e@F\xa2\xa2\xd1/\xf8|\x8eb\xb6\xcc\
\xb43Y\x16\xec\x95b\xf4\xc7\xcb\x0e/S<\xbed\
\xc9Z\x0b7\xd4\xc0\x86W\x93\xdc\x13\x83\xf1\xcce\x13\
\xbax\xdd\xee\xec\xfb\xba\xaf?\x0d\xb8\x0a\xc1B\x83\xb2\
\xfe5\xda\xe3+\xfco\x02\xae+\xcc\xd8\x19b\x14\x90\
\xc1\x15\x0b\xf1\xe5\x12\xd8\x00\x9d\xb5x\xefU\xf1\x9e\xb1\
\x84%\xa1\xfb\x03\xfc\xfe\x03\xbc\xb3\x0e]\
\x00\x00\x04[\
i\
mport QtQuick\x0d\x0ai\
mport QtQuick.Co\
ntrols\x0d\x0aimport Q\
tQuick.Controls.\
Material\x0d\x0a\x0d\x0a\x0d\x0aBu\
tton {\x0d\x0a    id: \
control\x0d\x0a\x0d\x0a    p\
roperty string t\
ype: \x22primary\x22\x0d\x0a\
    property boo\
l visibleBackgro\
und: false\x0d\x0a    \
property string \
hoverAlphaHex: \x22\
1A\x22\x0d\x0a\x0d\x0a    flat:\
 true\x0d\x0a    hover\
Enabled: true\x0d\x0a\x0d\
\x0a    function ge\
tColor(type) {\x0d\x0a\
        const co\
lors = {\x0d\x0a      \
      \x22success\x22:\
 control.Materia\
l.color(control.\
Material.Green),\
\x0d\x0a            \x22w\
arning\x22: control\
.Material.color(\
control.Material\
.Orange),\x0d\x0a     \
       \x22danger\x22:\
  control.Materi\
al.color(control\
.Material.Red),\x0d\
\x0a            \x22pr\
imary\x22: control.\
parent ? control\
.parent.Material\
.accent : contro\
l.Material.accen\
t\x0d\x0a        };\x0d\x0a \
       \x0d\x0a       \
 return colors[t\
ype] || (control\
.parent ? contro\
l.parent.Materia\
l.accent : contr\
ol.Material.acce\
nt);\x0d\x0a    }\x0d\x0a\x0d\x0a \
   Material.fore\
ground: control.\
hovered\x0d\x0a       \
 ? control.getCo\
lor(control.type\
)\x0d\x0a        : con\
trol.parent.Mate\
rial.foreground\x0d\
\x0a\x0d\x0a    Material.\
background: (con\
trol.visibleBack\
ground || contro\
l.hovered)\x0d\x0a    \
    ? (\x22#\x22 + con\
trol.hoverAlphaH\
ex + control.get\
Color(control.ty\
pe).toString().s\
ubstring(1))\x0d\x0a  \
      : \x22transpa\
rent\x22\x0d\x0a}\x0d\x0a\
\x00\x00\x05\xc5\
\x00\
\x00\x16\xe5x\xda\xadX\xffO\xdb8\x14\xff\x1d\x89\xff\
\xc1\xabtS\x0b]\xd4nl\xe2z\x9aN\xd0\x8d\x03\
i\xc0\x01=\xee\xc7\xc9M\x5c\xe2\xc3\xb13\xc7\x01\xca\
\xe0\x7f\xbfg\xbbI\x9d\xc4\xa1-w\x994\x1a\xe7}\
\x7f\x1f\xbf\xf7l\x9a\xa4B*t\xa1.r\x1a\xden\
o\xd1\xca{0\x16\x5cI\xc1\xb2\xd6\x0f\xc1)VD\
R\xcc\x1a\x14\xdf\xf0\x5c\xe4\x0a8\xb7\xb7\xbe\xc0wq\
\x83~no!xh4BR\x08e\xdf\x12\x11a\
6BJ\xe6\xc4.d\x0a\xf3\x08\xcb\xe80WJ\xf0\
l\x84,wp~\x8b\x9e\x8a\xdfc\xccC\xc2\xb4h\
\xcd\x01/\xb1\x90Y\x10\x12\x0e\xb6\x9c\xf0\x11:\xbf#\
\x92\xe1y \xec_KvO#\x15\x8f\x10\x18\x1c\x07\
\x09\xe5\xdd\x14K`\x08\xcc2\xdaA\x83`\xbf\x8f\xf6\
\x06\x83^!6\x04\x17\x81\xe0\x98\xd0\x9bX\x8dPd\
T[\xaf\x82\xd8,\xa2]\xf4~\xaf \xcf\xe8\x0d\xc7\
\x0c\xcd(\x03#\x0e\xd2\x94Q\x12u\xef\xb0DL\xdc\
\x13y\x08N\xf5\x91~\xcd\xd3\xd4\xbe\x96\x8aR)`\
I\xcd\xd1T\x08\x86\x84\xa47\x14$]\xddS\x15\xc6\
W\x0a\xe2;B3\xcc2R\xa3\xce\x94\xa4\xfc\xa6\xa4\
\x9f\x90\x07\xb0\xb2\xd3\xa9QQ\xaeJ\x92\xbf8U'\
<\x22\x0f#4\xac\x91I\x82\x1d\xd5\x8cFD^c\
\x96\x83\xeaA0h\x18\xbaP=\xa3\x84E\xdf\x19\x9e\
\x12\xe6\xd1l\xbc\xa1\xd9\x84&\xe4H\x13\x96^\xd4\xe8\
0\xa38\x03\xc2#\x1b\xb9P\xd1;P\x9b\x19\xf7\xed\
[\x10\xc6$\xbc%Q\xc1:\xcb9\xac\x0b\x8e2\xa2\
\xf2\xb4\x8b\x0d\x91\x8e.\x18\xac\xc3\xd0Gy\xe1i\x1f\
)\xc1\x88\xd4x\xe9\x15\x004\xd9\xf2\x88G\x9f\x91\x15\
\xb5$S \xcd\x18\x7f\xc2SH\xbb~\x05\xaaR\xd1\
\x920\x14\xc9T\x1c\x8a\x07\x1d\xe2 \xcc\xa5\x86\x961\
\x00\xc8Kc\x1c\xb9\x85Q6\xd4\x81\x91\x08\xa4\xe5\xba\
%}nx,\x09\xf8<\x11_\xc8\x0c\xe7Lu\xd7\
\xf1\xc9\xc1N\xbbKE\xf6V\xf92\x5c\xed\x83\x01\x8c\
\xdf\xfa<\x8d\x00\xceWy\x92`9\xaf\x1aOg\xa8\
\xeb5\xed\xb36\x0e==\x01B\xce\xf0\x99\xde\xb5\x19\
9b\x02+\x1fy\xafW\x11j\xa2b\xb5}\xd3(\
\xf5y\xab\x1f\x098\x92|\xb9VZ\xae\x1f\xb3i!\
\x14\x13\xcb\xeb\x8bN\x15\x0b\x9aA\xe2\xfb\xebE<V\
X\x5c\xe5\x83b\x01|\xc0\xd5-%\xec\xa0\xee\x10\xbd\
\xf3\x87\xbb\xd7\x0b\x948\xa2\x0fPj\x865IPg\
\xbc\x92v\xd7\x92TK\x8c?\xd5\x90\x9a\xc1Z\xf1^\
x\xb5\x8b:\xf0o\xb7\x8c\xa6\x13pD\x00\xa4\xffA\
\x94Yxg\x97\xac\xe3/(\xab\xc13&\x18\x9c\x1a\
\xa1\x13E\x12\xd7\x84E\xc3p\xfb\xc4\xf2c\xbch\x0b\
{\xfb\xc8\x8d\xd6\xa5\xb8\xb7-\xa2\xeeK\xd1\xa4\xa0?\
\xb0B\xa6\x9f\x82\x91\x99:\xc5\x12*1\x94\xe9O~\
\x1a\xa9\x95\xaf\x22R\x22-I\xde\xfbI\xa6\x02\x9al\
RP\xed\xb9\x9e\xe8\xc7D\xbe\xeeIQDl\x17\x0f\
\x14U\x8c4)f\xd0=\x83T@\xfb\xb9\xa2\x8fP\
\xcf\x87{M\x9aE3\xd5!\xf9\xdb\xc6z9\x06\xb8\
\x0ftqEC\xcc\x0e\x18\xf4\xd8\x04\x027B:\xa3\
\x81y\xbf\x1e\x9b\xb6\x8f\xaal\xcfuWl;\xf5\xf9\
\xa2\xe7\x11\xb7t\xb6\xda\x89\x97\xea/\xaa\xca\x1b\xba\xdb\
\xa06\x16,Ox\xa5\xeeE\xd5\xd1bM\xf8e)\
\x0e\xa1\x05W\x93/\xf4\xa2\x9a\xfb\x9b'\xfa\x1d\x0d\x83\
\x01\xd2\x0d\xfd\xe3Z\x88}Q\x7f\xc5\x86\xfdz\xb0'\
E\x9dk\x8bw\xb5\x10\xbe\x1e\x19)\xc3!\x89\x05\x83\
\xfd;YB\xd2\x99K\x9a,\x84\xe3)#Q\xdb\x84\
\xd1\xb0V\x1bxJT,\xa2c\x00sfr\x7f\x92\
\xc4GB&X)\x12\x9d\xe5\xc9\x94\xc8\xec\x9c\xb3\xb9\
\x07\xb9\x80\x19hy\x02\xaa\xcb\x17\x91\x83\xde\xebb\x01\
\xfdDv\xf3AB\x5c\xc4\x14OsEp\xed\xe28\
\xc6\xfc\x86,F\xe8\xa0\xd6PW\xec\x81\xf1\xa2u\xb5\
e\xc5mm\x1b\x06\x0e\xbd}\x8b\xde\x18\x93\x9c\x89\xcf\
_7.\xa1\x99\xc0\xb8\xa8\x7fv\xbc\x11\xcb\xc9\x82\xc4\
\xfc\xee\xd4\xbd0\xf8\xa0\x99:\x15\x91\xbf8\x15\xee\xcc\
$\xf9\x91\x13\x1e\xce\x0d\xa5\x9fN\x0b\xfa\xca\x88\xde\xd5\
\x90\x11[\xd6:\xc7\x8f\x9d\xdf\xac!\xb0\xbf|\xc9i\
\xe5\xbc\xad\xb0\x92\x0f\x1b1\x9fV\x99?m\xc4\xfcG\
\x95\xf9W\x1f\xf3\xf3\xabC\xa9 \xa5\x9bF1\xc9V\
D\xd1kN\xa2\xb5,\xd0\xed@\x09\xaaWi\x03j\
\xa6\xd6\xb7[\xc6\xcb\xd9l\xb3M\xe3\xb5\xafY\xb97\
\xab\x91\x9b\xf6\xd6\x1f\xd9Dv;\x93b\xf0\x82x\xf6\
`\x98i\x99\xc4v\xd0\x10\x0e\xae\xe5\x007\xd0\xa4\x9d\
_:kt\xe5A\x0b\xcdT\xe8\x03\x9b\xbf\xe8\x96m\
\x06\x8e\xcc\xab\xba\xae\xb1\xb2\xb5\x0bT\x9di\x12\xad\x0c\
\xef+\x0a\xfaL\x9a\x9a\x1bx<W\xc2tGO\xed\
\xcd\x14Im\xc4\x80q\xd8R\xb5Z\xa4\xfa\xb0i\xe6\
\xf1\xff\x01\x95^\x10\x99\x81\xc6\x19\x9d7\x84l1\xd9\
~\xa8\xcd\x8c\xa1`\xba\x8f\x15\x17>\x01\x0e\xc3\xc6\x0c\
\x0bC%}\x04\xfc\xb4\xccj\xc7\xbeqi\x9d\xe9\xae\
\xca\xd1@\xf1G\xcfw\x17\xc1\xd5\xcf\xb6\xef\xfe\x89\xa3\
\xc8N/\xa8}^\x13\xfc<%\x5c\xe7\xc8\x89\xb1\xe7\
\x86\x06\x0e&/\xa3\xcf\xbd\xa5\xd1\xe7\xfc\xe6A\xb0I\
[^\xd7\xb4\x9c:kw\x0a\x9e\xdb\x1b\xf7F\xc1-\
\x18K&/\xea\x1c\xf7\x0f \xc9\xa9\xaa\x05@\x1f\x09\
\xdb\x86\x00\xdf\x19\xfe\x8d9\xc37N\x8a\xc5\xc1\xba0\
\xd5\xe7\xe3u\xd5\xdc\xcd\x8f\xd7P\x1bK\x1d \xa7)\
\xca\x5c\xcf}\x9fb\xae\xefJ\xd6;t{\xdc\xd0\x97\
z~!\xbb\xadBj\xa0\xad\x5c\x1c.\xad\xea;\xc2\
{\xabN\xccU!<g\xac\x8f\xf4\xff\xbd\x97 ~\
I\xfe!a=\xc7-\x97I\x1e\xec\xaf\xbaZr\xa1\
\xbf\xde%Sc\x03\xac\xbet\xf2\x80\xbf\xf4\xf3\xf9_\
\xd3\xa9J\xd6\
\x00\x00\x02\xbf\
\x00\
\x00\x199x\xda\xed\x98]o\x9b0\x14\x86\xef'\xed\
?X\xd9M\xbb\x0bd \x09\x04)\x17U\x8a\xd6H\
\xf9P\x08M\xb7K>Lb\xd5\xc1\x198[\xda\xa9\
\xff}\x90\xb4\x0d`\x93\x84L\x9aR\x09'\x17`\xbf\
\xe7\xe5\xc0s\xcc\x87\xf1rE#\x06&l\xb2\xc6\xde\
\xe3\xe7O8\xb7/=\xe0\xd0\xa7\xbf\xb9\xee\x1e\x0dY\
DI\x5c: \x0d\x1d\x86\x22\xec\x10N1p\x9e\xe8\
\x9a%\x91\xe9\xaf\xcf\xd0\x12\xfcI\xb7@\xd2\x82u\xe8\
1LC\x10#6\xc0\xf3\x05\x8b\xaf\x1e\xfb\xa1\x8f6\
\xd7\xa9\x06\xbc\xb6\x08\xed\x87\xaf\xf7\xdd8\x00\xafj\xd0\
\xedv\x01\xcc\xc5\xec\xe2<\x06%\x8f\x12\x1a\x81.h\
|i\xa9\x1d7\x08\x1a{\xd1\x0b@$FE#Y\
h$g\x8c\xa0\xe7\x05M\xf5\xa8\x91\x224R\xaa\x1b\
\xa9B#5c\x14@\x04!<j\xd4\x14\x1a5\xab\
\x1b\xb5\x84F\xad\xacQ\xe0j'\x18\xb5\x85F\xed\x9c\
\x91\xe6\x9e`\xa4\x09\x8d\xb4\x8c\x11\xd2\xe1)\xa7\xa6\x0b\
\x8d\xf4\xeaF\x1d\xa1Q\xe7\xa0\xd1n\xf3\x85\x9b\x1f\xb9\
)\x90\x9f\x1b\xf9\x1aW\xdc\xa6\xafek\x9c\xab]\xad\
\xad+jA\xa0\x1c\x13dkM\xebhJ.\xebb\
\x0d\x09\x05\xd9\xda\xd0\xe5V\xc0\x09\xda9AS\xe6\x04\
Y\x96Z\x0b\xaa\x9c@?&\xe8\x94\x09\xde/x\x8f\
\x92\xf52\xdc\xdd\xb1\xb2\x97\xd9\x09\xbd\x05\x8db)\xc0\
\x84\x18`\xe5D(d\xfb\xd1x\xe5x8\x9c\x1b\x00\
\xbe\xf9\xa4\xcdJ\x8e\xe8\x84s\x82\x8ae\x80}c\x97\
N\xbe{\x9b\x9b!\xca=m\xbb\x9c\xb6\x09<`\x9f\
-\x0c\xc0\xa25*\xd5\xdc\xa1\xb4XD\x22\x8f\xe0\x95\
\xa8\x9f\xd1\xd5\x00\x05\xccr|\xbc\x8e\x0d Cn\xd8\
J-\xcb\xc6\x07\x8e\x8bH\xf1L\xb7\x81h\x93\xe4\xf1\
3\xb6\xa3\xab\x86\xf9\xdd\xb6\xcc\xa1\x09\xa6\xf6\xd8\x1a6\
\xaey\xf1\xe1\xeb\xfc\xd6\x12\x09~N\x9e;\x0e\xb9!\
x\x1e.\x13\x91\x01\xec\xe48\xd2v\xff\xae\x97t\xa0\
\x88\x8f\xfb\x85\x22\x86\xbd\x92\xa8YYT\x90\x1cIr\
)\xf1EW\xed]\xb0\xc2\x1bD\xa6\xf8\x19\xbd\xa5-\
-\xb6\x08\xbeBI\xcd\x87\xbc\xe4\xe6{\x85z\xd1/\
\xaa^N\x02>5g\xa6U\xf3>\x8f\xb7\xf6\x01y\
\xdb\xd6x\xf4\xad\xe6}\x16\xefv\x09o\xeeix9\
\xbc\x87\xe3[\xd3\xba\xb1\xeb\x19~\x1e\xf1V)\xf1\xc2\
\x0b\xd2\x05\x11\xef\x8f\xc6V\x8d\xfb,\xdc\xcd\xb2\x1bz\
\xf1\x85\xf9rp\xdf\xf4\xec\xfe\xcc\xacIW$\xad~\
<\xd2\xf7\xa3\xa9i\xdb\x03\xf3\xb6\x86]\x11\xb6R\x02\
\x9b\xfb\x92\xbe\x1c\xd8\x93\xfb\xbei\xd7\xa0+\x82\x96?\
\x1e\xe8\xe4\xf3\xeb\x07\xa8i\x9fC\x1b\x96\xd0\xe6\x96\xd8\
\xfe\x0bm\x972F\x97\x87Vhv\x8a\x7f_\xa4\xe9\
\x8f\xea\x87>\xb7\x1e\x9b\xfc\xff\x02j\xe6B\xc4\
\x00\x00\x04b\
\x00\
\x00\x0e\xe5x\xda\xadW[o\xdb6\x14~/\xd0\xff\
p\x9a\x87\xc2Z\x02\xc2\xe9\xb2\x22P\x16\x14\x89\x8bb\
\x05\x12di\x8a\xec\xa1\xe8\x03#\x1dY\x5chR\xa0\
('^\x97\xff\xbeC]b\xca\xa4\xd3t\x9bZ\xc0\
\xa2\xf8\x9d\xfb\xe1w\x18\xb1\xa8\xb4\xb1pi/\x1b\x91\
\xdd\xbe|!Fk6\xd3\xca\x1a-\xeb\xad\x1b\xec\x9c\
[4\x82\xcb\x00q\xc6W\xba\xb1$\xe9\xfe\xbd'\x84\
\x9e\xc3\xb7\x97/\x80\x1e\x91\xa7`\xb4\xb6\xddj\xa1s\
.S\xb0\xa6\xc1\xeeCm\xb9\xca\xb9\xc9O\x1bk\xb5\
\xaaS\xe8\xa4\xd9\xc5-\xfc=\xbc\xcf\xb8\xcaP:\xd5\
N\x82\x16\xa565\xcbP\x917\x1fU\x0a\x17K4\
\x92\xaf\x98\xee~;\xd8\x9d\xc8m\x99\x02\xb9\x5c\xb2\x85\
P\x93\x8a\x1b\x12`\xedg\xf8\x09\xa6\xecp\x0f\x0e\xa6\
\xd3dP\x9bQ\x90\x04\xf8\x0d\xc5\xbc\xb4)\xe4\xad\xe9\
..F\xd1J\x91\x89~\x13v\xe1\xcd\xc1 V\x8b\
\xb9\xe2\x12\x0a!\xc9\x99\x93\x8ap\x98O\x96\xdc@\x8d\
\x123\x8b\xf95\x97\x0d\xd6\x8ff*\xa3+4v\x05\
\x0e\xa3\x8d\x98\x0b\x12\x9f\x95\x98\xddb~e)\xbf\x94\
\x82/_7\xb07Z\xcbG\xf0\xd5\x9d\xb0Y\xd9b\
S(\xb8\xacq\x03\xcd\xa5\xe05\x88\xfaC\xe7Sf\
\xc5\x92\x90u+\xd6\xadX\xd6\x19\x8c\x0av\xa1\x9c\xeb\
\x1c\xa9P\x0b\xf7\xf3\xd1\xe2\xa2\x1e\x02(\x1aE:\xb4\
\x82JW\x8d$'&\x82\xb6\xcfDm\x93\xa1\xe4}\
\xa1{A\x96I\xe4f\x92\x1c\xad7E\x01\x93Wk\
1\x83\xb61\xeah\xb0\xe0\x1e\x97\x1dn\x0c\x1c\xc3\x89\
1T\xda\xc2\xe8\xc5\xda\x90\xa7\xaa\xd0\x06\xda|\x0b\xc2\
N\x8f\xe8\xe7W'\xc8$\xaa\xb9-i\xbd\xbb;\xf2\
k0O\x98/\xe2+\xbc:>\x86F\xe5X\x08\x85\
9\xbc~\x0d\xdew\xd5H\x19\xc8\x0e\xce-\xa9\xe8\xc7\
\x83\x1a\xb6tE\x1e+K\xe0\x1d\x8cv\xd3~y\x14\
*\xf4\x92\xc5\xab\x0aU>\x89Xu\xcfN\xabj'\
u\xe6\xf7\xb6@\xfa\xda\xee\x8c\x9a\xc3\x7f\x1e\x92\x0d\x17\
\x1e\xd6\xcb\xfe\xf5!\xa8\xb6\xc1\x1a\xedg\xfd\x1e\x0b\xde\
H;\x19\xe5%\xd6Z\x94\x9c\xd6\xfcwJ\xe5\xb7\x89\
n\x94\x8d\x17\xccC\x91\x17\xbf\xf7\xfd:\x11{\xebh\
\xf7:s~h\x9b\xb1\x94\xc8s4)8E\xbe\x85\
\x9e)|\x82Xo\x96=\x1f\x1c\x1c\x82\xdf\x9f\x9f\xf4\
]\xc7\x0d\x9b\xae\x0e\xecD\xa7H\x0e:\xe3\x08\x89\x85\
=\xe7\x86\xcet\x0a\xfbo\xe3\x18\xe3\x8c\x7f\x0fdu\
\xf5\x08y\x13\x87\xdchb\xd7\xc5\x80:\xf0#q\xcf\
\x19\xbfA\x19\xebt\x8b\xf7\xb6\xa3of\x85\x95\x91f\
*\x886Y\xa5\x85\xb2W\xe2/\xa2\x99\xfd\x83\x10\xd3\
\xb3\xa8K\xc9\x1f]\xae\xd7\xfc?:WTU\x91q\
y\x22\x89T\x17\x94\xb8\x14>\x93\x03\xac]_\xcfZ\
\xbe\x87\xa0u\xc7\x1f:v\x8c\xc5\xe2\x06\x91\xdf\xa9[\
\xfd\xe4k\xf3\x97c\xe3\xcf>63-\x9b\x85\x0a;\
\xc4\xf9\xe0O\x16\xdf\xfb\xa7;\xa7\xaex&\xd4\xbc+\
\xf1\xfa\xb3\xa3\xc3k\x81w\x01\xc5\x91!\xd9\xef\xf5\xf4\
\xfd\xa3\x15\xe91\x95\xc1\x02\x8d\xc1|\x98\x8co\xa6\xd3\
1p\xbc\xd2\xceQ\xbb\x8a\x0f\x1c\xe2\xc4}6%*\
\x9c\xb2_\xc6b\x99\x14U\xcc\x8b\x1bb\x85\xbc>\xc5\
\x92/\x85\xa6\xc3\xfb\x81\x06\xf1-\xbf\x91\xc8\xae\xa8\xef\
O\xeci\xbb\x1ftAF\xf7\x15y\xca\x0d\x1bz*\
]\x7f\x83o\x10\xd6\xbe\xd2\xa4x\xe5\xa1\xa8\xf0w|\
U_\xa8H'\xf5\xd7\x81>u\x87!\x82\xf7C7\
\x8c'hXb6\x9c\xb7\xb3\xbc\xbd\x05\x9c\xea\xfbX\
\xf3\xa2r1\xe7O\x8d\xf1\xf0\xdc\xb6\xb4\xd9O\x9f\x10\
\xd3\x0b\x0f\xb0\xc7\x0a\xbd\x1b\xe6F(2\x90\xe1\xcfo\
!\xb6\xad\xd5\xccU\xc7\xe9\xdc2\xbf\xdc\xe4\xf5\xc8|\
\x8ev\x22h`\xde'\xc96\x89\xa7\xe8\xdfI\x8eF\
@\xff\x96\xc4U=DF\xe1\xd6\x13\xfdh7m\xcf\
X{\x1d\xa2\xc6\x11\xb9\x7f'z\x8a\x02\xb4\xba\xa0I\
\xbe\x91\x8b\xc8\x1d\x8ef\xe1\xd35\x8d^\x12Ij\xb8\
%\xfe\xb7\xd1\x1a\xd5\xce\xaa\xa6.\x83B%,\xcco\
\x18\xf5I\x96ae7\xe2\xf6/\xc4.\x9d\x1b\xee\xbb\
\xb6\x88%!\xf0\xf6\xdf\xc7\xb9\xad\xfb\x12\xcf\x16\xc4\xfb\
\xc6w|[f\xdaC\x96\xc0\x8ft\x98\xf7:\xfe\xeb\
\xc1\xb7\x97\x04\xf9\xfd\x84\x7f\xb6\xbb\xe93n`\x91v\
\xfb?z\xc6\xe5\xd1\xa1\xe3\xbd\xd3\xdd\xbc\xa3\x05x\xd6\
=.\xaa\x95\xee\xcd\xc93\xa6/\xfd\xff\x07\x19v\x01\
c\
\x00\x00\x05U\
\x00\
\x00 ?x\xda\xd5Y\xdfo\xdb6\x10~\x0f\x90\xff\
\x81\xf0K\x9d\x01\x93\xdd`\x01\x0a\x01\xd9\xe0\xa6\x0f\x0d\
\xd0\xa0i\x5c4\x0f\xc3P\xd0\x12m\x13\xa1E\x95\xa4\
\x12{\x9b\xff\xf7\x1dE\xc9\xa2~P\x92\xdd4s\x95\
\x00\xb6\xc8\x8f\xe4\xdd}\xc7\xe3\xf1LW1\x17\x0a}\
R\x9f\x12\x1a<\x9c\x9e\xd0\xd2\xbbwO\xa3\x90?\xd5\
\x9a?\xe0\x0dO\x94\xac\xb5_\xf1H\x09\xce\xdc\x1d\xde\
\x0dVDP\xcc,\xc4M\xc2\x14]\x91\x90\xe2\xd3\x13\
\xfdw\xad\xc8\x0a\xfdsz\x82\xe0y\xa2\xa1Z\xfa\xe8\
|<6\xefKB\x17K\xe5\xa37c\x8d\xd4-\xb1\
\xe01\x11j\x83f\x9c3\xc48\x8f}4\xc7L\x92\
\x1c0O\xa2@Q\x1eA\x1f\x0e\xa7<\x89\xc2!N\
B\xca\xbf\xc6X-\xcf\xf2\x85\xd2\xa9\x18\xde\x10\xe1I\
\xc5\xe3\xe1Y\xbd\x99'\x22 \xe8\x12\x15\xa3\x0b\xcc,\
Q\x8aG\xb7\x80\xf4h\xc0#/\xe0\x8c\x0b\xc0\xe6\xea\
z8\x08H\xa4\x1a\x07\x90\x08\xcf\x18\x09\x01\xadDB\
\xaa\x90\x0f\xa0Q#d[SP\x0bj\x14,\xa9\xd5\
)\xdb\x9c\x0b\xb2\x10z`m\x10N$\xd9K\xa3)\
\x18\xef{L\x90Q\xd7$F\xbb\x9d\xd2\x85\x0f4e\
\xca2\x97T[q\xcah\x08l\x17\xb0\x9c~B\x1e\
tS\xcd/\xf4G\xee.\x0d\x9ch\xd1\x0f!\xc5a\
\xad\x16BZh\xecv\xb3\xaa\x89+<\xe4\xbaj\x94\
[Y\xbds\xfeo][\x1c\xd0=(\xf5\x8c\x97\xb7\
j\xa3\xe76b*\xae[\xc1\xe8\xa8\xe7\xe4\xcc\x0eg\
u\xca\x04\x91D\xdd\xa6\xc8\xe1!\xc1\xf0\xd5\xab.1\
~P\xf89B\x0f\xe8\x15\xbb~\x90\x0b8\xc3\x97\x85\
\xdb\xb1oNu\x9bm\x1a\xfa\xe6\x5c\x9b\x12\xa5h\xb4\
\xc8\xcf\xfd\x02\x91\x9d\xc4\xbf]\x8c\x8b\xb6\xfc4~}\
1\xb6\xa1+\xbc\xa6\xabd\xf5>\xeb5\xa8Z\xf7\xbd\
\x990\x9d\xb74\x9aF\xad\xa3M\xb7s4\x0f1\xa3\
j\xe3Cb\xe1M\xe2\x98\xd1\x00k\xbb\xdc\xe8\xf6\x02\
6gx!S\xcc;\xa0\x98/\xec)\x14U\x8c\xf8\
\xe8\x9b\xfc,\x86\x83\x89\x80l\x84J\xf4+\x9ah\xf3\
 \xb3UPf&98\xb3G^q\xc8i\x22\x08\
e\x1e\x8f\xf4wF\x14\x01\xc3Zv\xd6\xcf\x1aX\x99\
\x06\x82\x90\xc8K\xc5G#t\x0e\xf3\xef\xbe\x97\xd1\x9b\
\x02mL\x91\xc1\x8b\x97\x02\xbf\xb5\x85\xb9\xc5\x0bR]\
\x1aG\xc1\x92\x0b\xe9\xcd)c>\x9cM\x22\x0d\xbbe\
\xcc\x15g\xc9*2\x19^u\xbc{\x0e\x17Jh)\
o\xb0X\xd0\x08\xfcd\xec\x0622\xef\x85\x9bq\xd8\
\x0c\xab>H\xd8S6\xac\x0e\xbc\xe3On5\xf5c\
zSM3\x7f3A\xde\x85\x9e\x11\xe6\x9a*u,\
\xb2\x06\x87\x1e\x18G\xfa\x98\xa88Q\x037z\x0e)\
\xb3\x17\xd35aS\xfa7\xf8\xe3\xebs76`4\
\xf6+'P_e\x9a\xb0[\x97\x8e\xe0\xd53\xfe\x96\
\xaf\xdb\xd4\xdc\xc5\x12\xa3b>\xa4S\xb2X\x909\x11\
\x82\x84\xf7\x95\xa4\xbf\xe9\x81}N\xc0\xfd\xd2k\xc3;\
\xf2H\x03\x22=kQ\xd9\xce\xc2\x1d\xd7;|\x10\x12\
\x19\x08\x1a\xeb\xf8\xd0B\x04\xec\xe5Dh/\xbf\x8eB\
\xb2\xbeZ\xe2h\xd1\xb0\xabk^X\x08\xe3\x85\xa9\x80\
\xb0\x91\x9d\xe2\xfe\x19XK\xfc\xe5\x9ey\xeb\xe4\xab\x17\
\x85\x07{\xfc\xf7\xf8\xfb\x17\x1dP\xc8\xf1zzS\xb3\
9F\xbb\xbc\xfc1\xd5\xcc`\xfb\xbbw~\xb2\x9d\x8f\
\x9fwK<b\x96\x80\xf5\xc6\xde\xc5O\xe8$wD\
g\x96h\xa8\xb3\x9c\xb3\x9f\xcbW\xeetj\xf86\xcd\
\xd1\xba\x1c\xa6\xc8\xe4Zp\xbb$\xd4o\xcfA\x1b\x07\
\x9a\xc4\x1c\x0c\xfaM\x04\xfe(\xc4\x0a\x8f\xe8\x0a2\x01\
9\xd2\xddrd\xf2\xf7\xaf:U\xf7\xe4\xe3\xa2\xc5\xd2\
!\x95\x1a\xec\xa3\xc9L*\x81\x03eT\xf4\xaea\x9e\
\x8f\x11\xdb\xb8Gf\xc9\xa7_\xcdQk\x5c2\xac\xba\
\xf8\x81\xe0\x0b)\xdcC\x8f\x80K\xe7h\xa8\xd5:\xeb\
\x02\xba\xaf*\xdd\x94t\xdd\x0b\x1a\xdd\x06\x11Xe\x0f\
\xa9\xda-\xd2.T\xf5*\xbd\x87\x1f?\xc3\xf9b\x97\
\xeeZvZ\x1e\x01\x9b\x15\xad,\xb6-\xe5\xb7\xa5\xa5\
]\xa9j{\x8a*c\x1c@\xee\x0e\x91\xb2hs\xc6\
\xbc&\xb0\xa5\x0d\xdc5\x16\xd1\x0a\xa67\xf7\x0d\xfd\xf6\
\xfe\x0a^\xe1\xec\xf8w\xd7\xf2\xc5\xb4T\x0d\xd6\x117\
\x8ax\xa1\xef\x1c\x0d\xfd\xfb\xc6\x89}\xe2\x83\xfep\xc4\
\x87\xfd\xe3BW<h\x8b\x03\xd6\xfe\xb7\xca\x9b5\x0f\
)7\xb8\xdc\xb0O\xb0\xdf\x1eN\x93\xbe\xe9\xbf4O\
iu\xe1\xd8\x88\xb2j\x9eG\xc9\x94.\xb7\xbc0Q\
\xba\x8evl<Y\xe5\xda\xe3\xa4)+\xb2\xbc\x14U\
2[\xef\xf9yj\xa6\xa2'M\x8e\xf3\xb4^\xae\xf3\
\xe4\x92?U\xb9\xec<Q{\x1c\x82\xee\xdb\x90&\xab\
\x5czt:I\xaf\xfb\xcf\xceb\xce_]*\xb7\x9d\
\x0c\x17&\x22-\xf3\xa1\xdf\xd1\x18\xfd\xb1\xfb\xb9\x22\x93\
\x0c\x8dj\xb8\xda\x81\xbe\xcfe@\x97\x13\x1f[\xa8\xa9\
.\x7fY[\xfe\x97j\xc16\x7f=\x98\xbc\x1b]Z\
\xc8\xaa\x93\x15\xb1\xe8\xce\x9e\x95j`Q\x80(Ul\
\xca(\x93\x7f\xccp\xf00U\xb0\xd5\xda\xea\x1f:\x05\
\xb7~\x15\xdb\x8dA\x97\x97\x97\xb6\x80\x9e\x0e\xc01\x09\
\xd3Ng\xbe\xde+\xa1w&\x05\xfd\xb3og\x18l\
\xcf~\xfb\x902)\x8c\xdaD\x8a\xd3\xe6\xa6`T)\
o\x85d\x8e\x13\xa6&\xaeA\xa6\x1aQ\xaeJx\xe9\
6is\x99l\xf6&\xf1\xec\xd5\x9b\x92p\xf8\xff\x0f\
EH3;\
\x00\x00\x02|\
\x00\
\x00\x10'x\xda\xed\x97[o\xda0\x18\x86\xef'\xed\
?XL\xaa\xca\xa4E\xce\x89\xd0h\x9d\x84h\xb4\x22\
A\x11!\xa5\xd798`\xcd\xc4Y\xe2t\xac\x13\xff\
}\x09\xe1\x10\xe7PV&U\x5c`\xb8\x88\xed\xd7o\
>\xfb\xf9\x9c8x\x19\xd2\x88\x81\x09\x9b$\xd8\xfd\xf1\
\xf1\x03\xe6\xea\xc2\x13\x0e<\xfa\xab\xd2\xdc\xa7\x01\x8b(\
\x89\x1b;\x84\x91\xcdP\x84mRQ\x0c\xed\xdf4a\
\xe9\xc8\xec7`h\x09\xfedW -~\x12\xb8\x0c\
\xd3\x00\xc4\x88\x0d\xf1|\xc1\xe2k{\x10xh\xd5\xce\
4`[\x22t\xe8n\x1f\x9a\xb1\x0f\xb6j\xf0\xed\x16\
@pu\x05\xb6\xd5\xaf\xa0\xcb\x19\xe4&.\x83\x82K\
\x09\x8d\xc0-h}R\xe5\x1b\xc7\xf7[\x07\xd1\x1a \
\x12\xa3\x92k\x97s\x15;\xb5\xb6b\xc1\x16\xba\xae\xaf\
\xc8\xc7l\xc5\x0e\xe7+\xc3Z_\xa9\xe0\xebC\x04!\
<\xe6+\xf3\xab\xa0\xd6\xfb\xcaE_\xdf\xd1\x8e\xfb\xaa\
\xbc\xaf\x08\xeb\x8d\x15\xceXs\x8e\x1b79\xa9\x05'\
\xd4\x85\xa5\xa9\xe7\x97\xebJ\x16q\x89\xc2g\x10\x0f_\
r\x14O+\xc2\xaf`\xd4:]I.\x09\x8a<\xb4\
\x1bM\xe2\x82*/lWT\xfd\x8a@\xe1\x04\x8aX\
\x11\x14\xe7\xad\xa9P\xde\x0b\xf6\x93\xedS\x92,\x83|\
O\x15\xa7h\x07\xee\x82F\xb1\xe0cBt\x10\xda\x11\
\x0a\xd8\xa17\x0em\x17\x07s\x1d\xc0\x9dOV\xcc\xf4\
\x8ev0'\xa8\x8c\x00{z\x1e\x0e\xdf\xbc\x89M/\
\x87\xb6+yL\x9b\x00\x9e\xb0\xc7\x16:`Q\x82\x1a\
5\xf7(\x03U'r\x09\x0e\xeb\xda\x19\x0d\x87\xc8g\
\xa6\xed\xe1$\xd6\xd3\xdc\xa9t\x9b\x99eS\xff\xd0v\
\x10)\xcft3\x10\xad\xd28~\xc6Vt\xdd\x9a\x1a\
3\xc34\xc0\xd4\x1a\x9b\xa3V\xbb\xaa}}\x99w%\
\x95\xe0\x97\xf4\xc1h\x93\x1e\xc1\xf3`\x99\x8at`\xa5\
\xb7\x116\xf5\xfb~\xda\x80\xa2\xea\xb8g\x141\xec6\
\x8c\x9a5\x8d\xf2\xd3;\x09\x0e%^\xdd\xa2\xed\x05!\
^!2\xc5/h\x17\xb6\xb0\xd8\x10\xf8\x0c\x05\x89\x1f\
\xb2\xe6\xb6\xda\x1b\xd2EiH\x97J\xaa\xbfK\xba\xfc\
\x1bo\xcb\x1c?|\xbf\xf0>\x89\xb7\xdc\xc8\xbb\xf4\xec\
;\x1f\xde\xa3\xf1\x9da\xf6\xac\xcb\x0e?\x8d\xb8\xd4\xf4\
B(\xbf\x0e\xcf\x87x\xafo\x0df\xc6\x97\x0b\xefS\
x\x8b\x0d\xbc+\xe7\xa3\xf3\xe1\xfd\xf805,kh\
\xdc]`\xbf\x116l\x80]9-\xbf\x0bl\x872\
F\x97\xaf\x1d\xf8r\xc5\xff\x9f\xf9&\x8f\x03\xc3\xbad\
K\xe1\xbb*\xfd\xff\x05CN\x09\xae\
\x00\x00Xg\
<\
?xml version=\x221.\
0\x22 encoding=\x22UTF\
-8\x22 ?>\x0d\x0a<!DOCTYP\
E svg PUBLIC \x22-/\
/W3C//DTD SVG 1.\
1//EN\x22 \x22http://w\
ww.w3.org/Graphi\
cs/SVG/1.1/DTD/s\
vg11.dtd\x22>\x0d\x0a<svg\
 width=\x22360pt\x22 h\
eight=\x22600pt\x22 vi\
ewBox=\x220 0 360 6\
00\x22 version=\x221.1\
\x22 xmlns=\x22http://\
www.w3.org/2000/\
svg\x22>\x0d\x0a<g id=\x22#b\
0bec9ff\x22>\x0d\x0a<path\
 fill=\x22#b0bec9\x22 \
opacity=\x221.00\x22 d\
=\x22 M 178.81 10.5\
7 C 184.39 15.94\
 186.89 24.38 19\
4.29 27.73 C 199\
.43 30.35 205.20\
 31.10 210.76 32\
.37 C 224.57 35.\
46 237.10 42.49 \
248.82 50.21 C 2\
59.93 57.98 266.\
91 69.95 273.64 \
81.40 C 281.97 9\
5.98 291.21 110.\
35 295.90 126.63\
 C 301.60 125.02\
 307.33 123.43 3\
13.21 122.55 C 3\
12.84 120.77 312\
.45 119.00 312.0\
2 117.24 C 323.2\
0 118.81 333.66 \
112.79 344.81 11\
3.66 C 336.40 11\
8.27 326.85 120.\
09 318.23 124.23\
 C 316.33 125.42\
 314.08 124.59 3\
12.01 124.60 C 3\
08.98 124.64 306\
.08 125.64 303.1\
4 126.26 C 305.9\
9 128.33 308.71 \
130.58 311.35 13\
2.92 C 307.96 13\
8.99 305.95 145.\
70 303.67 152.24\
 C 303.45 150.44\
 303.25 148.63 3\
03.08 146.83 C 3\
01.68 147.54 300\
.29 148.25 298.8\
9 148.95 C 299.6\
2 149.91 300.41 \
150.85 301.03 15\
1.90 C 304.79 17\
1.72 302.78 192.\
02 301.75 212.02\
 C 301.62 225.55\
 300.23 239.61 2\
93.72 251.71 C 2\
88.21 262.05 281\
.91 272.25 273.0\
7 280.09 C 268.3\
6 284.36 262.54 \
287.59 259.07 29\
3.08 C 254.45 29\
9.40 257.05 307.\
76 254.38 314.75\
 C 252.12 313.37\
 250.20 311.54 2\
48.50 309.52 C 2\
26.20 284.48 203\
.90 259.43 181.7\
7 234.23 C 179.1\
2 240.44 173.09 \
244.78 171.81 25\
1.62 C 170.46 25\
7.64 170.95 263.\
87 170.90 269.99\
 C 171.00 275.88\
 170.26 281.99 1\
72.30 287.66 C 1\
73.76 292.69 176\
.42 297.27 179.5\
7 301.42 C 183.8\
9 307.24 186.90 \
313.91 191.37 31\
9.63 C 193.93 32\
2.88 195.82 326.\
58 198.15 330.00\
 C 180.81 346.08\
 165.10 363.89 1\
47.29 379.46 C 1\
30.62 363.82 115\
.00 347.09 98.46\
 331.31 C 100.84\
 327.71 103.07 3\
24.02 105.41 320\
.40 C 110.19 312\
.67 113.19 304.0\
5 116.77 295.75 \
C 119.07 289.96 \
116.90 283.74 11\
4.70 278.28 C 11\
0.12 267.47 107.\
27 256.04 102.77\
 245.20 C 99.66 \
237.55 93.00 232\
.34 87.56 226.43\
 C 85.76 224.21 \
82.63 224.49 80.\
08 224.50 C 70.1\
7 225.06 60.34 2\
23.48 50.54 222.\
34 C 39.00 220.8\
8 27.05 218.29 1\
7.90 210.65 C 19\
.77 208.00 21.61\
 205.27 24.10 20\
3.14 C 28.61 199\
.19 33.07 194.75\
 38.97 192.97 C \
53.09 188.96 68.\
00 189.56 82.24 \
186.17 C 88.53 1\
84.70 94.35 181.\
85 100.34 179.54\
 C 95.71 172.94 \
91.86 165.27 92.\
08 157.01 C 92.1\
9 150.36 93.31 1\
43.09 98.00 138.\
02 C 109.41 126.\
12 127.37 120.37\
 143.38 125.15 C\
 154.77 86.83 16\
7.32 48.85 178.8\
1 10.57 M 144.49\
 126.13 C 149.43\
 128.05 153.44 1\
31.70 158.32 133\
.72 C 163.69 135\
.83 169.08 132.7\
8 174.13 131.16 \
C 186.68 126.43 \
200.16 121.52 21\
3.75 124.28 C 22\
2.69 125.61 230.\
87 130.45 236.73\
 137.28 C 227.50\
 135.65 217.91 1\
35.54 208.80 137\
.95 C 213.25 141\
.01 218.18 144.2\
6 219.52 149.89 \
C 241.27 142.92 \
263.35 137.03 28\
5.21 130.41 C 28\
2.26 119.76 279.\
70 108.63 272.96\
 99.60 C 270.73 \
100.55 268.56 10\
1.62 266.42 102.\
74 C 268.21 94.9\
8 267.75 86.69 2\
64.63 79.34 C 26\
2.89 75.36 259.9\
2 72.13 256.95 6\
9.03 C 245.92 57\
.88 232.73 48.89\
 218.34 42.68 C \
213.15 40.59 206\
.83 43.56 202.18\
 39.87 C 197.94 \
36.67 193.63 33.\
50 188.82 31.21 \
C 186.85 30.19 1\
84.69 29.44 182.\
97 28.01 C 180.1\
4 24.95 179.98 2\
0.54 178.78 16.7\
4 C 167.29 53.18\
 156.14 89.74 14\
4.49 126.13 M 28\
6.72 129.79 C 28\
3.72 134.61 284.\
39 141.83 278.96\
 144.91 C 270.76\
 148.87 261.72 1\
50.56 253.01 153\
.04 C 246.07 154\
.76 239.42 157.5\
7 232.30 158.50 \
C 224.79 159.61 \
219.59 165.52 21\
3.77 169.76 C 20\
9.59 172.95 204.\
21 173.81 199.10\
 174.11 C 189.08\
 174.55 179.67 1\
78.27 170.09 180\
.85 C 170.81 189\
.45 168.72 198.2\
2 171.36 206.64 \
C 184.05 201.05 \
195.30 192.72 20\
7.89 186.93 C 21\
3.75 184.00 220.\
58 185.47 226.73\
 183.63 C 233.29\
 182.13 239.07 1\
78.44 244.16 174\
.16 C 248.25 170\
.65 253.23 168.5\
1 257.93 165.97 \
C 260.96 164.36 \
263.55 161.98 26\
6.78 160.71 C 27\
3.37 158.03 280.\
52 157.28 287.31\
 155.20 C 285.26\
 153.31 283.20 1\
51.44 281.04 149\
.68 C 283.63 148\
.16 286.46 146.7\
8 288.34 144.35 \
C 290.95 141.29 \
291.92 137.27 29\
2.66 133.42 C 29\
5.14 133.43 297.\
61 133.45 300.08\
 133.47 C 301.17\
 132.36 302.27 1\
31.26 303.36 130\
.14 C 300.94 129\
.47 298.60 128.5\
3 296.14 128.03 \
C 292.94 128.25 \
289.84 129.16 28\
6.72 129.79 M 30\
4.43 130.13 C 30\
3.61 132.34 304.\
81 136.82 307.81\
 134.90 C 309.32\
 132.37 306.08 1\
31.19 304.43 130\
.13 M 223.04 150\
.62 C 228.40 151\
.77 233.54 153.9\
0 238.97 154.70 \
C 251.15 151.96 \
263.18 148.52 27\
5.18 145.11 C 28\
0.49 143.66 280.\
83 137.21 282.52\
 132.90 C 262.75\
 139.00 242.71 1\
44.21 223.04 150\
.62 M 297.45 140\
.25 C 299.50 140\
.33 301.29 140.9\
1 302.82 141.99 \
C 301.64 143.85 \
298.51 143.06 29\
6.61 143.95 C 29\
8.85 144.63 301.\
12 145.24 303.38\
 145.87 C 304.42\
 142.81 305.46 1\
39.74 306.62 136\
.72 C 303.58 137\
.95 300.53 139.1\
3 297.45 140.25 \
M 137.27 151.76 \
C 140.85 151.74 \
144.43 151.61 14\
8.00 151.38 C 14\
7.07 153.76 146.\
26 156.18 145.48\
 158.62 C 143.76\
 157.07 142.00 1\
55.56 140.20 154\
.10 C 140.05 155\
.57 139.89 157.0\
4 139.72 158.51 \
C 138.27 157.24 \
136.87 155.92 13\
5.46 154.61 C 13\
4.60 158.55 133.\
82 162.52 132.48\
 166.33 C 132.27\
 163.56 132.52 1\
60.80 132.92 158\
.07 C 130.28 161\
.68 127.13 164.9\
4 123.19 167.16 \
C 125.01 168.07 \
126.82 168.99 12\
8.62 169.95 C 12\
9.09 167.65 129.\
46 165.32 129.93\
 163.02 C 130.96\
 164.99 132.01 1\
66.94 133.04 168\
.91 C 135.66 167\
.07 138.77 165.8\
0 142.02 166.15 \
C 147.04 166.95 \
150.97 163.09 15\
5.62 162.00 C 15\
3.50 159.98 151.\
43 157.90 149.35\
 155.83 C 150.74\
 151.20 150.78 1\
45.86 146.99 142\
.31 C 142.89 144\
.47 140.14 148.2\
6 137.27 151.76 \
M 279.38 158.67 \
C 272.18 159.78 \
265.76 163.47 25\
9.59 167.15 C 26\
7.05 167.42 274.\
49 167.13 281.94\
 166.76 C 275.96\
 170.33 270.64 1\
74.96 266.62 180\
.66 C 260.87 188\
.80 253.76 197.0\
4 243.77 199.78 \
C 237.43 201.79 \
230.89 199.56 22\
4.49 199.19 C 21\
8.26 198.49 211.\
90 199.13 206.02\
 201.34 C 209.93\
 203.47 213.71 2\
05.82 217.43 208\
.26 C 205.27 214\
.38 191.73 217.6\
9 178.11 217.76 \
C 180.86 223.38 \
180.32 230.44 18\
4.69 235.27 C 20\
7.09 260.39 229.\
35 285.64 251.82\
 310.71 C 250.82\
 305.73 248.58 3\
00.48 250.23 295\
.43 C 254.54 289\
.69 258.18 283.4\
8 260.80 276.78 \
C 262.96 271.34 \
270.27 271.99 27\
3.46 267.51 C 28\
3.77 254.44 290.\
46 238.86 294.76\
 222.87 C 297.28\
 210.59 293.35 1\
97.96 286.88 187\
.54 C 289.16 187\
.94 291.46 188.3\
5 293.76 188.71 \
C 295.52 177.90 \
292.63 167.20 29\
1.87 156.45 C 28\
7.74 157.41 283.\
56 158.04 279.38\
 158.67 M 145.32\
 167.94 C 146.54\
 168.75 147.76 1\
69.56 148.99 170\
.36 C 154.18 168\
.64 159.45 167.2\
4 164.71 165.73 \
C 161.49 165.02 \
158.21 164.45 15\
4.91 164.45 C 15\
1.41 164.51 148.\
41 166.57 145.32\
 167.94 M 141.34\
 173.47 C 142.52\
 172.45 143.69 1\
71.44 144.83 170\
.38 C 143.85 169\
.43 142.84 168.5\
3 141.78 167.68 \
C 140.05 167.32 \
138.40 168.30 13\
6.74 168.66 C 13\
7.19 170.89 137.\
80 173.09 138.28\
 175.33 C 134.24\
 176.87 130.16 1\
78.58 125.72 178\
.14 C 129.06 176\
.09 132.57 174.3\
0 135.55 171.72 \
C 130.48 171.40 \
125.70 173.27 12\
0.73 173.81 C 12\
3.11 172.35 125.\
69 171.24 128.14\
 169.89 C 126.03\
 169.56 123.95 1\
69.07 121.83 168\
.79 C 116.18 169\
.48 114.12 176.0\
5 108.93 177.75 \
C 101.17 180.65 \
93.74 184.40 85.\
82 186.86 C 77.7\
1 189.31 69.22 1\
89.62 60.87 190.\
65 C 49.15 192.1\
0 36.27 193.76 2\
7.32 202.25 C 30\
.58 203.35 33.72\
 201.71 36.76 20\
0.71 C 45.15 197\
.50 53.83 194.81\
 62.81 193.97 C \
72.51 192.92 82.\
03 190.85 91.50 \
188.60 C 98.57 1\
86.79 105.99 186\
.47 112.85 183.8\
6 C 117.58 182.0\
9 122.36 180.45 \
127.29 179.33 C \
127.46 180.52 12\
7.79 182.90 127.\
96 184.09 C 128.\
27 182.54 128.56\
 180.99 128.85 1\
79.44 C 131.80 1\
81.01 134.68 182\
.71 137.48 184.5\
3 C 134.17 186.3\
5 130.53 187.35 \
126.81 187.93 C \
128.62 188.40 13\
0.42 188.89 132.\
20 189.47 C 134.\
16 187.87 136.10\
 186.24 138.00 1\
84.57 C 137.17 1\
82.35 136.29 180\
.15 135.49 177.9\
2 C 139.19 179.5\
0 142.82 181.25 \
146.34 183.21 C \
147.58 181.17 14\
8.48 178.87 150.\
14 177.12 C 151.\
77 176.23 153.68\
 176.10 155.41 1\
75.46 C 159.84 1\
74.01 163.09 170\
.45 166.02 167.0\
0 C 157.80 169.2\
2 149.82 172.32 \
141.34 173.47 M \
147.44 193.73 C \
149.12 195.56 15\
0.81 197.40 152.\
43 199.30 C 154.\
18 195.62 155.84\
 191.91 157.52 1\
88.20 C 154.12 1\
89.98 150.77 191\
.83 147.44 193.7\
3 M 107.53 194.4\
1 C 100.85 197.1\
8 94.21 200.14 8\
7.16 201.86 C 97\
.25 206.96 106.3\
3 213.86 116.59 \
218.67 C 110.96 \
211.05 102.86 20\
5.85 95.99 199.4\
6 C 101.45 197.5\
5 107.35 196.92 \
113.02 198.27 C \
113.43 196.67 11\
3.85 195.08 114.\
28 193.49 C 120.\
30 192.66 127.77\
 194.60 132.35 1\
89.63 C 124.29 1\
92.49 115.42 191\
.03 107.53 194.4\
1 M 126.49 209.9\
8 C 129.50 211.5\
1 132.55 213.00 \
135.40 214.82 C \
128.07 213.97 12\
1.56 210.22 114.\
58 208.12 C 120.\
67 211.77 127.01\
 215.08 133.83 2\
17.15 C 140.97 2\
13.09 145.92 206\
.42 151.93 201.0\
2 C 150.21 199.1\
4 148.52 197.24 \
146.85 195.32 C \
145.43 198.44 14\
4.07 201.59 142.\
48 204.62 C 141.\
68 200.00 141.51\
 195.30 141.20 1\
90.63 C 135.55 1\
96.49 131.20 203\
.39 126.49 209.9\
8 M 154.99 205.2\
7 C 154.28 204.2\
7 153.57 203.28 \
152.86 202.29 C \
145.29 210.23 13\
8.38 219.01 129.\
24 225.25 C 123.\
43 228.62 116.60\
 230.75 112.40 2\
36.36 C 116.26 2\
35.47 120.18 234\
.60 123.69 232.7\
0 C 131.80 228.6\
9 138.17 222.02 \
145.92 217.44 C \
140.52 225.16 13\
3.20 231.22 127.\
07 238.31 C 137.\
99 230.73 149.51\
 223.50 157.82 2\
12.91 C 157.62 2\
13.82 157.22 215\
.65 157.03 216.5\
7 C 159.20 216.1\
6 161.36 215.71 \
163.53 215.26 C \
160.38 219.14 15\
7.41 223.16 154.\
28 227.05 C 160.\
42 228.77 167.06\
 229.67 173.15 2\
27.19 C 174.56 2\
19.88 169.32 212\
.09 161.70 211.4\
9 C 162.10 207.0\
3 164.34 203.08 \
165.83 198.93 C \
164.14 200.48 16\
2.53 202.09 160.\
90 203.69 C 160.\
96 200.92 160.97\
 198.15 160.88 1\
95.38 C 158.37 1\
98.31 156.29 201\
.62 154.99 205.2\
7 M 67.93 212.37\
 C 71.59 212.03 \
75.14 210.96 78.\
27 209.01 C 81.7\
2 210.70 85.63 2\
11.77 88.37 214.\
61 C 95.41 221.4\
4 104.10 226.34 \
113.21 229.84 C \
103.82 220.89 92\
.69 213.59 85.10\
 202.86 C 79.28 \
205.85 73.13 208\
.34 67.93 212.37\
 M 154.69 234.89\
 C 159.76 235.81\
 164.95 235.67 1\
70.01 236.63 C 1\
62.12 240.26 153\
.22 239.68 144.7\
6 239.77 C 150.8\
2 244.48 159.67 \
245.24 166.35 24\
1.40 C 170.57 23\
9.33 173.07 235.\
17 174.91 231.03\
 C 168.56 234.10\
 161.50 233.98 1\
54.69 234.89 M 1\
30.93 257.39 C 1\
30.88 256.65 130\
.80 255.16 130.7\
6 254.42 C 129.4\
1 255.99 128.04 \
257.54 126.66 25\
9.09 C 120.40 25\
9.73 114.21 258.\
04 109.14 254.30\
 C 110.90 258.90\
 112.52 263.57 1\
13.29 268.45 C 1\
14.52 275.87 119\
.02 282.09 121.3\
7 289.12 C 121.8\
9 292.45 120.45 \
295.69 119.83 29\
8.92 C 128.69 30\
2.45 136.91 307.\
58 146.19 310.00\
 C 148.26 310.36\
 150.63 311.15 1\
52.52 309.80 C 1\
58.30 306.24 162\
.30 300.61 166.4\
5 295.39 C 168.5\
8 293.16 168.17 \
289.86 168.62 28\
7.05 C 169.32 27\
4.49 170.02 261.\
73 167.56 249.32\
 C 159.26 250.30\
 149.90 249.00 1\
44.17 242.31 C 1\
40.51 247.96 135\
.64 252.64 130.9\
3 257.39 M 116.6\
9 254.10 C 121.2\
2 255.01 125.85 \
254.48 130.41 25\
4.21 C 131.90 25\
1.10 135.03 249.\
34 137.07 246.65\
 C 130.76 250.33\
 123.86 252.75 1\
16.69 254.10 M 1\
11.87 316.00 C 1\
22.82 320.63 134\
.22 324.75 146.2\
1 325.33 C 136.8\
4 317.56 124.10 \
311.57 111.87 31\
6.00 M 111.43 31\
8.54 C 111.24 32\
0.00 111.05 321.\
47 110.88 322.94\
 C 122.37 327.83\
 133.75 334.03 1\
46.43 334.98 C 1\
38.70 328.47 129\
.04 325.04 119.8\
8 321.11 C 117.1\
9 319.87 114.35 \
319.03 111.43 31\
8.54 Z\x22 />\x0d\x0a<pat\
h fill=\x22#b0bec9\x22\
 opacity=\x221.00\x22 \
d=\x22 M 251.75 145\
.65 C 255.39 144\
.68 259.03 143.5\
6 262.81 143.34 \
C 258.86 146.27 \
254.05 147.60 24\
9.27 148.41 C 24\
9.52 146.91 250.\
35 145.99 251.75\
 145.65 Z\x22 />\x0d\x0a<\
path fill=\x22#b0be\
c9\x22 opacity=\x221.0\
0\x22 d=\x22 M 213.81 \
178.02 C 231.78 \
180.41 244.06 16\
3.51 260.95 161.\
21 C 257.55 163.\
58 253.72 165.19\
 250.08 167.13 C\
 243.68 170.46 2\
38.81 176.17 232\
.15 179.06 C 227\
.12 181.47 221.4\
8 182.14 215.98 \
182.35 C 215.25 \
180.90 214.53 17\
9.46 213.81 178.\
02 Z\x22 />\x0d\x0a<path \
fill=\x22#b0bec9\x22 o\
pacity=\x221.00\x22 d=\
\x22 M 173.66 190.4\
5 C 183.55 192.8\
7 192.40 186.82 \
201.56 184.39 C \
199.85 186.42 19\
7.76 188.09 195.\
40 189.30 C 188.\
06 193.20 181.01\
 197.64 173.69 2\
01.58 C 173.72 1\
97.87 173.73 194\
.16 173.66 190.4\
5 Z\x22 />\x0d\x0a<path f\
ill=\x22#b0bec9\x22 op\
acity=\x221.00\x22 d=\x22\
 M 121.40 263.11\
 C 125.57 265.50\
 130.88 267.16 1\
33.35 271.56 C 1\
34.72 277.55 135\
.87 283.63 138.9\
9 289.02 C 137.8\
1 293.46 137.93 \
298.73 134.37 30\
2.09 C 134.87 29\
8.71 136.44 295.\
56 136.75 292.16\
 C 135.44 288.32\
 132.92 285.00 1\
31.92 281.05 C 1\
31.02 278.25 131\
.35 274.99 129.4\
4 272.58 C 126.9\
3 269.27 123.70 \
266.58 121.40 26\
3.11 Z\x22 />\x0d\x0a<pat\
h fill=\x22#b0bec9\x22\
 opacity=\x221.00\x22 \
d=\x22 M 63.95 409.\
18 C 69.63 408.8\
6 75.32 409.00 8\
1.00 409.02 C 82\
.85 408.79 84.87\
 410.19 84.91 41\
2.15 C 85.17 416\
.76 84.92 421.38\
 85.00 426.00 C \
83.25 425.99 81.\
49 425.99 79.73 \
426.00 C 79.74 4\
22.00 79.73 417.\
99 79.73 413.99 \
C 75.71 414.00 7\
1.69 414.00 67.6\
7 414.00 C 67.76\
 417.88 67.41 42\
1.79 67.85 425.6\
6 C 73.19 432.47\
 79.37 438.62 84\
.49 445.60 C 85.\
63 450.91 84.76 \
456.56 84.98 461\
.99 C 85.26 464.\
24 83.25 466.28 \
81.00 465.98 C 7\
5.32 466.00 69.6\
3 466.14 63.95 4\
65.82 C 63.32 46\
4.55 62.27 463.3\
7 62.25 461.90 C\
 62.09 457.27 62\
.26 452.63 62.20\
 448.00 C 64.02 \
448.00 65.84 447\
.99 67.67 447.99\
 C 67.66 452.33 \
67.67 456.66 67.\
66 461.00 C 71.6\
9 461.00 75.71 4\
60.99 79.73 461.\
01 C 79.62 456.5\
1 79.99 451.99 7\
9.57 447.52 C 74\
.44 440.70 68.37\
 434.61 63.22 42\
7.80 C 61.80 425\
.86 62.30 423.33\
 62.18 421.10 C \
62.44 417.09 61.\
23 412.59 63.95 \
409.18 Z\x22 />\x0d\x0a<p\
ath fill=\x22#b0bec\
9\x22 opacity=\x221.00\
\x22 d=\x22 M 93.34 40\
8.99 C 99.87 409\
.06 106.40 408.9\
0 112.93 409.04 \
C 115.46 408.91 \
116.57 411.81 11\
6.45 413.93 C 11\
6.48 421.97 116.\
48 430.02 116.45\
 438.07 C 116.57\
 440.18 115.46 4\
43.08 112.93 442\
.96 C 108.22 443\
.10 103.51 442.9\
5 98.80 443.00 C\
 98.80 450.66 98\
.80 458.33 98.80\
 466.00 C 96.98 \
465.99 95.15 466\
.00 93.33 466.01\
 C 93.34 447.00 \
93.33 428.00 93.\
34 408.99 M 98.8\
0 414.00 C 98.80\
 422.00 98.80 43\
0.00 98.80 438.0\
0 C 102.87 438.0\
0 106.95 438.00 \
111.03 438.00 C \
111.05 430.00 11\
1.05 422.00 111.\
03 414.00 C 106.\
95 414.00 102.87\
 414.00 98.80 41\
4.00 Z\x22 />\x0d\x0a<pat\
h fill=\x22#b0bec9\x22\
 opacity=\x221.00\x22 \
d=\x22 M 124.34 408\
.99 C 130.71 409\
.01 137.09 409.0\
0 143.46 409.00 \
C 143.46 410.66 \
143.46 412.33 14\
3.46 414.00 C 13\
8.91 414.00 134.\
35 414.00 129.80\
 414.00 C 129.80\
 421.00 129.80 4\
28.00 129.80 435\
.00 C 133.86 434\
.99 137.93 435.0\
0 142.00 435.00 \
C 142.00 436.66 \
142.00 438.33 14\
2.00 440.00 C 13\
7.93 439.99 133.\
86 440.00 129.80\
 440.00 C 129.80\
 447.00 129.80 4\
54.00 129.80 461\
.00 C 134.42 460\
.99 139.04 461.0\
1 143.66 460.98 \
C 143.66 462.66 \
143.66 464.33 14\
3.66 466.02 C 13\
7.22 465.99 130.\
78 466.00 124.34\
 466.01 C 124.33\
 447.00 124.33 4\
28.00 124.34 408\
.99 Z\x22 />\x0d\x0a<path\
 fill=\x22#b0bec9\x22 \
opacity=\x221.00\x22 d\
=\x22 M 150.35 414.\
06 C 150.26 411.\
89 151.45 408.90\
 154.03 409.05 C\
 159.34 408.94 1\
64.66 408.96 169\
.97 409.03 C 172\
.09 408.89 173.8\
1 411.06 173.75 \
413.07 C 173.91 \
417.38 173.75 42\
1.69 173.80 426.\
00 C 171.97 425.\
99 170.15 426.00\
 168.33 426.01 C\
 168.34 422.00 1\
68.33 418.00 168\
.33 414.00 C 164\
.15 414.00 159.9\
8 414.00 155.80 \
414.00 C 155.80 \
429.67 155.80 44\
5.33 155.80 461.\
00 C 159.98 461.\
00 164.15 461.00\
 168.33 461.00 C\
 168.33 456.66 1\
68.34 452.33 168\
.33 447.99 C 170\
.15 447.99 171.9\
8 448.00 173.80 \
448.00 C 173.74 \
452.64 173.91 45\
7.28 173.75 461.\
92 C 173.81 463.\
93 172.09 466.10\
 169.97 465.97 C\
 164.66 466.03 1\
59.34 466.06 154\
.03 465.95 C 151\
.45 466.09 150.2\
6 463.11 150.35 \
460.94 C 150.32 \
445.31 150.32 42\
9.68 150.35 414.\
06 Z\x22 />\x0d\x0a<path \
fill=\x22#b0bec9\x22 o\
pacity=\x221.00\x22 d=\
\x22 M 179.20 408.9\
9 C 186.96 409.0\
1 194.71 409.00 \
202.46 409.00 C \
202.46 410.66 20\
2.46 412.33 202.\
47 414.00 C 199.\
53 414.00 196.59\
 414.00 193.66 4\
14.00 C 193.67 4\
31.33 193.66 448\
.67 193.67 466.0\
1 C 191.84 466.0\
0 190.02 465.99 \
188.20 466.00 C \
188.20 448.66 18\
8.20 431.33 188.\
20 414.00 C 185.\
20 414.00 182.20\
 414.00 179.21 4\
14.01 C 179.20 4\
12.33 179.20 410\
.66 179.20 408.9\
9 Z\x22 />\x0d\x0a<path f\
ill=\x22#b0bec9\x22 op\
acity=\x221.00\x22 d=\x22\
 M 208.33 408.99\
 C 215.61 409.07\
 222.90 408.86 2\
30.17 409.12 C 2\
31.10 410.59 232\
.24 412.10 231.9\
7 413.95 C 231.8\
0 421.50 232.28 \
429.08 231.73 43\
6.61 C 230.12 43\
9.71 226.20 438.\
90 223.34 439.08\
 C 226.62 448.02\
 229.90 456.97 2\
33.09 465.95 C 2\
31.22 465.98 229\
.34 466.00 227.4\
7 466.03 C 223.9\
8 455.38 220.09 \
444.86 216.72 43\
4.17 C 219.98 43\
3.96 223.26 433.\
98 226.53 434.00\
 C 226.53 427.33\
 226.54 420.66 2\
26.53 413.99 C 2\
22.29 414.00 218\
.04 414.00 213.8\
0 414.00 C 213.8\
0 431.33 213.79 \
448.66 213.80 46\
6.00 C 211.98 46\
5.99 210.15 466.\
00 208.33 466.01\
 C 208.34 447.00\
 208.33 427.99 2\
08.33 408.99 Z\x22 \
/>\x0d\x0a<path fill=\x22\
#b0bec9\x22 opacity\
=\x221.00\x22 d=\x22 M 24\
0.33 408.99 C 24\
2.15 408.99 243.\
98 409.00 245.80\
 409.00 C 245.79\
 426.34 245.80 4\
43.67 245.80 461\
.00 C 250.21 461\
.00 254.62 461.0\
0 259.03 461.00 \
C 259.04 443.68 \
259.06 426.35 25\
9.02 409.02 C 26\
0.83 409.01 262.\
65 409.00 264.47\
 409.00 C 264.46\
 426.36 264.47 4\
43.72 264.47 461\
.08 C 264.71 463\
.26 263.46 466.0\
3 260.94 465.96 \
C 255.30 466.04 \
249.66 466.05 24\
4.03 465.95 C 24\
1.45 466.09 240.\
26 463.11 240.35\
 460.94 C 240.31\
 443.63 240.35 4\
26.31 240.33 408\
.99 Z\x22 />\x0d\x0a<path\
 fill=\x22#b0bec9\x22 \
opacity=\x221.00\x22 d\
=\x22 M 273.33 409.\
01 C 275.03 409.\
00 276.73 408.99\
 278.44 408.98 C\
 281.55 421.21 2\
84.61 433.45 287\
.81 445.66 C 290\
.92 433.44 293.9\
8 421.21 297.15 \
409.00 C 298.76 \
409.00 300.38 40\
9.00 302.00 409.\
00 C 302.00 428.\
00 302.00 447.00\
 302.00 466.00 C\
 300.34 465.99 2\
98.68 465.98 297\
.02 465.97 C 296\
.99 453.59 297.1\
8 441.20 296.92 \
428.83 C 293.79 \
439.52 291.23 45\
0.39 287.98 461.\
05 C 287.17 459.\
40 286.48 457.71\
 286.02 455.95 C\
 283.53 446.66 2\
81.05 437.36 278\
.50 428.08 C 278\
.42 440.72 278.4\
9 453.36 278.46 \
466.00 C 276.75 \
465.99 275.04 46\
6.00 273.33 466.\
00 C 273.34 447.\
00 273.33 428.01\
 273.33 409.01 Z\
\x22 />\x0d\x0a<path fill\
=\x22#b0bec9\x22 opaci\
ty=\x221.00\x22 d=\x22 M \
11.34 499.00 C 1\
2.73 498.99 14.1\
3 498.99 15.53 4\
98.99 C 20.40 51\
2.71 25.68 526.2\
9 30.37 540.07 C\
 30.29 526.38 30\
.36 512.69 30.33\
 499.00 C 32.04 \
498.99 33.75 498\
.99 35.46 499.00\
 C 35.47 518.00 \
35.45 536.99 35.\
48 555.99 C 34.1\
7 556.03 32.87 5\
56.02 31.57 555.\
97 C 26.57 542.1\
2 21.37 528.34 1\
6.47 514.46 C 16\
.46 528.30 16.47\
 542.15 16.46 55\
6.00 C 14.75 555\
.99 13.04 555.99\
 11.33 556.00 C \
11.34 537.00 11.\
33 518.00 11.34 \
499.00 Z\x22 />\x0d\x0a<p\
ath fill=\x22#b0bec\
9\x22 opacity=\x221.00\
\x22 d=\x22 M 46.42 49\
9.35 C 52.53 498\
.55 58.80 499.16\
 64.97 499.02 C \
67.60 498.73 69.\
25 501.62 68.95 \
503.96 C 68.97 5\
19.65 68.97 535.\
35 68.95 551.04 \
C 69.25 553.38 6\
7.60 556.26 64.9\
7 555.98 C 59.32\
 556.02 53.67 55\
6.06 48.03 555.9\
5 C 45.45 556.09\
 44.26 553.11 44\
.35 550.94 C 44.\
30 535.62 44.36 \
520.29 44.32 504\
.96 C 44.24 502.\
91 44.64 500.63 \
46.42 499.35 M 4\
9.80 504.00 C 49\
.80 519.66 49.80\
 535.33 49.80 55\
1.00 C 54.38 551\
.00 58.95 550.99\
 63.53 551.01 C \
63.54 535.34 63.\
54 519.66 63.53 \
503.99 C 58.95 5\
04.01 54.38 504.\
00 49.80 504.00 \
Z\x22 />\x0d\x0a<path fil\
l=\x22#b0bec9\x22 opac\
ity=\x221.00\x22 d=\x22 M\
 74.20 498.99 C \
81.96 499.01 89.\
71 499.00 97.46 \
499.00 C 97.46 5\
00.66 97.46 502.\
33 97.47 504.00 \
C 94.53 504.00 9\
1.60 504.00 88.6\
6 504.00 C 88.67\
 521.33 88.66 53\
8.67 88.67 556.0\
1 C 86.84 556.00\
 85.02 555.99 83\
.20 556.00 C 83.\
20 538.66 83.20 \
521.33 83.20 504\
.00 C 80.20 504.\
00 77.20 504.00 \
74.21 504.01 C 7\
4.20 502.33 74.2\
0 500.66 74.20 4\
98.99 Z\x22 />\x0d\x0a<pa\
th fill=\x22#b0bec9\
\x22 opacity=\x221.00\x22\
 d=\x22 M 126.45 49\
8.98 C 128.22 49\
8.99 129.99 498.\
99 131.77 499.01\
 C 135.24 517.99\
 138.50 537.01 1\
41.95 556.00 C 1\
40.14 556.00 138\
.34 556.00 136.5\
4 556.00 C 135.9\
1 552.00 135.21 \
548.01 134.57 54\
4.02 C 130.83 54\
3.99 127.09 543.\
98 123.35 544.03\
 C 122.74 548.02\
 122.00 552.00 1\
21.40 556.00 C 1\
19.64 556.00 117\
.88 556.00 116.1\
2 556.00 C 119.6\
4 537.01 122.99 \
517.99 126.45 49\
8.98 M 129.01 50\
8.84 C 127.37 51\
8.90 125.75 528.\
96 124.00 539.00\
 C 127.33 538.99\
 130.66 538.99 1\
34.00 539.01 C 1\
32.22 528.97 130\
.69 518.89 129.0\
1 508.84 Z\x22 />\x0d\x0a\
<path fill=\x22#b0b\
ec9\x22 opacity=\x221.\
00\x22 d=\x22 M 146.16\
 499.01 C 147.96\
 499.00 149.77 4\
98.99 151.57 498\
.99 C 153.88 514\
.30 156.36 529.5\
7 158.59 544.89 \
C 161.18 529.62 \
163.44 514.30 16\
5.77 498.99 C 16\
7.51 498.99 169.\
26 499.01 171.00\
 499.04 C 167.69\
 518.03 164.39 5\
37.01 161.14 556\
.01 C 159.45 555\
.99 157.77 555.9\
9 156.08 555.99 \
C 152.72 537.01 \
149.56 517.99 14\
6.16 499.01 Z\x22 /\
>\x0d\x0a<path fill=\x22#\
b0bec9\x22 opacity=\
\x221.00\x22 d=\x22 M 185\
.45 498.98 C 187\
.22 498.99 188.9\
9 498.99 190.77 \
499.01 C 194.24 \
517.99 197.50 53\
7.01 200.95 556.\
00 C 199.14 555.\
99 197.34 556.00\
 195.54 556.01 C\
 194.91 552.00 1\
94.21 548.01 193\
.57 544.02 C 189\
.83 543.99 186.0\
9 543.98 182.35 \
544.03 C 181.74 \
548.02 181.00 55\
2.00 180.40 556.\
00 C 178.63 556.\
00 176.88 556.00\
 175.12 556.00 C\
 178.64 537.01 1\
81.99 517.99 185\
.45 498.98 M 188\
.01 508.84 C 186\
.37 518.90 184.7\
5 528.96 183.00 \
539.01 C 186.33 \
538.99 189.66 53\
8.99 193.00 539.\
01 C 191.22 528.\
97 189.69 518.89\
 188.01 508.84 Z\
\x22 />\x0d\x0a<path fill\
=\x22#b0bec9\x22 opaci\
ty=\x221.00\x22 d=\x22 M \
207.73 499.00 C \
209.49 498.99 21\
1.24 498.99 213.\
00 499.00 C 213.\
00 518.00 213.00\
 537.00 213.00 5\
56.00 C 211.24 5\
55.99 209.49 555\
.99 207.73 556.0\
0 C 207.74 537.0\
0 207.74 518.00 \
207.73 499.00 Z\x22\
 />\x0d\x0a<path fill=\
\x22#b0bec9\x22 opacit\
y=\x221.00\x22 d=\x22 M 2\
22.33 498.99 C 2\
24.15 498.99 225\
.98 498.99 227.8\
0 499.00 C 227.7\
9 516.34 227.80 \
533.67 227.80 55\
1.00 C 232.20 55\
0.99 236.60 551.\
00 241.00 551.00\
 C 240.99 552.66\
 241.00 554.33 2\
41.00 556.00 C 2\
34.78 556.00 228\
.56 555.99 222.3\
4 556.01 C 222.3\
3 537.00 222.34 \
518.00 222.33 49\
8.99 Z\x22 />\x0d\x0a<pat\
h fill=\x22#b0bec9\x22\
 opacity=\x221.00\x22 \
d=\x22 M 255.45 498\
.98 C 257.22 498\
.99 258.99 498.9\
9 260.77 499.01 \
C 264.24 517.99 \
267.50 537.01 27\
0.95 556.00 C 26\
9.14 556.00 267.\
34 556.00 265.54\
 556.00 C 264.91\
 552.00 264.21 5\
48.01 263.57 544\
.02 C 259.83 543\
.99 256.09 543.9\
8 252.35 544.03 \
C 251.73 548.02 \
251.00 552.00 25\
0.40 556.00 C 24\
8.63 556.00 246.\
87 556.00 245.12\
 556.00 C 248.64\
 537.01 251.99 5\
17.99 255.45 498\
.98 M 258.01 508\
.84 C 256.37 518\
.90 254.75 528.9\
6 253.00 539.01 \
C 256.33 538.99 \
259.66 538.99 26\
3.00 539.01 C 26\
1.22 528.97 259.\
69 518.89 258.01\
 508.84 Z\x22 />\x0d\x0a<\
path fill=\x22#b0be\
c9\x22 opacity=\x221.0\
0\x22 d=\x22 M 277.34 \
498.99 C 283.88 \
499.06 290.44 49\
8.90 296.98 499.\
04 C 299.61 498.\
94 300.86 501.80\
 300.66 504.06 C\
 300.62 510.25 3\
00.81 516.46 300\
.57 522.65 C 299\
.70 525.21 296.6\
1 525.51 294.47 \
526.51 C 296.51 \
527.42 298.91 52\
7.85 300.53 529.\
50 C 301.16 536.\
63 300.64 543.86\
 300.79 551.03 C\
 301.05 553.30 2\
99.55 556.21 296\
.96 555.97 C 290\
.42 556.08 283.8\
8 555.95 277.34 \
556.01 C 277.33 \
537.00 277.33 51\
8.00 277.34 498.\
99 M 282.80 504.\
00 C 282.80 510.\
67 282.80 517.34\
 282.80 524.01 C\
 285.13 523.98 2\
87.48 524.12 289\
.81 523.90 C 291\
.77 523.08 293.4\
4 521.73 295.24 \
520.62 C 295.16 \
515.08 295.21 50\
9.54 295.20 504.\
00 C 291.07 504.\
00 286.93 504.00\
 282.80 504.00 M\
 282.80 528.99 C\
 282.80 536.33 2\
82.80 543.66 282\
.80 551.00 C 286\
.98 551.00 291.1\
5 550.99 295.33 \
551.00 C 295.34 \
544.75 295.31 53\
8.50 295.36 532.\
25 C 294.21 531.\
50 293.08 530.74\
 291.90 530.05 C\
 289.23 528.21 2\
85.81 529.24 282\
.80 528.99 Z\x22 />\
\x0d\x0a<path fill=\x22#b\
0bec9\x22 opacity=\x22\
1.00\x22 d=\x22 M 309.\
33 498.99 C 311.\
15 498.99 312.97\
 498.99 314.80 4\
99.00 C 314.79 5\
16.34 314.80 533\
.67 314.80 551.0\
0 C 319.20 550.9\
9 323.60 551.00 \
328.00 551.00 C \
327.99 552.66 32\
7.99 554.33 328.\
00 556.00 C 321.\
78 556.00 315.56\
 555.99 309.34 5\
56.01 C 309.33 5\
37.00 309.34 518\
.00 309.33 498.9\
9 Z\x22 />\x0d\x0a<path f\
ill=\x22#b0bec9\x22 op\
acity=\x221.00\x22 d=\x22\
 M 334.34 498.99\
 C 340.71 499.01\
 347.09 499.00 3\
53.46 499.00 C 3\
53.46 500.66 353\
.46 502.33 353.4\
6 504.00 C 348.9\
1 504.00 344.35 \
504.00 339.80 50\
4.00 C 339.80 51\
1.00 339.80 518.\
00 339.80 525.00\
 C 343.86 524.99\
 347.93 525.00 3\
52.00 525.00 C 3\
51.99 526.66 351\
.99 528.33 352.0\
0 530.00 C 347.9\
3 529.99 343.86 \
530.00 339.80 53\
0.00 C 339.80 53\
7.00 339.80 544.\
00 339.80 551.00\
 C 344.42 550.99\
 349.04 551.01 3\
53.66 550.98 C 3\
53.66 552.65 353\
.66 554.33 353.6\
6 556.02 C 347.2\
2 555.98 340.78 \
556.00 334.34 55\
6.01 C 334.33 53\
7.00 334.33 518.\
00 334.34 498.99\
 Z\x22 />\x0d\x0a</g>\x0d\x0a</\
svg>\x0d\x0a\
\x00\x00\x07\xfc\
<\
svg xmlns=\x22http:\
//www.w3.org/200\
0/svg\x22 width=\x2227\
6.328\x22 height=\x222\
77.267\x22 xmlns:v=\
\x22https://vecta.i\
o/nano\x22><path d=\
\x22M37.321 277.266\
c-7.249-.467-14.\
32-2.937-20.241-\
7.072-2.011-1.40\
4-3.587-2.728-5.\
393-4.532-4.488-\
4.481-7.778-9.81\
9-9.717-15.761-1\
.004-3.078-1.597\
-6.062-1.878-9.4\
55-.121-1.465-.1\
21-202.054 0-203\
.52.588-7.105 2.\
758-13.395 6.618\
-19.187C10.987 1\
1.32 17.25 6.137\
 24.305 3.176 28\
.898 1.249 33.34\
9.265 38.385.061\
c2.072-.084 197.\
531-.082 199.544\
.002 5.149.214 9\
.683 1.233 14.30\
4 3.215 8.516 3.\
652 15.673 10.40\
9 19.836 18.728 \
2.594 5.184 3.95\
1 10.485 4.195 1\
6.392.085 2.056.\
085 198.52 0 200\
.576-.072 1.731-\
.194 3.044-.423 \
4.544-2.125 13.9\
03-11.448 25.667\
-24.529 30.953a4\
2.96 42.96 0 0 1\
-6.279 1.939c-1.\
436.317-2.637.50\
7-4.96.782l-202.\
752.073zm119.17-\
58.109l18.281-30\
.512c-.034-.118-\
36.584-60.9-36.6\
22-60.902-.019-.\
001-8.28 13.71-1\
8.357 30.468l-18\
.322 30.47.409.6\
82 18.284 30.41 \
17.903 29.776c.0\
16.026.049.048.0\
75.048s8.282-13.\
698 18.348-30.44\
zm-57.79-56.886l\
6.577-11.008c0-.\
036-1.674-2.882-\
3.72-6.324l-3.72\
-6.258 20.142-33\
.884 20.215-33.8\
06c.108.114 40.1\
64 67.515 40.198\
 67.639.017.061-\
1.532 2.73-3.694\
 6.368l-3.665 6.\
359 13.163 21.86\
7c.053.056 2.715\
-4.374 10.357-17\
.234l10.286-17.3\
09-33.326-56.062\
-33.367-56.062c-\
.023 0-14.94 25.\
063-33.149 55.69\
6L71.67 138.316l\
-.218.366 10.292\
 17.313 10.336 1\
7.266c.024-.026 \
3.004-4.971 6.62\
1-10.989z\x22/><pat\
h d=\x22M81.991 155\
.817c-5.546-9.29\
2-9.97-17.19-9.8\
32-17.551s10.416\
-17.742 22.838-3\
8.624l32.832-55.\
198c5.635-9.477 \
10.392-17.062 10\
.571-16.856.407.\
47 62.641 105.17\
3 64.594 108.673\
l1.432 2.567-9.9\
18 16.703c-5.455\
 9.187-10.087 16\
.651-10.293 16.5\
87-.455-.141-12.\
65-20.17-12.65-2\
0.777 0-.236 1.6\
18-3.187 3.595-6\
.557l3.595-6.129\
-19.228-32.361-2\
0.268-34.07-1.03\
9-1.709-1.549 2.\
475c-.852 1.361-\
10.01 16.69-20.3\
5 34.064L97.52 1\
38.642l3.567 6.0\
48c1.962 3.327 3\
.567 6.276 3.567\
 6.554s-2.831 5.\
222-6.29 10.986l\
-6.29 10.48zm38.\
078 63.227l-17.9\
68-30.37c0-.396 \
35.265-59.406 35\
.99-60.223.176-.\
198 35.744 59.14\
4 35.937 59.958.\
131.552-35.404 6\
0.465-35.862 60.\
465-.071 0-8.215\
-13.424-18.097-2\
9.831z\x22 fill=\x22#f\
ff\x22/></svg>\
\x00\x00Fi\
\x00\
\x06C\xe6x\xda\xed]\x07|S\xd5\xf7\x7f\x8c\x0e\xb0\
\xeca\xd9P\x01\x81?R\x86\x88\x02\x0a\x94-\xf0\x03\
\x17\xfc\x10E@AA\x14AEPd\x88\xa0\xc8\x94\
)\xbbP\xd92,E6T\xf6.P(\xdd{'\
M\xd2\xec\x9d\xff\xb94\xe5\x17B\x93\xbc$\xef%\xef\
\xa5\xe7|\xfc~lH\xfb\xde\xbd\xe7\xdc\xef\xbd\xe7\xde\
{\xee\xb9\x14U\x81\x0a\xa4\x88T\xa0\x9aSm\x9aW\
\xa6\x16\xc3\xcf\xf3\xe7\x9b?\x07V\xa0\x0e\xc1\xbf\x8d\x1b\
W\xf2y\xefZ\x8a\x8ak\xe3G\xf5\xeem\xfe>\x8c\
\xa2\xe6\x9e\xf5\xa3:v4\x7f\xdf\x8a\xa2v\x9b\xfc\xa8\
\xe6\xcd\xcd\x9fkR\xd4\x7fZ\xf9S\xc1\xc1%\x9f\x7f\
\xadBQ\xca\xae\xfeT\xcd\x9a%\x9f?\xab\x0c\x7f\xdf\
\xcb\x9fjSR\x00\x8a\xaaX\xf2\xef%R\x99BA\
AAAAAAAAAAAAAAAA\
AAAAAAAAAAAAAAAA\
AA\xf1\xa0<\x07\xe8\x0a\xe8\x8d@\xf0\x0cu\x90\xbe\
NI\x08`\x14\xe07\xc01@\x1a\xc0\x84@\xf0\x18\
9\x80\x13\x80\xa5\x80\xbeH\xf1\xa7\xc4\x1f\xf0)`/\
 \x05\xdb\x0a\xa2\x1c \x0f\xb0\x19\xf0\x9fr\xcc\xfb\xda\
\x80\xaf\x01\x0f\xb0= \xca1\x92\x01K\x00\x9d\xcb\x09\
\xefk\x02\xe6\x032\xd0\xf6\x08\xc4S8d\x9e\xfb\xfa\
\xaa\x10?\xff\x11\xda\x19\x81\xb0\x8b3\x80W|\x88\xf7\
d\x9es\x0e\xed\x8a@\xd0\x86\x14\xf0\xb9\x0fp\x7f,\
\xda\x12\x81p\x19;\x00\xd5x\xec\xef\xa3\x0d\x11\x08\xf7\
p\x1e\xd0\x9ag\xdc\x9f\x8fvC \x18Eo\x9ep\
\xff\x10\xda\x0a\x81`\x05\xdfs\x9c\xfb\x7f\xa2\x8d\x10\x08\
V1\x89\xa3\xdc\xff\x0em\x83@x\x04\x5c\x8b\x1d\x1c\
\x826A <\x1a7\xd8\x9c#\xdco\x0a\x10\xa1M\
\x10\x08\x8fb;G\xf8\x7f\x01m\x81@x\x05\xe3\xbc\
\xcc\xfd\xf5h\x03\x04\xc2kH\xf3\xe2<`\x10\xea\x1f\
\x81\xf0:6y\x89\xff{Q\xf7\x08\x04'\xd0\xd3\xc3\
\xdc\x7f\x0du\x8e@p\x06{=\xcc\xff\x8d\xa8s\x04\
\x82Sx\xd3C\xdco\x07\xd0\xa0\xbe\x11\x08Na\xb7\
\x87\xf8\xbf\x14u\x8d@p2g@\x03\x96\xb9\xdf\x18\
 @]#\x10\xe5\xf2l\xc0x\xd4\xb1\xef\xa0F\x8d\
\x1a\xc7Q\x0f>\x85H\x96\xf9\xbf\x01u\xec;HH\
H\x88\xe8\xd2\xa5\xcb\x01\xd4\x85O\x81\xcd9@\x02\xea\
\xd770z\xf4\xe8\x08\x13\x88X,>h\x9e;\xa2\
^|\x03CY\xe2~S\xd4\xad\xcf I\xaf\xd7\x9f\
6\x99e\xfe\xfc\xf9\xdbQ'>\x83y,\xf1\x7f$\
\xea\xd67\xb0g\xcf\x9e\xad\xa6\xa7\xe5.\xfc\xfb\x15\xd4\
\x8dO\xe0<K\xfc_\x88\xba\xe5?\x9a6mz\x0c\
\xf8\x9ek\xc5\x7f\xd3\x95+Wv\xa2~|\x06l\xc8\
\x11\xd4+\xff\x91\x91\x91\xb1\xcfT\xb6\xe8\xc2\xc2\xc2p\
-\xd07P\x93\x05\xfe\xe3\xfd\x9c<\xc7\xe4\xc9\x93#\
LvD*\x95\x92;\x971\x97\x0b\xff\xd1\x9c\x05\xfe\
\xa3^\xf9\x8d\x07z\xbd\xfe\x92\xc9\x81\xacX\xb1\x02\xe7\
\x01\xfcGG\xe4?\xc2\x12QQQ\xe1&z\xf2\xa8\
j\xd5\xaa\x97Pg\xbcFo\xe4?\xa2\x14\xed\xdb\xb7\
?\x0a\xbc\x16\xd2\xe4\xbf\xe9\xce\x9d;\x98\xdb\x01\xf9\x8f\
\xfc\xf7\x0d\xe8rss\x8f\x98\x9c\x94\x11#F\xfc\x85\
\xbaC\xfe#\xff\xf9\x8dY\xb3fE\x98\x5c\x10\x99L\
F\xee\xa1.D\x1d\x22\xff\x91\xff\xbc\xc5\x1d\xa3\xd1x\
\xdd\xe4\xa2l\xda\xb4i7\xea\x10\xf9\x8f\xfc\xe7'\xce\
\x9e=\xbb\xdb\xe4\x9e\xa4\x04\x07\x07_D]\x22\xffQ\
\xa7\xfcB\x8f\x1e=\xfe&[\xfan\xf2\xdf\x14\x1b\x1b\
\x8b\xf7\xb9\x22\xff\x91\xff\xfc\x82\xa2\xb0\xb00\xca\xc4\x90\
\x8c\x1d;\x16\xfb\x00\xe4?\xea\x95'X\xb4h\xd1\x1e\
\x13\x83\x22\x97\xcb\xff\x85\xe7\xe6\xa2n\x91\xff\x08n\xc3\
\xdf\xdf\xff\xba\xd1h\x8c11,;w\xee\xdc\x8f\xfa\
E\xfe#\xb8\x8d\x8b\x17/\xee3\xb1#Y\xadZ\xb5\
\xc2\xbb\x1e\x91\xff\x08\x8eb\xf0\xe0\xc1\x91\xc0S5K\
\xfc7=z\xf4(\x12\xf5\x8c\xfcGp\x12b\xa1P\
x\xc2\xc4\xb2L\x9e<\x19\xfb\x00\xe4?\x82cX\xb6\
l\xd9>\x93\x07D\xa9T\x92<A\x99\xa8s\xe4?\
\x82\x1b\xa8S\xa7\xce5\xa0\xe6\x03\x93\x87d\xcf\x9e=\
\xb8\x1f\x88\xfcGp\x04\xd7\xae]\xfb\xcb\xe4Y)\xe8\
\xd8\xb1#\x9e\x11F\xfe#\xbc\x8cw\xdey\x87\x9c\xed\
5z\x98\xff\xe4\xee\x00\xbc;\x04\xf9\x8f\xf0.\x0a\xc5\
b\xf1\x19\x93\x97\xe4\xcb/\xbf\x8cB\x1b \xff\x11\xde\
\xc1\xaaU\xab\xf6\x9a\xbc(\xb8\x16\x88\xfcGx\x07\xb5\
k\xd7&\xb9\xfcbM^\x96\xf0\xf0\xf0}h\x0f\xe4\
?\xc2\xb3\xb8r\xe5\xcan\x137$\xb9q\xe3\xc6\xd1\
h\x13\xe4?\xc23\x184h\xd0\x01\xe0\x9d\x81#\xfc\
'\xf9\x02\xf7\xa0]\x90\xff\x08\x8f G$\x12\x1d1\
qL\x86\x0e\x1d\x8a9C\x91\xff\x08\xf6\xcf\xf6n5\
qP\x14\x0a\xc5~\x5c\x0bD\xfe#X\x05\xb9\xb3\xf7\
\xba\x89\xa3\xf2\xd3O?mD\x1b!\xff\x11\xec :\
:z\x93\x89\xdbBr\x05\x9eB[!\xff\x11\xcc\xa2\
[\xb7n;\xc8\x1d\x9d\x1c\xe7?\xc99\xba\x12\xed\x85\
\xfcG0\x8a4\x91H\xb4\xc3\xc4\x0f)\x0a\x09\x09\xd9\
\x826C\xfe#\x98\xc1\xec\xd9\xb3\x7f7\xf1H4\x1a\
\xcdo\xb8\x16\x88\xfcG0\x82\x7f\x80RWL<\x93\
\x8f>\xfah1\xda\x0e\xf9\x8fp\x0f\xa7N\x9dZn\
\xe2\xa7\x1c\xc4\xb5@\xe4?\xc2u\xb4l\xd9r\x1d\x9b\
\xf9\xfc\xd8\x96\xa3G\x8fNC;\x22\xff\x11.!A\
\x22\x91l6\xf1[\x1eA=\xd6\xa0-\x91\xff\x08\xe7\
0y\xf2\xe4E&\xdf\x90\xa9\xb8\x16\x88\xfcG8\x05\
\x12\xdf\x7f\xc9G\xf8o\xea\xd2\xa5\xcbghS\xe4?\
\x82\x16\x0c'N\x9cX`\xf2-Y\x8fk\x81\xc8\x7f\
\x84c\xd4\xa8Qc)I\xad\xe3c\xfc7\xed\xde\xbd\
{\x18\xda\x17\xf9\x8f\xb0\x8b\x072\x99l\xbd\xc97%\
\x1a\xea\xf73\xda\x18\xf9\x8f(\x1b\xa3G\x8f\x9ee\xf2\
m\x19\x89k\x81\xc8\x7fD\x99\xd8\x0f\xfc\xf8\xd7\xc7\xf9\
/\x80z\x0eA[#\xff\x11OAu\xfa\xf4\xe99\
\xa6\xf2!\xf3\xa1\xbex\x7f\x10\xf2\x1f\xf1?\x90\xf5~\
Y9\xe1\xbfi\xed\xda\xb5\xad\xd1\xe6\xc8\x7f\xc4c\xdc\
Q\xab\xd5\xbf\x9b\xca\x97\x90\x5ca\xdf\xa2\xed\x91\xff\x08\
\x8a\xe4\xf1N(g\xfc7\xfd\xfd\xf7\xdf\x1f\xa0\xed\x91\
\xff\x08\xca\xb4z\xf5\xea\xaf\xca\x19\xfdI\xbe\xf0h\xb4\
=\xf2\x1f\xf1\x18\x89\x84\x13\xe5\x85\xfc\xad[\xb7\x9e\x88\
6G\xfe#\xfe\x87&M\x9a\x94\x97\xf5\xff\x99P_\
9\xda\x1c\xf9\x8fx\x1ab\xb1\xf8G\x1f\xe7~\x0a\xd4\
\x13\xf3\x83\x22\xff\x11e\x83\xdc\xe7\x9b\xe4\xab\xe4?r\
\xe4\xc8'hc\xe4?\xc26\xd6\xacY\xf3\x8d\x8f\xd2\
\xff/\xa8\xdf%\xb41\xf2\x1fa\xff\x0c\x10pe\x9f\
\xaf\x91?44t*\xda\x16\xf9\x8fp\x8c\x90\x90\x90\
\xf9>F\xff\x1f\xa0^2\xb4-\xf2\x1fA\xef<@\
QQ\x91\xaf\xf4\x01i\x14\xe6\x00D\xfe#\x9c\xc5\x1e\
_X\x0b<r\xe4\xc8\xe7hK\xe4?\xc2y\xac]\
\xbb\xf6;\xbe\x87\xf9B=\xae\xa1-\x91\xff\x08\x97p\
\x83\xac\x9b\xf3\x95\xfc\xaf\xbe\xfa\xeat\xb4!\xf2\xbf<\
c\xe9\xd2\xa5G\xdc\xf9\xfbV\xadZ-\xe4\xf19\x7f\
\xa9\x1bu/0\x03\xdb\x11\xf2\x9f\x97\xa8Y\xb3&\xd9\
\xcbK\x0b\x0c\x0c|\xe8\xc6sDB\xa1\xf0g\x1e\xae\
\xf9mpGwS\xa6LY\xf6\xe9\xa7\x9f\xfe\x86\xed\
\x08\xf9\xcfW\xdc\xb8q\xe3oB\x86K\x97.\xb9\x9b\
\xeff+\x9f\xce\x08\x1f9r\xc4]\xbf\xff\x1c<\xe6\
\x14\xe08\xfc|\x06\xdb\x12\xf2\x9fo\x181b\xc4I\
KN\xf4\xea\xd5\xeb\xa4\x9bk\x81|9\x1ft\x0c\xca\
{\xd5\x9d\xba^\xb8paM\xe9\xc3\xce\x9e=\xbb\x0c\
\xdb\x13\xf2\x9fgP\x17\x17\x17?u\x7f\x8f@ 8\
\xed\xe63In\xd0C\x5c'\xff\x1bo\xbc\xf1\x9d;\
\xf5\xec\xde\xbd\xfbNxL\x91\xc5#\xf3\xda\xb6m\xbb\
\x09\xdb\x14\xf2\x9f/X\xbf~\xfd\xe12\x17\xc4\xe6\xcf\
\xdf\xef\xces_z\xe9%\xae\xfb\x00$\xbf\x7f\xb1\x1b\
u\xcc\xd3h4{\xad\x1f*\x95J\xc3)\xcc\x1b\x8e\
\xfc\xe7\x01\x1a4h\x10\x03M6\xb3,r\xe8\xf5\xfa\
[$\xbe\xdf\x8d\xe7\xe7\x14\x16\x16\xfe\xc2\xe15\xbf\xcd\
\xee\xe8n\xf5\xea\xd5[m=\xfc\xa7\x9f~\xc2s\xc3\
\xc8\x7f\xce\xe3\xee\xdd\xbbQ\xf6Hr\xf4\xe8\xd1\xbdn\
\xbec-<\xe6\x11\xd7\xc8\x1f\x19\x19\xe9\x96\xdf_\xaf\
^\xbd\xf3\xf0\x98\x07v^q\x05~\xef\x18\xb61\xe4\
?W1f\xcc\x98\xe34\xa8\x92\x1f\x1a\x1a\xea\xd6Z\
\xe0\xe6\xcd\x9b\xbf\xe7\xe0\x9a\xdf\x15w\xea\x94\x94\x94\x14\
\xe1\xe8%7o\xde\xfc\x03\xdb\x19\xf2\x9f\xa3(\x06\xb9\
L\x87,\xd0\xd6\xffr\xf3]'\xe01\x07\xb8B\xfe\
\xfe\xfd\xfb\xcfu\xa7>\x1f\x7f\xfc\xf1A\x9a\xaf*\x86\
wm\xc1\xb6\x86\xfc\xe7\x1a\xb6l\xd9r\xc4\x19\xce|\
\xf4\xd1G\xbb\xddy\xdf\xcb/\xbf\xfc-\x17\xb8\xaf\xd3\
\xe9\x96By$n\xd4%\x1b\x1es\x82\xee\xfb\x14\x0a\
\x05\xe9;\x93\xb0\xcd!\xff\xb9\x82\x90\x90\x90\x1b\xb6\xd6\
\xfc\xec\xf0&\x12\xfe6\xce\x8d\xf7&\x09\x04\x82\xdf8\
\xb0\xe6\xe7\xd6\xde\xdc\xce\x9d;79\xfb\xd2\xf5\xeb\xd7\
o\xc4v\x87\xfc\xe7\xcb\x9a\x9f\x9dv\xbc\xde\xcdw/\
\x85\xc7<\xf4\x16\xf9\xa3\xa2\xa2~t3>\xfa\xb4\x8b\
q\x8d\xf7\xe0o\xa3\xb0\xed!\xff\xbd\x8dq\xe3\xc6\x9d\
p\x83B\x0f*T\xa8p\xd0\x9d\xf7\xef\xde\xbd{\xa6\
\x17\xd7\xfc.\xbbS\xf6\xf4\xf4\xf4\x15\xae\xbe<66\
v\x07\xb6?\xe4\xbf\x97!\xa0\xbb\xe6gK\x92\x93\x93\
\x17\xc2s\xb4n\x94\xe1oo\xe4\x0b\x1c2d\xc8\xcf\
\xee\xe8.,,l\xbd\x9bE\xd0\x8f\x1e=:\x02\xdb\
 \xf2\xdf\x8bk~\x87\x99\xe0R\xe7\xce\x9d\xdd:\xe7\
\xd6\xa3G\x0f\x923\xd8\xe8)\xee\xab\xd5\xea\x15\xf0^\
\xb1\x1be\xce\x80\xc7\xecv\xb7\x1c\x0a\x85\x82\x9c\x0fJ\
\xc4\xb6\x88\xfc\xf74\x9a5kv\x8b\xac\x7f1D\xa9\
\xad\xf0\xcc{n\x94'Q \x10,\xf1\xe0\x9a\x9f[\
\xebo\xcb\x96-\x9b\xc5Ta6l\xd8\x10\x8e\xed\x11\
\xf9\xef\x85\xb3\xbd\x91L\x92j\xc5\x8a\x15\x1f\xb9Y\xa6\
\xe5\xf0\x98\xfb\x1eX\xf3\xfb\xd9\xcdr\x1e`\xf8,s\
l\x9d:u\xceb\x9bD\xfe{\x0ao\xbf\xfd\xf6\x09\
\x16\xa8u\x1b\x9e\xfd\xbb;\xe5\xda\xb5k\x17\xdbq\x81\
d\xcd\xcf\xad;<D\x22\xd1\x0fL\x17\xea\xfa\xf5\xeb\
\x7fb\xbbD\xfe{\x08R\xa1Px\x86\x0dru\xe8\
\xd0a\xb3\x9be;fb\xf1\x1e\xe1w\xdey\xe7\x17\
w\xf5\xa7R\xa9X\xc9e4h\xd0\xa0\x03\xd86\x91\
\xffl\xe3\xb7\xdf~c%\x1fgjj*#\xf3\xd8\
\xd7_\x7f}6Y\x1bg\xba|r\xb9|\x15<_\
\xc4@\x197\x938^\xa6\xcb'\x93\xc9\x08\xff\x0b\xb1\
\x8d\x22\xff\xd9B\xf5\xea\xd5c\x8cF\xe3=\x16\xe8\x9f\
E1\x97\xe7*3//\x8f\xe9\xb5@\xb2\xe6\xc7\xd8\
\xd9\x9b\xf8\xf8\xf8\x0dl\xf4\xa1\xf3\xe7\xcf\xc7\xfd@\xe4\
?k8s\xe6\x0c+gnv\xee\xdc\xb9\x8b\xe1\xb2\
\xae\x82\xc7\xdee\xaa|G\x8f\x1e]\xc2p\xf9\xf61\
\xb8wb)\xf1\xf0\xec\x1b\xd8V\x91\xffL\xa3W\xaf\
^\xe4l\xaf\x94\x85\xf33'\xdc<\x07P&\x22\x22\
\x22\xe61\xb8\xe6w\x91\xe9\xf2\x9d={v\x13\x1b}\
itt4\xe6\x0aC\xfe3\x9e\xcf/;;\xfb(\
\x1b\xedu\xfc\xf8\xf1\xdbX*3Y\xa3\xdc\xe5n\xf9\
\xc6\x8c\x19\xb3\x84\xa5\xf2\x91\xfd\xd3\xdbl\xe8\xb4c\xc7\
\x8eQ\xc8\x7f\xe4?S\x981c\xc6^6\xdair\
r\xf2vx\xbe\x9eE\x9fe.\xbcF\xe3\xc6\x9a\x1a\
\xd9\x8f,b\xab|k\xd7\xae\xfd\x9d\xa5\xf8Dr\xe7\
\x8a\x0e\xf9\x8f\xfcg\x00\x0f\xa0=\xb1\x91w7\xbfi\
\xd3\xa6\xfbY.{AFF\x86\xabg\x84\xc9\x9a\xdf\
\x06\xb6u\xab\xd7\xeb\xb7\xb1\xd1\x07|\xf3\xcd7[\x90\
\xff\xc8\x7fw1u\xea\xd4\x9f\xd8h\x9f{\xf7\xee]\
\xe7\xa1:\x90\xb5\xf6;\x1cX\xf3+\x13o\xbc\xf1\x06\
[\xf9L3\xca\xf1\xd9\x00\xe4?3 \xe7{\xb6\xb3\
\xd06\xef\xb9y~\xc6)l\xdd\xbau\xbe\x0bk~\
\x17<U>\xf0Q\x16\xb3\xd1\x01\xdc\xb8qc\x1b\xf2\
\x1f\xf9\xef*>\xfd\xf4\xd3w\xd9h\x97\x9f|\xf2\xc9\
Q\x0f\xd7\x85\xdcE\x12A\xb7|\xe3\xc7\x8f_\xea\xe1\
\xf2\x91\xdci\xd9l\xe8\xbae\xcb\x96\x87\x91\xff\xc8\x7f\
W\x00>\xf0|6\xda\xe4\x86\x0d\x1b~\xf2t]\xfa\
\xf4\xe9\xb3\x08^\xadrT6\xb1X\xbc\x06~_\xe8\
\xc9\xb2\xf5\xee\xdd\xfb\x02Ks\x00r\xd7B1\xf2\x1f\
\xf9\xef\xc6\xb8\xc4F\xdb\xcc#\xfb_\x1e\xaeKqj\
j\xaa\xa3\xb5@rW\xb1\xc7sl\xab\xd5\xea;l\
\x90\x7f\xc1\x82\x05Q\xe8\xff#\xff\xdd\xc1\x7f\xff\xfb_\
V\xee\xdc*((X\xe1\x85\xfa\x90\xb5\x8c[\xde^\
\xf3\xb3\xc4\xd2\xa5K\x8f\xb0\xa1_\x91Ht\xb4\xbc\xb6\
Y\xe4?\xa3\x88\x93\xc9d\x9b\xd9h\xa3/\xbf\xfc\xb2\
\xc7\xfb\x002\xf7\xb0\xb3\xe6\xf7\xaf\x87\xcb\x93\x0f\xef\x95\
\xb0\xa0Z\x15\xcc)\xae!\xff\x91\xff\x0c\x81\xecQ)\
Xh\xa7$\x7fU\x8e\x87\xebB\xc6\xff\x1d\xd6\x05\x99\
0a\xc2o\x9e\xd6\xeb\xed\xdb\xb7\xfff\xa3_\xbdp\
\xe1By?\x0b\x8c\xfcg\x16\xfa\xf3\xe7\xcf\xb3\xb2O\
\xbde\xcb\x96\xc5\x9e\xae\xcf\xeb\xaf\xbf\xbe\xd4\xb2?\x03\
_y-\xfc\xbb\xc0\x93e\xe8\xdc\xb9\xf3\xbf,\xad\xf9\
\xdd\xab^\xbdz\x01\xf2\x1f\xf9\xcf0\x0e\xba\x12GC\
C2\xbd\xb0\x16\xa8\x89\x8f\x8f_Z\xba\xe6W\xabV\
-\x8f\xdf\xa7\xa1P(.\xb1A\xfeE\x8b\x16\x1d\xc1\
\xb6\x8a\xfcg\x03_|\xf1\xc5\x026\xdalvv\xf6\
\x06/\xd4\x87\xe4\x09\xba\x11\x15\x15\xf5\xab\xa7\xdf=g\
\xce\x9c\x83l\xe8Q*\x95\xe2\xfd\xc0\xc8\x7f6\x11\xab\
R\xa9\xfed\xa3\xed\xf6\xec\xd9\xf3wO\xd7g\xe5\xca\
\x95d\xeeq\xde\xc3\xef\x15@uSXP\xa1a\xd0\
\xa0A\x17\xb1\x8d\x22\xff\xd9\x04\xf8\xca\xbf\xb2\xb4\x16\xf8\
\x8f\x17\xd6\x02\x1fxZ\x7fdm\x8e\x8d\xfe\xf3\xfa\xf5\
\xeb\x98\xff\x0f\xf9\xef\x91\xb9\xf3\xcd\x9b7W\xb0\xd1\x86\
\xb7m\xdb\xb6\xcc\x97u\x17\x12\x12B\xd6\xfc\x0c,\xa8\
.\xae^\xbdzi\xd86\x91\xff\x1e\xc2~\x96\xd6\x02\
\x93\xbc\xb0\x16\xe81\x88D\xa2\x7f\xd8\xe87W\xacX\
q\x08\xdb$\xf2\xdf\x93\x98?\x7f\xfe\x226\xdarJ\
J\xcav\x1f=G\xbd\x9f\x0d}\xa9T\xaa\xe3\xd8\x1e\
\x91\xff^\xc0]\x8dF\xc3\xca\x5c6,,l\x8d\x8f\
\xe9JL\xf6\x1a\xd8\xd0\xd5\x88\x11#\xa2\xb1-\x22\xff\
\xbd\x81V\xadZ-ec-P\xa7\xd3Eza-\
\x905\x9c8qb\x17\x1b\xdc\xbfw\xef\xde~l\x87\
\xc8\x7f/B\xf9\xf0\xe1\xc3\xf5l\xb4\xed\xcd\x9b7\xaf\
\xf7\x05\x1d\xd5\xae]\x9b\xac\xf9\x15\xb0\xb1V\xd2\xb0a\
\xc38l\x83\xc8\x7f/c\x0fKk\x81\xb1\xbe\xb0\x16\
\x98\x9d\x9d\xcdJ\xee\xd4\xf5\xeb\xd7\x1f\xc4\xb6\x87\xfc\xe7\
\x02V\xadZ\xf5\x1b\x1bm<66\x96\xd7\xf9\xab>\
\xfc\xf0CV\xee\x22\xd4h4'\xe1\xf9rl{\xc8\
\x7f\x8e\xe06\xcc\xd9\xd9X\xdfV\x0f\x180\x80\xafy\
l\xa5F\xa3\xf18\x1b\xfc\x1f=z\xf4)ls\xc8\
\x7f.\xa1{\xf7\xee\xcb\xd9X\x0bT(\x14\x87\xf9\xb8\
\x16\xf8\xe7\x9f\x7f\xb2r\xbf\xcf\xa3G\x8f0\xce\x0f\xf9\
\xcfE\xc8\xe2\xe3\xe3YY\x0b\x84\xf9\x05\xaf\xee\xb4\xaa\
\x5c\xb92Y\xf3\x8bc#\xa7wHH\xc8-lk\
\xc8\x7f\x8e\x22\x82\xa5\xb5@\xd2\xe6\xff\xe1\x8b\x1e\xa0\x1f\
d%_Rxx8\x8e\xfd\xc8\x7fNc\xeb\xd6\xad\
+\xd9h\xfb\xd7\xae]\xe3\xc5Z\xe0\x90!C\xc8\xf9\
H%\xd3\xf5\xd7\xeb\xf5\xe4~\xf4\x02lc\xc8\x7f\x8e\
\xe3\x06\xb4\xd5},t\x01\x92~\xfd\xfa\xed\xe2x\xdd\
\x15Z\xadv7\x1b\xfd\xdf\x84\x09\x13\xa2\xb0m!\xff\
\xf9\x80\xa1C\x87\xaebc-P,\x16\x1f\xe0\xf2Z\
\xe0\xb2e\xcbV\xb3t&\xe2/lW\xc8\x7f\x1eA\
\x92\x90\x90\xb0\x8e\x0d.,\x5c\xb8\x90\xab\xfb\x81$\x9f\
\xd7E\x16\xaa\x9c\xdf\xae]\xbbK\xd8\xa6\x90\xff<C\
8Kk\x81\x97\xe1\xd9\x9c;\xf3r\xed\xda5V\xd6\
=\xf6\xec\xd9\x831\xfe\xc8\x7f^b\xfb\xf6\xed\xcb\xd9\
\xe0\xc4\xd9\xb3g9uF844\x94\xdc\xe1\x9d\xc9\
BUI?\x97\x8am\x09\xf9\xcfS\x5c1\x18\x0cl\
\xc4\xbf\x0b{\xf6\xec\xc9\x95\xf8w\x8dB\xa1\xf8\x83\x8d\
~n\xea\xd4\xa9\x98\xd7\x03\xf9\xcfk\x8c\x1c9\xf2w\
6\xd6\x02\x0b\x0a\x0a\x087\x84\xde\xae\xdf\xacY\xb3X\
\xc9\x85\x96\x95\x95\x85\xe7{\x90\xff\xbe\x00arr\xf2\
\x1a682\x7f\xfe\xfc\x9d^\xae\xdbU(\x06\x1b1\
\xfe\xa2\xce\x9d;\x9f\xc6\xb6\x83\xfc\xf7\x05T\xaf^\x9d\
\xad\xb5\xc0\xab\x95+W\xbe\xe2\xadz\x9d9s\x86\x95\
\xf5\x8d#G\x8e\xec\xc5v\x83\xfc\xf7%\xec\xd8\xb1c\
)\x1b\x5c9w\xee\xdc\x9f\xde\xa8O\xeb\xd6\xad\xb7\xb3\
\x94\xc7\x9f\xf4g\xb1\xd8f\x90\xff>\x06\xb27\xce\xc6\
Z\xa0\xa4w\xef\xde\x9e\xbe\xf3J/\x12\x896\xb0\xd1\
\x9f}\xf7\xddw\xfb\xb0\xad \xff}\x11\xef\xbf\xff>\
\x89\x0bT\xb3\xb0\x16\xf87<\xbf\xc8S\xf5\x98:u\
\xea*6\xb8\x9f\x9f\x9fO\xd64\x95\xd8V\x90\xff>\
\x8a\x82\xf4\xf4t\xb6\xe2\x02=5\x0f\xb8\x09\xaf\x8bd\
\xa1\x0a\x8a\xee\xdd\xbb\x1f\xc56\x82\xfc\xf7e\x04\x07\x07\
\x93\xb5\xc0X\x16\xf8s\xb3J\x95*\xd7\xd9.\xff\xd1\
\xa3GYY\xf3;}\xfa\xf4.l\x1f\xc8\xff\xf2\x80\
\x03\x07\x0e\xb0\xb2g\x1e\x1d\x1d\xbd\x9b\xcdr7m\xda\
t'\xbc&\x9e\x8d\xfc\x06~~~\xd7\xb0m \xff\
\xcb\x09\xa2\xa1\xcd\x1ff\x81G\xb2\xbe}\xfb\xb2\x963\
\xb8\xa0\xa0\x80\xad\xb9K\x04\xb6\x09\xe4\x7fy\xc2\xa4I\
\x93~g\x83K\x02\x81\x80\xcc\xa1\xc5L\x97w\xc2\x84\
\x09\xe4l/\xe3ww\x0a\x85B\xb2vY\x88m\x02\
\xf9_\xce\x90\x9b\x93\x93\xc3J\x8e\xcc\xc5\x8b\x173\x1d\
?Cb\x97\x0e\xb2PT]\xff\xfe\xfd1\xa7\x17\xf2\
\xbf\x5c\xe2\x85\x17^ k\x81I,\xf0\xeaN\xb5j\
\xd5n2U\xce\xfd\xfb\xf7\xb3\xb2\xe6w\xe5\xca\x95\x9d\
\xd8\x0e\x90\xff\xe5\x19G\x8f\x1eee\x1ep\xe1\xc2\x05\
F|\x80z\xf5\xea\xedai\xbf\x226((\xe8\x1c\
\xb6\x01\xe4\x7f9\xc7Y\xe0\xc2?,\xf0K5h\xd0\
\xa0c\xee\x96/33s-\x1b\xfd\xd3\x8a\x15+\xb6\
\xa1\xed\x91\xff\x08\xca4c\xc6\x0cV8&\x12\x89\x08\
\xff\x8b]-\xd7\xa8Q\xa3\xd6\xb1\x11\xaf(\x95J\xc9\
\x1ae\x1a\xda\x1e\xf9\x8fx\x8c\xac\xc2\xc2\xc2\xedl\xf4\
\x01K\x96,q5\x9e\xfe\x1eK\xe7\x15L\xc3\x87\x0f\
\xc7X\x1f\xe4?\xc2\x02\x1d:t\x08g)\x87\xd6\xbd\
Z\xb5j\xddv\xb6<\xe1\xe1\xe1\xac\xc4(\xc5\xc4\xc4\
\x84\xa3\xbd\x91\xff\x88gq\xfa\xf4\xe9u,\xad\xb3;\
\x95C\xb3Z\xb5j\x07\xe0\xcfn\xb3P\x94\x84\xda\xb5\
k\x1fC[#\xff\x11e\xe2\x14I\xef\xc9\x02\xef\xb4\
C\x87\x0e\xa5}\x7fXRR\x12+\xf9\x8a6n\xdc\
\xb8\x19m\x8c\xfcG\xd8\xc6\x8f?\xfe\xc8\x8a\x0f \x91\
H\x8e\xc3\xf3e\x8e\xde\xff\x9f\xff\xfc\x87\x9c\xeb\x971\
\xbe\x19\xa1R\x91\xf7\xc7\xa1\x8d\x91\xff\x08\xbbH\x17\x89\
D\x7f\xb2\xb4\xe7\xe6h\x1e\xf0\x08~-\x82\x8dw\x8f\
\x1e=z\x07\xda\x16\xf9\x8fp\x8c\xd7^{m\x07I\
\xeb\xc1\x02\x0d\x1f\xd6\xabW/\xc6\xd6{\xd7\xad[\xc7\
\xca\x9a_||<\x89\xf33\xa0m\x91\xff\x08z\xb8\
x\xf1\xe2F6\xb8x\xfd\xfa\xf52\xe3\xed\xfd\xfd\xfd\
\x8f\xc0\xd7\xd7Xxez\xc3\x86\x0d#\xd1\xa6\xc8\x7f\
\x84S y\xb5/\xb3\xc0G\xc3\x88\x11#\x9eY\x0b\
\x8c\x8d\x8de\xe5\xee\xce\x1d;v\xe0\x9a\x1f\xf2\x1f\xe1\
\x02~\xf9\xe5\x17Vrl\x16\x17\x17\x9f\x82\xe7\xcbK\
\xdf\xd3\xaf_?\xe2k\x88\x18\xdft\xd0jI\x0e\xff\
\xfbhK\xe4?\xc2%\xa4\x00W\xf7\xb1\xd1\x07\xac^\
\xbd\xbat\x1e\x90\x0a<\xdd\xc1\xc6;\xc6\x8d\x1b\x87\xb1\
>\xc8\x7f\x84\x1b\x180`\x00\xe1\xa6\x84\x8d\xb8@x\
\xfe\x8d\xe5\xcb\x97\xb3r\xfe0%%\x85\xc4\xf8\xea\xd0\
\x86\xc8\x7f\x84{\xb8y\xf3\xe6\x16\x96\xee\x0e!\xf7\xf6\
\xc6\xb0\xf0\xe8\xdc\x16-Z\x1cA\xdb!\xff\x11\xee\xa3\
j\xd5\xaa\xe4|\xf0-\x16x\xaad\xa3_\xd9\xbbw\
\xef\x16\xb4\x1b\xf2\x1f\xc1\x1cV\xadZ\xc5J\xae0\xa6\
E\xaf\xd7GCyc\xd0f\xc8\x7f\x04\xa3HV(\
\x14\x87\xb9\xce\xff\xcf>\xfbl;\xda\x0a\xf9\x8f`\x1e\
#F\x8c\xd8\xc9F>\x0e\xa6$##\x83\xe4\x1a\xd0\
\xa0\xad\x90\xff\x08vp\xef\xde\xbdp\x8e\xd2\xbf\xa8m\
\xdb\xb6\x87\xd0F\xc8\x7f\x04{\xa8W\xaf\xde?,\xe5\
\xe3tK\x8e\x1c9\x82\xf9\xfc\x90\xff\x08\x0f`\xf3\xe6\
\xcd[\xb8\xc4}\xa3\xd1x\x19\xcau\x1bm\x83\xfcG\
x\x04I*\x95\xea\x18W\xf8\xff\xd5W_\xe1\x9a\x1f\
\xf2\x1f\xe1A\x8c\x193f'\x17\xb8\x9f\x9b\x9b{\x10\
\xca\xa3B\x9b \xff\x11\x9e\xc5\xa3G\x8f\xfe\xf42\xfd\
e\xa1\xa1\xa1\x07\xd1\x16\xc8\x7f\x84\xe7\xd1\xacY3r\
F8\xc9[\xe4?y\xf2$\x9e\xefA\xfe#\xbc\x88\
]\xbbvm\xf3\x12\xfd\xc9\xfd\x827\xd1\x06\xc8\x7f\x84\
W\x91\xa8\xd5jOy\x9a\xfc\xb3g\xcf\xc6\xfd>\xe4\
?\x82\x03\x984i\xd2.Or_ \x10\x90\xb3}\
\x0a\xd4=\xf2\x1f\xc1\x0d$''\xef\xf3\x10\xfd5\xdd\
\xbau\xc35?\xe4?\x82Ch\xd3\xa6\xcd\x09\x96\xee\
\x0f{J\xa2\xa3\xa3w\xa2\xbe\x91\xff\x08\xee\xe1\xe0\xc1\
\x83;X\xa6?\xc9\x19t\x1du\x8d\xfcGp\x12\x09\
:\x9d.\x9a-\xf2/\x5c\xb8\x10\xf7\xfb\x90\xff\x08\x0e\
c\xda\xb4i{\xd8\xe0\xbeX,\x8e\x82\xe7KQ\xc7\
\xc8\x7f\x04\xb7\x91\x99\x99y\x90i\xfe\xbf\xf1\xc6\x1b\xb8\
\xe6\x87\xfcG\xf0\x00\x9d;w>\xc9\xe4\xfdaW\xaf\
^\xfd\x13\xf5\x8a\xfcG\xf0\x07\xc7\x8e\x1dc*& \
\xde\xcf\xcf\xef*\xea\x14\xf9\x8f\xe0\x15\xe2\xf5z\xfd%\
w\xc9\xbft\xe9R\xdc\xefC\xfe#\xffy\x88/\xbe\
\xf8b\xb7[\x87\xfbd\xb2\x13\xf0\x1c\x09\xea\x12\xf9\x8f\
:\xe5'RSS#\x5c\xe5\xff\xc0\x81\x03q\xcd\x0f\
\xf9\x8f\xfc\xe71\x1a5jt\x14\xa8\x1c\xe7,\xf7\xef\
\xdc\xb9\xb3\x07\xf5\x87\xfcG\xfe\xf3\x1f[\xb7nu\xf6\
n\xef\xd4\xa0\xa0\xa0+\xa8;\xe4?\xf2\xdf'\xf0H\
\xaf\xd7\xd3\x9e\x07\xacY\xb3&\x02u\xc6ktC\xfe\
#,\xd1\xb7o\xdf\xb5@m\xa1\xc3\x0b\x01\x95\xca\xb3\
\xf0\xfb\x22\xd4\x19\xafQ\x97\x05\xfe?@\xbd\xf2\x1bw\
\xef\xde\xfd\xc5\x11\xff\x87\x0f\x1f\x8ewx\xf0\x1b\x12\x8a\
\x1d\xd9\x8f\xba\xe5=\xfe\x02\x8a\x9f\xb0\xc5\xfd\xfb\xf7\xef\
\x1f@\x1d\xf1\x1e\xb7X\xe2\xff|\xd4-\xff\xf1\xddw\
\xdf\xcd\xb1A\xff\xec\xda\xb5k_F\x1d\xf1\x1e\xfbX\
\xe2\xff{\xa8[\x9f@\x9c\xc1`\xf8\xd9\x9a\xfc\x9b7\
o\xde\x8d\xba\xf1\x09,f\x89\xff\xcdQ\xb7\xbe\x81\xa0\
\xa0\xa0\x85d\x8b\xbf\x94\xfb*\x95\xea\x02\xfc\xbb\x10u\
\xe3\x13\xf8\x98bO\xd2P\xbf\xbe\x81\x93'O~Q\
\xca\xff\xd1\xa3G\x1fF\x9d\xe0\xde?\x0d\xd9\x8e\xfa\xf5\
\x19\xec\x07\xeao\x8a\x8f\x8fG\xee\xfb\x0eR(ve\
*\xea\xd8w\xd0\xa7O\x9fI\x0d\x1b6\xc45?\xdf\
\xc1\x0f,\xf3\xffe\xd4\xb1O\xe1!\xea\xc0\xa7\xf0\x22\
\xc5\xbe\xe0yp\x04\x82{8FyF\xfa\xa0\xae\x11\
\x08\xce\xe1\x13\xcasr\x04\xf5\x8d@p*\xe6\xf7y\
\x0f\xf2\x7f\x10\xea\x1c\x81\xe0\x0c\xd6P\x9e\x17\xdc\x0bD\
 \xbc\x8fL@\x13/\xf0?\x14\xa0D\xfd#\x10^\
\xc5T\xca{\xb2\x18\xf5\x8f@x\x0d\xa7(\xefJ\x15\
\x00\xe6\x86G \xbc\x83\xfe\x94\xf7\xa5\x03@\x83\xb6@\
 <\x8a_(\xee\xc8\xdbh\x0f\x04\xc2c\xd8Eq\
Of\xa2]\x10\x08\xd6q\x91\xe2\xaeLG\xfb \x10\
\xac!\x83\xe2\xbe|\x8evB X\x01_\xe4;\xb4\
\x15\x02\xc1\x18\x22)\xfe\x09\x99\x0b\xc8\xd0v\x08\x84[\
\xf8\x82\xe2\xaft\x05\x9c@\x1b\x22\x10.\x9d\xe9\x19A\
\xf9\x86\xfc\x88\xf6D h\xe3\x1f\xaa$\xd7\x8e/I\
\x17\xc0F\xb4-\x02a\x137\x00\x1fP\xbe-\xd8\x0f\
 \x10O#\x15\xf0\x15\xa0\x22U~\x84\xf4\x03?\x03\
b\xd1\xfe\x88r\x8a\xd3\x80i\x80\xfaT\xf9\x96\xde\x80\
u\x80\x5cl\x13\x08\x1f\xc7%\xc0\xd7\x80\x16\x14\x8a\xad\
\xbe`\xacy\xcdp\x0bUr\xc61\x01\xa0\xc2\xb6\x83\
\xe0\x09\xf2\x01\xd7\x01\xe4>\xd5e\x80/\x01\xc3)\xcf\
\xe6\xe8BAAAAAAAAAAAAA\
AAAAAAAAAAAAAAAA\
AAAAAAAAA\xf1Q1\xa18\x16\x07\
\xaaK/\xfb\xfb\x1a\xe6\xaf\x8d6T_\xc1\xfc\xbd\xda\
\x96mz\xd9}\xfc\x93\x17D\xdb\xfa\xbe\x92\xbd\xd2?\
)\x80\xd1v\xe3\x98G\xbe\xd7\xdb\xfe\xbe\x97\xdd\xe2S\
T3\xf2\xbd\xc4\xf6\xf75\xecV\x8f\xa2\x02\xecV\xcf\
\x5c\xc1\xf9\x94\xfd\x0aR\xae\x7fO\xd9W\xcfc\x05\xe9\
\xdd\xf9\xbe\x97]\xf59\xfe\xbe\x99]\xf5:\xfe\xbe\x86\
]\xf5\xbb\xff}\x80\xe3\xef\xa3\xbd\xf9}%\xfc\x1e\xbf\
\xc7\xef\xf1{\xfc\x1e\xbf\xc7\xef\xf1{\xfc\x1e\xbf\xc7\xef\
\xf1{\xfc\x1e\xbf\xc7\xef\xf1{\xfc\x1e\xbf\xc7\xef\xf1{\
\xfc\xde'\xbf\x0f\xf0\xfe\xf7\xe9\xee|\xcf\xc0\xfa\xbd[\
\xfb\x07\xcd\x1c\xefO8\xda\xdf\xd0\xbb\xf3\xfd<\x07\xfb\
3&\xc7\xdf;\xdc\x1f\x9ao\xb7y\xd95p\x80\x83\
\xfd\xad\x1a\x0e\xf6\xc7\x9a9\xd8_\xeb\xe5`\x7fn\x9e\
\x83\xfd\xbd\x92\xfd\xc1\xf9v\xabo\xa7\x82\x01%\xdfK\
\xecV\xcfN\x01\xcd\xfb\x9b\xb6\x0aP\xba?j\xeb\x05\
5pc\xda}i\x03\x8a|\xac\xff\x0a\xe4\xbf\xe6\xa5\
\xaa\xa7PPPPPPPP\x18\x94*\x80z\x00\
\xe2ztE\xb0\x82\xff\xa3JrJ\x07r\xc4\xe6u\
\x01\xff1\xbb\x9a$'f\x0cU\x92\xebY\x80`\x1c\
B\xaa$\xff\xe8]\xc0n\xc0g\x80vd\xba\xe6\x05\
\xbb\x13\x9e\x7f\x028O\xe1]\xa0\xde\x02\x99\x7f\x93E\
\x88\x9dTI\x0e\xda\xea\x1e\xb0;iko\x01\xce\x00\
\xd4h\x03\xce\x80pp\x1f \x94E\xdb\x931g&\
@\x8c\xfa\xe6,\xee\x9b\xfb\x82J\x0c\xdb\xbe\x1a\xe0\x17\
\x80\x02u\xccy\x10?\xe1k\x06}D\xd2\xe7\x93\xfb\
|\xb4\xa8[\xde\x80\xf0t:C\xfd\xc0x\x80\x14u\
\xca;\x90yX_7m\xff\x1a \x19u\xc9[\x10\
?\xbd\x81\x8b\xb6\x0f\x02\xfc\x85:\xe45tf\x9f\xdd\
\x15\x19\x80\xbe\xbeO\xe0!\xa0\xb5\x0bs\xbd\x1d\xa8;\
\x9f\x80\x81*\xb9\x83\xd4\x19\xe9\x0c\xc8\xf1u\xdd\xf8\xfb\
\xfb\x8b+V\xac\xa8,\x07m\xe0\xb8\x93\xeb\x83\x13\xcd\
c\x87\xcf\xea\xa4B\x85\x0a\x9a\xd9\xb3g\xc7\x0e\x1b6\
,\x11>\x1b}\xdc\xfeyN\xac\x0d\x929\xe3:_\
\xe7D\xd7\xae]3\x8a\x8b\x8b\x0bbbb2j\xd7\
\xae-\xf0\xf1\xfa\x92\xb5\xfa14\xed_\xc3<o\xf0\
Y}T\xa9RE\x16\x15\x15\x95B\x82(I \xe6\
\xdc\xb9s\x93\xcb\xc1\xfa\xd6\x02\x9a\xf6'\xf3\xc5$_\
\xf6\x87\xc6\x8e\x1d\x9b\xac\xd3\xe9\xe4\xa5\xb1\x92\x85 \xa1\
\xa1\xa1\xbe\xee\xef\xac\xa4i\xff\xc6\x80l_\xd5C\xe3\
\xc6\x8d\x0b\x13\x12\x12\xb2\xad\xc2e\x0d\x07\x0e\x1cH\x09\
\x08\x08\xf0\xe5\xfd\x8d?h\xae\x07\x13\xfbg\xf9\xa8\xcf\
\xa7^\xb1b\x05\xe9\xf7\xb5\xd6\xf1\xd2Z\xadV>j\
\xd4\xa84\x1f\xf6\x057\x96w\xfb\xf7\xe8\xd1#\x13|\
>\xa1\xad\x98\xf9\xd8\xd8\xd8\xec\xe0\xe0`!\xda\xdf\xf7\
\xec\x1f\x14\x14$=}\xfat\xba\xd9\xe7\xb3%\x9a\xc5\
\x8b\x17\xa7\xf9\xa8/X\x9e\xed\xaf\x9f8qb\xb2\xc1\
`P8:7#\x04\x81\xb9a.\xda\xdfw\xea\x1e\
\x12\x12R\x98\x92\x92\x92G\xf3\xe8\x94!222\xbd\
j\xd5\xaa\x0a\xb4?\xffQ\xa9R%\xd5\xbau\xebR\
\xc1\xae:\xbag\xe7\xc0\x17T|\xf0\xc1\x07\x19\xe6\xb5\
s\xb4?\x8f\x11\x16\x16\x96%\x93\xc9D\xce\x9e\x9f\x8c\
\x8b\x8b\xcbk\xd2\xa4I\x11\xda\x9f\xbf\xa8^\xbdzq\
ttt\x96\x8bGh\xb5\xbf\xfd\xf6[&\xcc\x19\xb5\
h\x7f~\xfa|S\xa6L!>\x9f\xd2\xd53\xd4E\
 \xe0\x0b\xe6\xa0\xfdy\xe9\xf3\xe5\xa7\xa6\xa6\xe6\xb9y\
\x8c\xdep\xf8\xf0\xe1\x94\xc0\xc0@9\xda\x9fW\xeb|\
\xca\xb5k\xd7\xc6;\xe3\xf3\xd9\xf1\x05e\xef\xbe\xfbn\
\xa2\x0f\xf8\x82\xe5\xc6\xfe={\xf6L\x91J\xa5\x85L\
\xe5\xd2\x88\x89\x89I\xaeU\xabV\x1e\xda\x9f\xfb\x80y\
\xbb\xf0\xdc\xb9s\x89\x0c\xa7SQ\xce\x9a5\xeb>\xc5\
\xef3o\xe5\xc1\xfe\xba\x8f?\xfe\xf8>\xf8|2\xa6\
\xf3\xe9\x14\x14\x14\xa4\xb5j\xd5*\x11\xed\xcf]4j\
\xd4(#%%%\x9d\xa5\x94J\xba\x9d;w^\x07\
\xdfB\x82\xf6\xe7$\xe4\xbf\xff\xfe\xfb\x9d\xb2\xf6v\x99\
\x12\xb5Z\x9d\xdb\xbbw\xefk<\xf5\x05}\xda\xfe\xdd\
\xbau{(\x93\xc9\xf2\xd8\xce\xabv\xe3\xc6\x8d\xebU\
\xaaTIG\xfbs\x07\x01\x01\x01\xf9g\xce\x9c\xb9\xef\
`o\x97)\x11O\x9e<\xf9\x14\xbcW\x85\xf6\xe7\x04\
\xb4\xe3\xc6\x8d\xbb\x01>_\xb1\xa7r+\x82/x;\
88\xf8&\xda\xdf\xfbh\xd0\xa0ARjjj\xa2\
\xc9\xb3\xa2\xde\xb2e\xcbax\x7f!\xda\xdf\xab\xd0L\
\x9b6\xed\x0a\xd8C\xe1a\xfb\x9bT*\xd5\xc3\xd6\xad\
[_F\xfb{\x17\xa1\xa1\xa1\xf1\x22\x91(\xcb\xd3\xf6\
\x07?0\xa6Z\xb5j\x99h\x7f\xafC\xb5`\xc1\x02\
2\xefSy\xca\xf6\x1a\x8d&\xafO\x9f>\xb7x\x16\
+\xec\xb3\xfe\x7f\x9d:u\xb2\xe2\xe2\xe2\xe2=d~\
]xx\xf8U\x1e\xae\x03\xf9\xf2\xfc_\xff\xce;\xef\
\xc4\xe8t:1\xdb\xc6\xcf\xcf\xcfOj\xd6\xacY<\
\xce\xff\xb9\x85\xca\x95+\x8b\x8e\x1c9r\x97\xec\xd9\xb3\
h~\x19\xf8\x9b\xd7\x89\xdf\x89\xf6\xf7\xca\xbe\xbe\xb1R\
\xa5Jz[\xdfw\xe8\xd0!N,\x16\xb3\xe6\x0b^\
\xbf~\xfd~PP\x90\xbdx #\xda\x9f\xd5\xfd\x1d\
\xc9\xb0a\xc3\xd2\xed\xac\xbf+\x7f\xfe\xf9\xe7\xdbl\xf8\
\x82j\xb5\xba ,,,\xc6\x96\x8d\xa1\xffQ\xbc\xf8\
\xe2\x8b\xb7\xc8\xff\xd1\xfe\xec\xec\xed\x82m\xb3\x93\x92\x92\
rCBB\x8a\xec\xf8\x82\xe9\x8f\x1e=\x8ag\xc1\xe7\
\xbb\x05\xfdO\xb1\x9d\xb3eI\xe9\xe9\xe9\xb7^{\xed\
\xb5\x04\xb4?\xf3\xe8\xdc\xb939\xa6M\xe2\xb8\xf5\xab\
V\xad\xca \xf9;l\xf9\x82#G\x8e\xbc\xa5\xd7\xeb\
\xc5\x0c\xfa|\xa9-Z\xb4H\xb2s\xb6Lt\xfe\xfc\
\xf9\x04\xe2{\x9c9s\xe6!\x89AA\xfb3\x9a\xaf\
Ay\xe8\xd0\xa1\xacR\xdfN\x22\x91\x14\x01\xcfl\x96\
\xd1\xcf\xcf\xaf0**\xea6C\xbe\xa0\xfc\xab\xaf\xbe\
\xbae\xc7\xe7\xd3\x7f\xfe\xf9\xe7\x09F\xa3\xf1q>\x01\
\xf8\xbfl\xe2\xc4\x89$VH\x87\xf6g\x04\xc6\xd1\xa3\
Gg\x9339\x1661\x1e;v,\x0dx&\xb7\
\xb3.\x18\x0b\xed$\x93\x01\x9f\xefa\xb5j\xd5l\x9e\
\x07\x841\xbf 33\xf3\xa9}\xe7\xb4\xb4\xb4\x8c\xe6\
\xcd\x9bg\xa3\xfd\xddG\xc3\x86\x0dE\xf7\xef\xdf\x7ff\
_\x9f\xe4\xefx\xff\xfd\xf7\x13\xec\xf8\x82\xb2%K\x96\
\x5cu\xc7\x17\x04\x9f\xaf\xb0_\xbf~\xf7m\xf9|0\
\x17Qn\xd9\xb2\x85\xec=\xe9\xad\xc3\x867n\xdc\xf8\
\xb0b\xc5\x8a\x0a\xb4\xbf[\xf3=\xdd\xe2\xc5\x8b\xb3l\
\xc5\xf4<x\xf0 \x05\xfc=\x9b\xf3\xb1\xbau\xeb&\
'&&>t\xd5\xe7\xdb\xb1c\xc7\x1d\xb0\xa1M\x9f\
\xafO\x9f>I\x0a\x85\xa2\xcc|\x02r\xb9\x5c\x00\xf3\
\x85\x14\xb4\xbf\xebx\xf9\xe5\x97\xf3\x05\x02\x81\xbd\xb3{\
d\xed?\xc6N,\x86\x0e\xc6\x8e\xab\x06\x83\xc1i_\
0///\xfd\x85\x17^\xb0i\xbf\xe7\x9e{Np\
\xf1\xe2E\xbb\xf3\x8cK\x97.\xa5V\xaf^\xbd\x08\xed\
\xef\xb2\xcf\x97\xe9\xc8\x87\x13\x8b\xc5\xe9\xed\xdb\xb7\xbfg\
\xc7\x17\xcc\x07_\xe1\xa6\x93\xbe\xa0|\xfa\xf4\xe9w\xec\
\xf8|\xda)S\xa6\xc4\x90\xf5@{\x0f\x01_P\x01\
\xbe!Y+\xd6\xa3\xfd\x9d\xf3\xf9\xde{\xef\xbd,\x8d\
FCg__\xb7|\xf9r\x12\x8bcs\xac\xed\xd8\
\xb1\xe3\xfd\xe2\xe2\xe2\x0c'\xf6v\x1f\x01om\x9e\xf7\
\x08\x0c\x0c\x14\xdf\xbe}\xfb\x0e\x9dg\x81/\x98G\xce\
\xa2\xa1\xfd\xe9\xa3^\xbdzEw\xee\xdc\xc9\xa6ET\
\xb9\x5c\xdc\xb7o\xdft\x07k\xaf\xf2_\x7f\xfd\xf5\x1a\
\x1d_P\xa5R\x09\xfa\xf7\xef\x1f\xeb\xe0y\x9a\xef\xbf\
\xff\xfe\x01q\x11\xe9\xb4\xcf\xb5k\xd7&\x82/\xa3B\
\xfb\xd3[\xe7\x9b3gN*]\xddn\xdd\xba5\x81\
\xf8\xe14\xf6\x88S\xe3\xe3\xe3\xe3h\xc4\xf8\xdf\x05\x9f\
\xcf\xe1}\x17\xf5\xeb\xd7\xcf\x05\xdf2\x8dN\x1b\x85\xbe\
G\xd4\xa3G\x8f\x0c\xb4\xbfc\xb4k\xd7.\x17\x84\xd6\
\xd9\xbd\xec\xec\xec\x9c\xd6\xad[\xd3\x9dg\xebG\x8d\x1a\
uC\xaf\xd7\x8b\xec\xf9|\xadZ\xb5\xa2\xeb\xb3\xeb>\
\xfb\xec\xb3\xfb\x8e|\x80R9s\xe6L\x06\xf8\x8cR\
\xb4\xbf]\xc8\xd6\xaf_\x1fC\xe7\xdc.\xf8V\xaa\x19\
3f\x10\xdf\x8av~\x06\xf0\x05\x05\x91\x91\x91\xb7l\
\xf8\x82\xc4\xe7\x8bqfo\x17\xecY\x00>\xfe\x03Z\
\x07\xc9\x0d\x06\xc5'\x9f|\x92\xee\xc5\xb3#\x9c\xb7?\
p\xf9\x96T*M\xa1\xa3O\xe2\x1f\xd4\xaaU\xab\xd8\
\x85x\xc1\x87\x12\x89\xe4\x19_\xf0\xe6\xcd\x9b\x8fj\xd4\
\xa8\xe1\xf4\x19_\x98\xe3?\x02\x9fAB\xa7\xcc0^\
\xe4?\xff\xfc\xf3B\xb4\xbf\xcd\xfd\xfb\xfb`\x7fZ~\
\x1f\x8c\xe5iu\xeb\xd6u%O\x1b\xd9#&}\x80\
\xd2\xd2\xe7\x1b0`\x80#\x9f\xafL\x8c\x1c92\x0f\
\xe6)*\x9a\xf3\x8a\xfc\x9a5k\xca\xd0\xfe\xb6\xfb\xff\
U\xabV\x11\xdbh\xe8,\xcf.\x5c\xb8\xf0\xa1+g\
\xb2\xc1\x17\xcc\x88\x8b\x8b{\xe4\xac\xcfW\xc6<E\x06\
\xfd\x90\x90\xe6Z\xb2\xfc\xad\xb7\xde\xca\xc5\xf1\xdf>\x82\
\x83\x83SSRRRi\xe6\xe7\xc9\x83\xb9}\xaa+\
\xf1\x82\xef\xbe\xfbn\x0cY\x17\xcc\xcf\xcf\xcf\x84q\xc7\
\x95uZ\xfd\x8f?\xfe\x98K3\xc7\x88~\xd7\xae]\
Y\x01\x01\x01j\xb4\xbfc\xbf\x1a\xfc\xa4;\xe0\xdfI\
i\xe6\xe7y\xe4\xef\xef\xef4w\xe1o$\xfb\xf6\xed\
\xbb\xfa\xcd7\xdf\xdcr%\x9e\xef\xa5\x97^\x12\xc2|\
\x81\xd6\xba2\xb41!\x8cm\x02\x9c\xff\xd1^\xfb\xcd\
?w\xee\x1c-\xbfZ\xa7\xd3Ia\x0c\x8ew\xc5\xaf\
\x06_,\xb1j\xd5\xaaN\xfb|0\x8fPGDD\
\xe4\xd0\x5cS\xd6\xcc\x9b7/\x8b\x03k\xc0\xbcZ\xff\
\xef\xd1\xa3G\x9c\x5c.\xcf\xa7\xd3\x06\x1e<x\x90\x0a\
\xbe\xa0+\xf9y\x5c\x8a\xd7\x1c6lX\x0e\xf8\x8cr\
\x9a\xf3\x94\x5chg\x5c8+\xc0+\xfbW\xa8PA\
\xb6a\xc3\x86\x18\x9a\xf9\x1c4\xe0\x0b>\xa2<\x90\x9f\
\x07\xe6\x9c\xd2k\xd7\xae\xd1\x9a\xa3\x90\xfd\x8b\xf7\xde{\
\x8f+\xf9\x03y\xb7\xff\xdb\xb4i\xd3\xb4\x8c\x8c\x8ct\
'|A\xb6\xf32\xe8g\xcc\x98\x91F3\xa6\xc4p\
\xf0\xe0\xc1\x0c\xb2\x8f\x89\xf6w\xfdl\xff\xe4\xc9\x93c\
h\xae\xb1\x12}\xbb\xe4\x0b:\xb1>U\x90\x95\x95E\
kL\x12\x08\x04\xc2\xce\x9d;\x17`\xfc\x87{\x08\x0a\
\x0a\xca\xbft\xe9\x12\xad\x18\x1e\xadV[\x0c\xf3\xba\x04\
6\xceaT\xacXQ\xb5i\xd3\xa6$\x9a\xf3=\xed\
\xa2E\x8b28\x16\x03\xca\xdb\xf8\xcf^\xbdz=T\
(\x14\x05t\xda\xc0\xbd{\xf7R\xeb\xd4\xa9\xc3\xf8~\
{\xef\xde\xbdS\xc1\x1f\x15\xd2\xf4GsI\xdc\x22\xc6\
\x7f2\xc6=\xd9\x96-[\xe8\xfa\x82\xaa\xb9s\xe7>\
b\xf2\x8c\x1e\xf4A\x92\x7f\xff\xfd7\x89N~!\x98\
\x8f*\xc6\x8c\x19\x93\xc1\xc1\xb3`\xbc>\xff\x11\x12\x12\
\x92\x0ac/\xad\xfd\xf6\xc2\xc2\xc2\xdc\xf6\xed\xdb3\xb5\
\xdf\xae\xff\xe4\x93O\x1e\x92\xb8~\x1a\xaf6FEE\
ep\xf4\xee\x10\xbe\x9f\xff\xd2N\x9d:\xf5\x0eM_\
P\xbf{\xf7\xeeG~~~n\xe7\xedn\xdc\xb8q\
6\xdd\xf5h\x91H$\xec\xd6\xad\x1bW\xf3\xc5\xf3\xfe\
\xfcg\xb5j\xd5\xf2\xaf^\xbd\xfa\x90\xe6~\x8bd\xc4\
\x88\x11\xc9n\xf6\xc3\xaa\x95+W\xd2\x8d\xf3\xd2.]\
\xba4\xcd\xce\xb94\xb4?\x03\xbe`\xdf\xbe}c\x95\
J%-_\xf0\xf6\xed\xdbi\xee\xdc\xed\xfc\xca+\xaf\
$J\xa5\xd2\x5c\x9a\xfb\xd1\xb9M\x9a4\xe1\xf2=\xd2\
>\x91\xff\x81\xec\xd3n\xdb\xb6\x8dn\x9eW\xd5\x9c9\
s\x92(\x17\xee\xf3\xabR\xa5\x8a\xe4\xe4\xc9\x93\x0f\xe8\
\xac\xf1\xeb\xf5z\xc5\xf8\xf1\xe3S(n\xe7\x85\xf5\x99\
\xfc\x1f-[\xb6L\xc9\xc9\xc9I\xa7\xb9\xf7V\xf0\xd2\
K/9{\x16O\xff\xe1\x87\x1f\xc6\x1a\x0c\x06:{\
\x90\xc6S\xa7N\xa5{9\xb6\xaf\xbc\xe5\x7f\xd1\x90X\
=\x12\xb3G\xc7\x17\xdc\xbbwo\x92\xbf\xbf?m\x9f\
<888;!!!\x89fl\xaf\xb0g\xcf\x9e\
\x19\x1c\xd7\x97\xcf\xe5\xff!\xe73H\xcc\x1eM_P\
\xfa\xf6\xdbo\xa7\xd1\xf4\x05UK\x96,\xa1\x1d\xdb\xbf\
f\xcd\x9aD\xb26\x88\xf6\xf7\xbc/8x\xf0\xe0\x87\
$v\x8f\xe6>lf\xdd\xbau\x1d\xc6^v\xe9\xd2\
%Q\x22\x91\xe4\xd0yfjjjn\x8b\x16-\xf2\
y\xa0+\x9f\xcc\xffU\xa9R%iDD\xc4=\x9a\
k\xf2\xeay\xf3\xe6\xa5\xda[\x93\x0f\x08\x08(>z\
\xf4h,\x1d\x9f\x8f\x9c\xed\x9b<y2W\xce\xf6\x95\
\xdb\xfcom\xdb\xb6M\x05\x1f\x8fV\xce\xaf\x82\x82\x82\
\xc2\xd0\xd0P[1\x98\x86\xff\xfe\xf7\xbf\xb1:\x9d\x8e\
V,\xf7\x85\x0b\x17R\xabU\xab&\xe2\x8b\x9e(\xdf\
\xcd\xff\xa7!w3\xd1\xcc\x01m\xd8\xbf\x7f\x7f*\xf0\
\x5cQF,oN\x5c\x5c\x1c\xad<\xe2r\xb9\xbc(\
,,,\x95G:\xf2\xe9\xfc\x8f\xe4n6\x18\xdfi\
\xd9N\xa3\xd1\xc8\xdf}\xf7]\xeb\xfd\x19\x12K\x1eK\
3\xaeC\xb7y\xf3\xe6G0\xf6(\xd0\xfe\x9c\x81a\
\xf8\xf0\xe1q`[Z\xf7<\xc7\xc4\xc4d\xd7\xaf_\
_dq&(\x89n\x0e\xf1\xcc\xcc\xcc\xdcV\xadZ\
\xf1\xf1NX\x9f\xce\xff\xea\xe7\xe7'\x85y\xfe\x832\
r\xf1\x94\xd9\x0d,X\xb0\x80\xc4\x8a\xe9\xc9\xdf\xfd\xf5\
\xd7_\xf7i\xfe\x9d\xe2\xab\xaf\xbezDq/\xb7W\
\xb9\xb7\xbf9&?U \x10\xe4\xd0\xf4\x05IL~\
\xce\x88\x11#\x1eh\xb5ZZ\xfd\xc6\xd5\xabWSk\
\xd4\xa8!\xe4\xa3n\xa8\xf2q\xff#\x89\xb5\x8f\xa3\x1b\
\x9fy\xe6\xcc\x99\x07\xf1\xf1\xf1\xb4\xfc\x06\xa5R)\x1e\
4hP\x0aO\xf5R^\xecOr~\xe5\xdf\xbf\x7f\
\x9f\xd6\x19b\xf39CZ\xe7\xb7\xc2\xc3\xc3\xe3+W\
\xae,G\xfbs\xdf\x17\x1c9rd\x02\xf4\xe9R\x13\
C\x92\x93\x93\x93\xd7\xa6M\x9b\x1c\x1e\xeb\xa4<\xd9\x9f\
\xac\xe3\xc9\x0e\x1f>\x1c\xcfP\xfeW\xd5\xcc\x993\x13\
y\xea\xf3\x95K\xfbS%\xf9\xa2\xd3\x8b\x8a\x8a\xf2\xdd\
5\xfe\x8d\x1b7\xd2j\xd6\xac)\xe0\xbb>\xca\x9b\xfd\
\x89/\xb8x\xf1\xe2$\x9a\xb9\x04l\xe5\x02+\x1e6\
lX*\xc5\xaf{\x9e\xd0\xfef4h\xd0\xa0 .\
..\xc3E\xf3\x933\xfb\x89L\xc4\x90\xa2\xfd\xbd\xe7\
\x0b\x8e\x193&\x89\xe4\x8av!\xe7\x7f\xc1\xff\xfd\xdf\
\xff\xe5\xf8\x88\x1e\xca\xab\xfdM$G|TTT\x8a\
\x93\xbe\xa0z\xce\x9c9\xc9\xae\xc4\x0d\xa2\xfd\xb9\x87W\
^y%S,\x16\x0b\xe8\x1a\xff\xce\x9d;\x19\xb5k\
\xd7\x16\xfa\x92\x0e\xca\xb3\xfdIL\xfe\xb2e\xcbR\xe9\
\xc4\x0ck4\x1a\x99\x13\xb1bh\x7f\x9e\x80\xc4\xe6'\
$$8\xda\x1b0\xec\xdb\xb7/\xc5\x99XQ\xb4?\
\x7f|\xc1\xb1c\xc7\xa6\xd8\xf3\x05\x0b\x0b\x0b\x05\xa1\xa1\
\xa19>Xw\xb4\x7f\xc9\x99\x0eYddd\x82\x0d\
_\x90\xec\x09\xa7\xfa\x98\xcf\xe7\xaa\xfd\xb3}T\x07\xa6\
N\x9d:\xa5\x94\x15\xebq\xef\xde=\x12\x13\x22\xf4\xd5\
z\x03\xd6\x03*\xd2\xb0\x7f\x03@\x82\x0f\xebA=w\
\xee\xdc\x18\xcbxA\xadV+\x1f5jT\xba\x0f\xfa\
|\x96X@\xd1\x93\xea\x80S>\xac\x07S\xcd\x9a5\
\xb3\x80\xef\xb1\xa5\xa1\xdc\x87\x0e\x1dJ\x0f\x0c\x0cT\xf8\
p\x9d\xc9\xde\xd5D\x9a\xf6\xafd\xee+L>\x0c\xc3\
\xc0\x81\x03\xaf\x81/\x98+\x14\x0aE]\xbat\xc9\xf5\
\xf1\xfa\x92\x9c\xd3oR\xf4\xe5S\x1e\x9dkp\xf5\x1c\
\xb1x\xc7\x8e\x1dg\x16-ZD\xeef\xd1\xf9\xb8\xfd\
\x89_\xdb\xda\x09\xfb\xbf\x06(\xf4q\x9d\x903\x84\x0f\
\x83\x82\x82\xf2|\xbd\x9e\x80\xed\x00\x7f'\xec\x1f\x048\
P\x0e\xf4b,\x07u$\xf9'\xdf\xa5\x9c\x97a\x00\
I9\xd0\x8f\xaf\xe3\xbayN\xe7\xac<\x07\xd8\x85\xfa\
\xe3=\xf7?\xa6\x5c\x97nf\xdf\x01u\xc9O\x1c\x06\
\xd4\xa0\xdc\x93I\xe6\xf9\x03\xea\x93_x\x00\xe8J\xb9\
/\x01\x80\x1f\x00r\xd4)o@\xf6o\xfaS\xccI\
i\x1bP\xa0n9\x0f\x92\x93b8\xc5\xbcT\x01L\
\x01$\xa1\x8e9;\x97=\x0d\xe8L\xb1+dL\xd9\
\x0d\x10\xa1\xce9\x03\x12\xaf\xf4\x13\xa0\x09\xe5\x19\xa9\x0a\
\x18\x00\xd8\x01H\xf1\x81\xb31\xbc\xdc\xc7\x04\x90\xb3\xe8\
\xbf\x9b9_\x91\xf2\xbc\x10\xbf\xe0E\xf3\x1ca\x0b\xe0\
8\x80\xdc\xa1\x9ba\xf6A\x10\xcc\x81\xcc\xc3\xaf\x01\xfe\
\x06\xac\x06\x8c\x064\x07T\xa6\xb8!~\x80j\x80z\
\x80F\xe68\x12\x04sh\x08\xa8c^\x97\xabH\xa1\
\xa0\xa0\xa0\xa0\xa0\xa0\xa0\xb8(\xce\x1f\x8b\xb5\xfak\xb5\
\xe5\xe7f&S\xfaS\xd3\x03\x93)\xda\xf2s%\x93\
i\xbe\xe5\xe7\x0aO?\x0e\x1eh|\xfa\xf3<\xfd\xd3\
\x9f{\xa9\xed\x7fn&\xb1\xff\xb9\x86\xf5\xe7t\xe7>\
\x07\xe0g\xfc\x8c\x9f\xf13~\xe6\xc5g\x87\xfd\xbb\xc4\
\xb9\xcf\xcd\xd4\xf6?\xf7\xb2\x1e\xaf\xac\xc73\xeb\xf1\xee\
\x99\xf1\xd0z\xbc|\xaa\xc05\x9e\x1doM\xee\x8d\xe6\
m\xe0\xaf\xc6\x01\xc8k+<^N\x02Y\x85~\x11\
\x0a\x0a\x0a\xaf\x85\xecM\x90uS\x12\xcbN\xe2_?\
,\xc7\x18\x0b\x18\x09\xe8\x0ex\xfeqW\xcf\x9e\xd4\x06\
\xbc\x0f8H\x95\xc4\x22\x88\xa9\x92\xb3$\x86r\x0e\xa2\
\x03\xe2N\xc4\x98G\xd8~TI\x9c=SB\xf6_\
\xde\x02\x9c\xa3J\xf6\x06q\x8f\xd4>\x8a\xa9\x92\xbd\xb4\
\xee\x0c\xe8>\x10\xf0=@\x8azu)v\xe1#s\
\xfbuU\xf7\xbf`\x9bw\x0b$\xb6s\xb6\x8b6\xf8\
\x02u\xcf\x08\xa4\xe61\xda\x19\xe9\x03\xc8E\xdd1\x86\
\xbb\x80\x17h\xea\x9e\xc4C\x1eB\x9d1\x8e_i\xfa\
\xa7}\xcd\xbe%\xea\x8cY\x90x>Gg\x85I\xfc\
\xc9:\xbe\xd4\xa9f\xcd\x9a\xa2\xaaU\xab\xf2\xe5\x0c\x0b\
\x99+8\xca\xd5@\xe6X7\xf8P\x9fJ\x95*\xa9\
7l\xd8\x90:c\xc6\x8c\x0c\x8a?9\x05\xc2)\xfb\
\xb9\x92:\x00xqn|\xc0\x80\x01y*\x95J\x9e\
\x9d\x9d-z\xf1\xc5\x17\xf9\x92\xdf\x88\xb4m{\xe7\xd6\
\xfa\xf1\xc1\xe7\x84~Gz\xe5\xca\x95\xbc\xd2\xdc\x82\xe1\
\xe1\xe1\xd9\x95+W\xe6\x83\xafL\xe2\x8a\xed\x9d\x19\x1e\
Dq?\xe6\xdb\xf0\xcd7\xdfd[\xe6\x7f\x07\x1e(\
\x86\x0e\x1d\xca\x87\xfbz\xc9}\x13M\xf8\xac\xff6m\
\xda\x08I\x9fc\xbd\xdft\xfd\xfa\xf5\x82\xda\xb5k\xcb\
P\xff\xec\x81\xf41\x11\x11\x11\xb96\xf2\x1cjg\xcf\
\x9e\x9d\xcb\xf1\xb1\x98\xd7\xfa\x1f6l\x18\x19sm\xde\
G\x9b\x9b\x9b+i\xdf\xbe}\x11\xea\x9fy\xd4\xa9S\
Gz\xf3\xe6\xcdBG\xd7w\xef\xde\xbd;\xdf\xdf\xdf\
_\x8d\xfag\x14\xfa\x1f~\xf8!\x97N\x9em\xb5Z\
\xad|\xfb\xed\xb7\x0bQ\xff\xcc\x01\xfa\x14a^^\x9e\
\x84n\xec\xc7\xad[\xb7\x84u\xeb\xd6\x95\xa1\xfe\xdd\x87\
\x9f\x9f\x9f\x0a\xfa\x94\x1c'\xef\x99\xd0\xce\x9a5+\x9b\
\x83c1\xdf\xf4o\x04\xbf>\x0b\xfa\x14\xb9\x0bw\xfb\
\x15\xc1\xbc\xb8\x00\xf5\xef:j\xd5\xaa%\x8617\xc7\
\xc5{\x96\x0c[\xb7nM\xa9X\xb1\xa2\x0a\xf5\xefZ\
n\xd7\x993g&\xbbs\xcf\x19\xb9\xdb6,,,\
\x05\xf5\xef<\xa0\xef\xc8\x01\x7f\xbe\xd0\xdd{\x06/^\
\xbc\x98X\xb5jU!\xea\xdf\xa9\x1c\xaer\x98\xe7&\
2t\xcf\xa7\xfc\xd3O?\xbd\xcb\x91v\xc5\x07\xfd\x1b\
\x07\x0d\x1a\x94D\xeeHd\xea\x9e\xdd\xcc\xcc\xcc\xa4\x06\
\x0d\x1a$\xa3\xfei\xe5\xae-\x8417\xc5\xc4\xach\
\xd7\xae]{\x99\x03qL\x5c\xd7\xbfn\xda\xb4i\x0f\
\xc84\x96a\xfd\x93yqf\x97.]n\xa1\xfe\xed\
\xaf3|\xf6\xd9g\xe4~g%\xd3\xfa\x07_H\xf0\
\xea\xab\xaf\xc6\xa1\xfe\xed\xe3\xb9\xe7\x9e\x13_\xb8p!\
\x95a\xf5\xeb6l\xd8@\xf2\x16*Q\xff\x8e\xd1\xab\
W\xaf\x14\x85B!fp\xfc\xcdj\xdc\xb8q&\x8e\
\xbf\xf4\xf3\xebn\xdc\xb8\x91\xdc'\xa5g@\xfd\x0a\xe8\
\xd3\xe28\xb2\x16\xc49\xfdW\xaaTI\x1f\x18\x18\xf8\
\xccz}\xf3\xe6\xcd\xb3\xa1\xdd\xe6\xba\xab|\xe8\xcb\x92\
`\xfeU\xd6\x9e\x0cy\xa7\xb1\xbc\xeb\xbfg\xcf\x9eE\
3f\xcc\xc8\xaeP\xa1\x82u\xfb\xd4}\xfe\xf9\xe7d\
,V\xb91\xe6\x16\xbd\xfe\xfa\xeb\xcf\xf8\xfd\xfe\xfe\xfe\
*\x98\x93\xdd\xaa_\xbf\xbe\xa0<\xeb\x1f\xda\xa5\xea\xf8\
\xf1\xe3\xc2\xa2\xa2\x22i\xa7N\x9d\x9ei\xa3AAA\
E\x97/_vu.\xa0\x8717\x1e\xec\xaa,c\
\x1f3S\xa3\xd1\x08\x7f\xfa\xe9'O\xdf\x85\xcc%\xfd\
\x1b'L\x98P\xa8\xd7\xeb\xc9\xfa\x9aq\xff\xfe\xfd\xb9\
\xa4]Z\xff^\x9f>}\x12\xa1\x1d\x8b\x9cU~F\
FFN\xd3\xa6M\x9f\xb9s\xb2^\xbdz\xc5w\xee\
\xdcy\x1c;\x04v\x17v\xec\xd81\xbb<\xea\x1ft\
#MHH\x10[\xdc\xcf\xab\x181bD\xaeu\x9f\
\x0c\xedW\xbeu\xeb\xd6\x87N\x8e\xc5\xca\xc9\x93''\
\x941\xe6\xea\xe6\xcd\x9bGb\x87t\xa5\xfb\xc5\x91\x91\
\x91\xe9\x01\x01\x01\xf2\xf2\xa4\x7fr/\xd2\xca\x95+\x0b\
\xacuz\xf3\xe6\xcd\xec\x1a5j<\x93\xff\xb5E\x8b\
\x16\xe9999YN\x8c\xb9\xa90\x8f\x10\x95\xb1\x8f\
\x99_XXX\xf4T'\xa5\xd7+\xc6\x8c\x19\x93\xe1\
\xa1\xb1\x98\x13\xfa\xef\xd1\xa3\x87P,\x16\x97\xb5\xa7\xa5\
\xfe\xf6\xdbo\x13\xca\xe8\x93\xb5\xd3\xa6M\x8b\xa53/\
\x86y\x83\x08\xe6\x0f\xa9e\xc4\x0e\xc9\xf7\xee\xddK\xe6\
uF\xeb\xbf\x89\x8b\x8b+h\xd0\xa0\x81\xa8<\xe8\x9f\
\x8c\xb9\xff\xfc\xf3OaYz \x92\x9f\x9f\x9f\xdd\xac\
Y\xb3\x8c2\xe6\xc5\x82\xabW\xaf&:\x1as\xff\xf8\
\xe3\x8f\xc4\xb2\xc6\xdc~\xfd\xfa%k\xb5Z[{\xf8\
\xba\xc5\x8b\x17gz\xa0\xedy[\xff\xc6\x0f?\xfc0\
O\xa7\xd3\xd9\x5c_KNN\x16\xc0\x5c\xb5\xcc\xfd\x92\
\xb0\xb0\xb0x{c1\x8c\xb9\xb9`\xbb2\xcfMu\
\xeb\xd6-S&\x93\xd9\x9cS\x0b\x85BI\xe7\xce\x9d\
\x0b|Y\xff\x0d\x1b6,~\xf8\xf0\xa1\xd0f\xf0\x94\
\xd1\xa8\x86q3\xd3|V\xa1\xacqC\xbee\xcb\x96\
8\x1bc\xb1j\xca\x94)\x89\xb6\xe6\xb9\xf0\xb7\xaa\xed\
\xdb\xb7\xa7\xda\xd9\xd31\x1e<x0\x07\xc6b\x95\x8f\
\xea_\x0b\xbeG\x9a\x85\xef\xf1\x8cDGG\xe7\x80\xcf\
ow\x8d\x1e\xe6\xc5\x99YYY\xd96\xc6\x5c\xbb\xe7\
\xa6\xda\xb5k\x97\x0d\xe3o\x81\xcdM\x02\xadV5r\
\xe4\xc8|\x16\xc7b\xaf\xe9\xbfQ\xa3Fi\xb9\xb9\xb9\
\x99\xb6\xeaN\xe2:\xa1\x8f\xa6\x13C\xae\x9b:uj\
\x9c\xe5XL\xf6\xd9a\x9e\x90F\xa7\x0d\xcc\x9f??\
\xc5\x9e/\x0bs\x03a\xadZ\xb5d\xbe\xa6\x7f\xe8\x97\
3A\xff6cI\xc0\xff\x97\x0f\x1d:4\x83\xce\xb3\
\xc8\xbc\xf8\xe2\xc5\x8b)Vc.\x9d~C\xbfl\xd9\
2\x81\xbd}e\xe0QQ\xf5\xea\xd5U\xbe\xd8\xff|\
\xf3\xcd7\xf1\xf6\xe2IH\xacO\xcd\x9a5i\x9d\xbd\
\xec\xdd\xbbw2pF\x0c}Q>\xf4I\xb4\xce*\
\xc3\x18,\x819\xaf\xd2\x8e\xef\xaa\x18<x\xb0\xd0W\
\xc7_\x98[\x09o\xdd\xba\x95n\xc7\x7f\xd4\xcc\x9c9\
3\x8d\xceZ1\x89\xabZ\xbdzu,Y\xa3\xa3\xf3\
\xfb\x81\x81\x81\x1a\x98\xeb\x0a\x1d\xc4k\x15\xc0<A\xeb\
\xcb\xfe\xe7\x9bo\xbe\x99\xacV\xab\xa5\xb6\x94\x90\x97\x97\
'l\xd3\xa6\x0d\xad\xb3D\xd5\xaaU+\x00\x7f\x85\xce\
]\x9a\xc6\xf7\xdf\x7f_\x00\xe3\xabM\xbf\x17x$i\
\xdb\xb6\xad\xc4\xd7\xe7_\x95*U\x92\xef\xde\xbd;\xc9\
N\x1fl\x88\x88\x88H\x87v\xc8X\x1f\x1c\x1c\x1c,\
\xbb\x7f\xff~\x91\xbd\xf8\x08\xe8\x1b\x0bl\xf9\xbd\xbe\xb6\
\xfe\x00\xed,\xab\xa0\xa0\xa0\xd0N\xac\x82l\xc8\x90!\
Y\x0c\xf9\x81\xfa\x05\x0b\x16\xe4\xda\xf3{\xaf]\xbb&\
\xa8S\xa7\x8e\x82*?\xeb\x9f\xda\x1f~\xf8!\xd1\xde\
X|\xfd\xfau2\x16\xbb\xdd\x1f\x84\x86\x86\x0a\xc1\xe7\
\x97\xd8\xf1{\x95\xc3\x86\x0d\xf3\xd4y\x0d\xce\xac?\xd7\
\xae][\x18\x13\x13\x93io,\x86>!\xdd\x9d}\
[\xd2\x87\xed\xdd\xbb7\xcb\xd6Z\x13\xe9\xeb\xfe\xfc\xf3\
\xcf|???My\xdc\x7f\x191b\x04Y\x13\xb3\
9\x16ggg\x0bZ\xb7n\xedr\xdb\x1c>|x\
\xb6\xbd\xb3\x03\xe4L\x8d\x87\xcf\xebqj\xff\x91\xac\x09\
\xef\xdf\xbf?\xd9\xdeX\xbc}\xfb\xf6t\x18\xb3\x9d\x1e\
\x8b\xc9<\x02\xe6\x13\xf6\xf6\x0cH\x1f\x98\xeb\x811\x97\
\xd3\xfb\xef\xd0\xfe2\x85Ba\x81\x9d=t\xe9\xc0\x81\
\x03s\x9c\x1ds\xa1\xefJ\xb1\x17\xc7x\xfb\xf6\xed\xc2\
\xbau\xebz:\x1e\x94\x8b\xf1?\xda\xb9s\xe7&\xd8\
\x1b\x8b/_\xbe\x9c\x0bs7\xda\xbaj\xd5\xaaU.\
H\x81\x9d\xb5\x0e\xe5;\xef\xbc\xe3\x8d|\x05\x9c\x8c\xbf\
\x02\xdf\xaf\x10\xfc\xf3\x0c{c\xf1\xf4\xe9\xd3\xb3\xe8\xf4\
\x15\xa4\xaf\x82>\xcb\xde\x1a\x9b\xf1\xc0\x81\x039e\xed\
\xf5\x97\xe3\xf87#\xb4G\xbbc1\xccO\x8b`,\
v\xb86\xd3\xbf\x7f\xff4{g\x07\x04\x02\x81\xa4S\
\xa7N\x02/\xd4\x91\xd3\xf1\x87\xe0\x03\xca\x0e\x1f>\x9c\
l\xcfW\xdc\xb6m[\x0e\x8c\xd9\x1a;g\x07$W\
\xae\x5c\xb1\xc7#\xdd\xc2\x85\x0b3)\xef\xc5Xr:\
\xfe\xb3c\xc7\x8eYEEE\x02;c\xb1|\xf0\xe0\
\xc1\xb6\xf2C\xe9\xbf\xfc\xf2\xcb${\xf1r\xb1\xb1\xb1\
\x05\xc1\xc1\xc1\x12o\xd5\x8f\x07\xf1\xb7\xdaE\x8b\x16%\
\xd9\xcb3\x00\xed\xbb\xa0\xac\xfd\x91\x90\x90\x90\xfc\xcc\xcc\
\xcc|\x9b\x0d_\xa7S\xbe\xff\xfe\xfb\x99^\x88\xf9\xe4\
U\xfc\xf3\xf3\xcf?/x\xf8\xf0a\xb6\x83yq\x8e\
\xe5XL\xf6^6m\xda\x94do\xcc=z\xf4h\
V``\xa0\xb7\xef\x99\xe7\xc5\xf9;h\xa7\xa9\xd0^\
\x15v\xe6\xc5\xe26m\xda\x88,b\x143\xec\x9d\x17\
\x10\x89D\x92\xae]\xbbr!\x9f,/\xe2\xff\x03\x02\
\x02d\xd0^\xd3\xed\x8d\xc5;v\xec\xc8#{%\xcf\
=\xf7\x5c\xf1\xbf\xff\xfe\x9bfo\xcc\xfd\xed\xb7\xdf2\
<\x1cg\xcb\xfb\xf3\xd7\xd0^\xb3\xc5b\xb1\xc8\xceX\
\xac\x84\xb18w\xd2\xa4I\xc9F\xa3\xd1\xe6\x9eb|\
||A\xc3\x86\x0d\xb9\x92\x93\x89O\xf9\x07\xb4\xd0n\
\xed\xc6\xab$$$d\xc3<\xd7\xe6\x98\xab\xd7\xeb\x95\
\xe3\xc6\x8d\xcb\xf2\xf2\x98\xcb\xdb\xfc\x1b\xd0n\x85\xa0\xe3\
|{\xf9\xae\xec\x05#\x9e8q\x22\xbbJ\x95*r\
\xae\xd4\x87\xe2a\xfe\x19h\xbf\x99\xa4\x1d;\x1b\xff/\
\x91H\x8a\xbbw\xef\xce\xb5\x5c\xb2\xbc\xcb\xbf\x04\xedW\
v\xf2\xe4\xc9lg\xcf\xbe\xac\x5c\xb9\x92\xf8\xfa\x1a\xd4\
?#\xf1\xea\xf9\xc5\xc5\xc5\xb4\xf3\x8f%%%\x09\x9a\
6m*\xe2Z=\xf8\xaa\x7f\x98_i~\xff\xfd\xf7\
L:g`\x0c\x06\x83z\xe2\xc4\x89\xd9\x1e\xdeW\xf1\
\xf9\xfc\x93\xcd\x9a5\x13\x91\xd8tG\xfa?s\xe6L\
nPP\x90\x9c\x8bu\xa0\xf8\x9d\x7f\xd5\x00\xbe~6\
i\xdf\xb6t/\x95Jeo\xbc\xf1\x06\x97\xf3@\xf3\
:\xff-\xb4k\xc5\xd9\xb3g\xf3l\x8d\xb9k\xd7\xae\
\xcd\xa9X\xb1\xa2\x16\xf5\xcf\x1eH\xfb\x86\xb1\xf8\x99}\
\x9a\xd4\xd4\xd4\xa2\x16-Z\x88\xb8\x5cv_\xd0?\x8c\
\xc5Z\xf0-S-\xe7\xc5F\xa3Q3e\xca\x94\x1c\
\x8e\x8e\xb9\xd6\xfaolG\xff})\x1e\xdc\xbf\x00\xf3\
\xe2B\x98\x17gY\x9c\x9b)\xa8V\xad\x9a\x9c\xeb\xe5\
\xa6J\xee\xa1\xaacG\xff/Q\xfc\xb8\xf7\xcb0z\
\xf4\xe8G0\x16K\xe5r\xb9\xa2o\xdf\xbe\x05<(\
3\xc1?T\xc9\xbd\x82\xb6\x84\xdc\xbfs\x93\x0fu\xf1\
\xf3\xf3\x93DFF\xde\xdd\xbcys6\xc7\xc7\x5cK\
\x90\xbb\xa5\xec\xdd\x01F\xee\xe6\xd9\xcc\x93\xba\x90~(\
188\x98/m\x9f\xf4\xeb\xefR\x8ee\x08\xc5\x9f\
\xfbN\x8d|i+\xe6\xbe\xbf\x01\x0d\xfd?G\x95\xdc\
\xb1lB0\xdaN\xbe\xa7\xe8\xcb\x1b\x14O\xee\x01\xe3\
\x09\xae\x02\x1a:\xa1\x7f2F|\x05P\xa1\xee\xdc\x06\
Y\x0b\x1c@9/\x01\x80\x1f\xd0\x06n\x81\xf8\x06\xff\
\xa5\x5c\x17b\x83\x19\x80\x1c\xd4\xa5K\xe3\xed\x00\xca}\
!}\xd1\xeb\x80\xfd\x00\x09\xea\xd5!\xc8\xfa\xebj\xc0\
\x8b\x14\xb3B\xeee\x0e\x03,\x07\xdc6\xcf\x93\xe5\xe6\
\xf5\xa2\xf2\x0a2\xef+\x06\x90\x18\x0b\x92\xdf\xfbg\xc0\
\xab\x94\xfd;N\x99\x90z\x80\xf6f?iP9\xc6\
@@\x0f@\x1b@M\x0a\x05\x05\x05\x85Gbs#\
;\xfa\x89\x0bj2Y\xfc\xba\xf1\x7f?\xcf\xd3\xff\xef\
\xe7^\xea\xff\xfd\xdcL\xf2\xbf\x9fk\xa4[\xf8\xb2\x96\
?G\x97\xfds%\xfc\x19\x7f\xc6\x9f=\xfes\x80-\
\x9eZr\xd9\x92\xe3\x96\xdc\xb7\xec\x13,\xfb\x0aS\xba\
E\x1fbC\x88\xe3\xd4\x1b0\xff\xf1D\xaby\xc9\xaf\
\xf7\xc6~\x19\xc5)\xa9n\x9e\x8b|\x0eX\x02Xa\
\x9e'r\x19\xa4\x8c\xbf\x01&\x03:;\xd8\x97\xb4%\
~\x80\xb7\x00\xa7y\xb4gS\x16H\x8e\x8f\xc3\x80~\
N\xd4\x9d\xe8k\xaey\x0d\xc0W\xd6N\x88\x1e\xa6\x01\
\xfc\x1d\xd4\xbd\x22`\x16\xc5\x8d3El\xecSNq\
P\x7f\xb2\xae'\xa2|w\x0d\x8d\x9c\x17\xebh\xa7\xdd\
\x97\x87\xfd\xc1\xb5\xe6vn-\xa4\xaf\xf4h\xfe\x80\x16\
-Z\x88\x1b4h\xe0\xe9\xfe\x95\xe4\x81/+V\xee\
#\xca\x83\xfb\xde$o\xe4\xe1\xc3\x87\x05\xeb\xd7\xaf\x17\
T\xacX\xd1\x93\xb1y\xe4\xacp\x9f2\xea\xff\xa3\x07\
\xcb@\xce\xe2\x16\xe9t:\xadL&S\x85\x85\x85\x89\
=\xf8n\xe2b\x97\x15\xaf1\xdfSeh\xd8\xb0\xa1\
\xe2\xc1\x83\x07Ory\x9c?\x7f^R\xbdzu\xb5\
\x07\xeb?\xca\x8b\xf5\xd7\xff\xfa\xeb\xafE\x96\xb9\xb1\x8c\
F\xa3\xee\x8b/\xbe\x10y\x88\x7f\xa4\xfe#\xbdU\xff\
\xd7^{\xad\xb8\xac\x5c\xbdiii\xf2V\xadZ\xc9\
}\xb9\xfeU\xabV\xd5DEE\xd9:Oo\xdc\xb4\
i\x93\x84\xdc[\xe6\xa3\xf57~\xf4\xd1G\x8f\xfb<\
[sv\xe8\x0b\xd5\xfd\xfa\xf5\x93\xf8b\xfd\xa1\xcf\x93\
\xc5\xc5\xc59<\xebv\xee\xdc\xb9\xa2\xa0\xa0 \xa5\x8f\
\xd5_\x07}^>\x9d{\xb7\x0d\x06\x83f\xe2\xc4\x89\
l\xe6\xef\xf3x\xfd\xbbv\xed*\x10\x89D2\xba\xe7\
\x1c\xc9y\xb0F\x8d\x1a\x09}\xa1\xfe\x01\x01\x01\x8a\xc8\
\xc8\xc8<g\xcf\xd9\xaeX\xb1\x22\x99b\xe7\xcc\x80'\
\xebo\xf8\xe0\x83\x0f\xb2\xf5z\xbd\xd3w\x1dJ\xa5R\
\xe1+\xaf\xbc\x92\xc2\xf3\xfakaL\xcbr\x94O\xc0\
V~\x93o\xbf\xfd6\x91\x85~\xc0\xa3\xed\xbfc\xc7\
\x8e\x02\x10\xa7\xef\xbcOJJ*l\xdc\xb8q\x91\x0f\
\xf4\x7f\xba\x05\x0b\x16\xe48s\xcf\x1e9\x8b9~\xfc\
\xf8,\x96\xc6\x00\xd6\xeb\x0f\xe3\xb7\xb6^\xbdzO\xc6\
p\xf8Yr\xff\xfe}\x01\xdd\xfa\x9f<y2\xd72\
\xbf\x06<Ob/?\x1f\xc7\xeao\x84\xb9\x8c\x04x\
_\x04e.\x9d\xd7\x1bG\x8e\x1c\x99\x03\xbe\x9f\xc3~\
\xb0\xb8\xb8X\xd6\xbd{\xf7|\x0b\x9fY\x1d\x11\x11\x91\
\xf1\xe6\x9bo\x16\xf0\xa1\xfe-[\xb6T\xc0\x5cF\xa1\
R\xa9\xd4\x03\x07\x0e|2\xaf\xf7\xf7\xf7W\x1e>|\
8\xdbA_hX\xb9re\x8e\xc5\xfa\xab\x11x@\
\xe6\x8a\xda\xabW\xaf\x0ak\xd6\xac)\xe7r\xfd\xc9\xdc\
\xe5\x8f?\xfe\x90\x94\xd61::\xba\xa8Z\xb5jO\
r\xb3u\xea\xd4)\x1f\xe6~\x12;}^\x11\xf4y\
Ot\x06?\xcb\xe2\xe3\xe3K\xfbN\xdd\xcc\x993\x0b\
\x19\xe8\x13X\xab?\xcc]\xa4d\x0ec1\xaf\xd7~\
\xfe\xf9\xe7\xd9\xd4\xffr\xbdk\x7f\xfe\xf9\xe7\x8c\xb2r\
\x1f\x11\xbf\xf7\xe3\x8f?~rO)\xb9Ks\xf9\xf2\
\xe5y\x96>sNN\x8e\xac]\xbbv\xc5\x5c\xac?\
\xd8Y}\xf6\xec\xd9g\xc6\xb9\xdd\xbbw\xe7\x93<\x13\
\xa5\xbfW\xbf~}\xd1\x83\x07\x0f\x0a\xca\xe8\xf3\xf2\x81\
\xeb\x0a\x8b\xf5A\xe5\xc5\x8b\x17\xad\x7f\xcf\x18\x1e\x1e^\
\x04\xedL\xcb\xb1\xfa\x1b'M\x9aT\x046\xd4Y\xe5\
\xeaQ\xf4\xec\xd9\xd3zm\x8f\xf4\x85\xd9$o\xa4e\
\x9f\xd7\xa3G\x0f\xeb|\xf4\xc61c\xc6\x14\x80\xef\xa8\
\xb6\xba\xcbH=x\xf0`1\x97\xea_\xa7N\x1d1\
\xccm\xad\xc77\xe3\x9a5k\xc8\x1c\xe6\x99\xb5]\xd2\
\x17\x1e:t\xa8\xf4\xce.\xc3\xaaU\xabr\xcb\xdas\
\x22m\xe0\xf4\xe9\xd3\x822\xee\xd2*&\xed\x8d+\xf5\
\xaf[\xb7\xae\xf8\xe1\xc3\x87\xd6\xf7\x9e\x187n\xdcX\
H\xceu\xdb\xf0\x0b\x0baNX\x9c\x92\x92\x22j\xd2\
\xa4\x89\xd8\x06\xa7\xb4\xe7\xcf\x9f\x7ff\xdex\xea\xd4)\
\xe9s\xcf=\xa7\xe5R\xfb\x87yN\xaeu[\x85\xbe\
P\x19\x16\x16fk\x1e\xab\xff\xfe\xfb\xef\xd3'L\x98\
\x90mc\xdd\xd3\xf8\xd9g\x9fI\x81Sz+\xff@\
\xdd\xa7O\x1f\x19\xd7\xfa?\xd2V\xa3\xa2\xa2\xf2\xcb\xb8\
{Q\x08vT\xda\x98\x1b\xcb\xfd\xfc\xfc\xca<\x07\xd3\
\xbcysebb\xa2u\xaeN\xe3\xda\xb5k%\x15\
+V\xd4sq\xfc\xeb\xd6\xad[\xa1X,\x96Y\xdd\
\xfdI\xc6@\xa7\xc6m\xe0\x0c\xc9\xb3%\xb6\xf6\x95\x80\
+\x8a\x17^xA\xc9a\xffO\xb7l\xd9\xb2\x5c\xeb\
\xb9NjjjqHH\x08\xedq\x1b\xfc_\x09\xe8\
Qi\xa5Gr?\xa4\x84\x81=\x02V\xfd\xdfF\x8d\
\x1aI\x12\x12\x12\xac\xef\xc42\xac[\xb7\x8e\xf4\x85\x0e\
\xf7\xf9`\xde\xa3>v\xec\x98\xb0\x0c\x1e\x15\xd7\xa8Q\
C\xcd\x87\xf9\xcf\xb8q\xe3r\xad\xf3\x09I\xa5Re\
\xaf^\xbd\x8ah\xf4\xa3d\xcc\x7f\xea\xce\x08\xb9\x5c\xae\
\x1e0`\x80\x84/\xf3_\xb0\xa1\xe2\xc4\x89\x13\xf9e\
\xe4\xb0\x22k\xdb6\xcf\xfd\x05\x07\x07Ka\x1c\xb5n\
;\xc6\xcd\x9b7\x8b\xc0\xe7\xd3\xf1i\xfd\x038\x5c@\
\xfc:+\x1f_\x0bc\x9a\xd0\x06\x87\xf5\x8b\x16-\xca\
\xb7\xee;233\xe5\xad[\xb7\x96Q\xfc[\xff\xd1\
\x12\xbf\xcez\xcd?99Y\xda\xa2E\x8bg\xea\xd3\
\xa5K\x97\x22\xa1Ph\x9d\x7fH\xf7\xf5\xd7_\x0b\x19\
^\x07\xf2\xd8\xfaW\xd3\xa6M%P_\xeb\x5c\xc3\x06\
\x18\xc3\x8b,\xc7p\xf0\x87\xd5\xe0\x0f\x17X\x8fw0\
\xe7\x17\xd7\xaaU\x8b\xe9\xbd O\xae\xff\x91yQ>\
\x99\xdbZ\xf5\x85*\xf0\xe1$\x16\xf3\xa1|\xeb;,\
U C\x87\x0e\xe5\xfd\xfa'\xf8\xe9J\xe8\xf7\x9e\x99\
\xc3\xc0\x5cY\x02}\xa1\x06\xe6\x0e\xb2{\xf7\xeeY\x8f\
w\xc6\x88\x88\x08\x01\x83k~^\xdd\xff\x82qO\x08\
6WX\xf5\x85:\xf0\x0b\x85s\xe7\xce}\xc6_\xca\
\xcd\xcd\x95\xfd\xdf\xff\xfd\x1f[\xfb\xc0\x1e\xaf?\x99\x03\
\x82\xffS`\xdd\x17\x16\x15\x15I\xad\xc7\x08\xa2\x8b\xd9\
\xb3g\x0b|i\xff\x93*\xb9G\xa38--\xcd\xe1\
>\xc8\xcd\x9b7\xc5,\xdf\xd9\xe9\xb5\xf8\x07\xf0\xdf\x05\
\xc4\x8f\xb7s?\xaa\xfa\xad\xb7\xdeb;\xa7\xbc\xd7\xe2\
_\xc8\xfd\xe7\xff\xfe\xfb\xaf\xad\xdc\xfb\xc6={\xf6\x14\
\xc1|X\xeb\xab\xf5'\x00?^\x0c\xfe\xfc3\xfb \
\xf9\xf9\xf9\x8a\xd0\xd0\xd0b\x0f\x94\xc1\xab\xf5'~<\
\xf8\xf3EV\xbe\x8e~\xde\xbcyE\x94g\xf2\x1cz\
\xb5\xfe\x04\xadZ\xb5\x92\xa6\xa7\xa7?\xf1ucbb\
\x8a\xeb\xd7\xaf\xaf\xf4\xd0\xfbm\xc5?\xce\xf1`\x0c\xaa\
a\xca\x94)y%W\x16j\xb4\xe0\xffy2\xfe\x95\
\xf4/\xc3\xbd\x1d\xff\x0c~\xa1\xfc\xfc\xf9\xf3Y\xe0\xf7\
\x8b\x02\x02\x02<y\xde\x82\xf8U\xdd\xca\xa8\xff\xcb\x00\
\x8f\xdeg\x02>^V\x9b6m<}\x87\xca=\xc0\
\xf3e\xd4\xbf*\xe0\x88\x87\xcbb\xa4<\x9fk\xeeW\
;\xe7_\xfa\xf9\xf8\xf9\x17\x12S\xd6\xce\xc1\xf9\xa7\xef\
(\x1e\xe4\xaau\x91\xf7\xef\xd38\xff\x16`>\x03V\
\xe4Cu'\xe7\x9e>\xa4\xec\xe7\x08\xb5n\x07$g\
\xf1_\xe6\xb3sF\x1e\xd6\x99\xf8Rd_5\xdc\xdc\
\xb7\xbb\x22\xa4-t2\x8f\x8d\xb3\xcd>\x12\x1f0\x13\
0\x86*\xc9%\xe4G\xa1\xa0\xd8\x10s^\x01\x939\
\x07Ai\x8e\x91\xd2\xfc\x22\xa59D*\xcd/\xf9\x7f\
\x05\xfc??\xfe_j\xb7R;\x96\xda\xb5\xd4\xce\x96\
y\x22\xc8\x81\xd8q\x94E\x9e\x88\x96\xe5\x8a\x02\xf5\xcd\
*\xe8\xeee\x902\xd4v\xa2\xdc-\x00\x8b\x01\xf7\xcd\
\xbe\x8a\xcc\xcb e\xb8a\x9eG;\xca\xc7\xdc\xd9\xfc\
\xbb\x5c\xf5\x1d\xce\x9b\xc7\xce\xb2\xa4\x11\xe0\x12\x0f\xfc\x9f\
\x936\xda\xd3\x0f<\xf2\xdf>\xb5*{-\xc0u\x16\
\xe6\xe1\xd2\x96-[\xb2q\xf6\xd2\xfa^\x042\xf7b\
4\xaf=\x89\x83;y\xf2d\xf1\x9e={\x8a\xfd\xfc\
\xfc\x98>G\x1e\x0f\x08\xb6(\x7f'\x8a\xd9\x5c\xad\xc6\
\x89\x13'>\x8eqS\xab\xd5\xba\xb7\xdf~[\xc6p\
\xf9S\xa9\xa7\xcf\xfa\x93\xf23\xb6\xd6\xd6\xbcysU\
bb\xa2\xd2b\xefFQ\xbf~}\x0d\x1f\xca_\xb1\
bE\xc3\xea\xd5\xab\xa5V\xeb\xd0\x86\xb9s\xe7\xca\x18\
\x9c\xef\xb1V\xfe\xde\xbd{\xcb\x8a\x8b\x8b5\xd6\xfb\x08\
yyy\xea\xd0\xd0P\x05\x97\xcb\x0f\x9c\xd5\x9c:u\
\xca\xe6^\xe0\x9f\x7f\xfe)&w`s\xb4\xfc\x84\xb3\
\xcf\xc4z[\xc5.\xa8\x87\x0c\x19\x22\xe4b\xf9\x9b6\
m*MJJ\x92:\xda\x87\xbdv\xedZa\x8d\x1a\
5\xa4\x1c+?9\x13Q@\xe7\x1c1933m\
\xda\xb4\x0c7\xf7\x94\x98.\xbf~\xc9\x92%\x02\x9a\xe5\
\xd7M\x9f>=\x8fc\xe5\xb7>\x93cS\xae^\xbd\
ZT\xb3fM\x05\x17\xdaO\x85\x0a\x15\x8c\xed\xdb\xb7\
\x97\xfb\xfb\xfb\x1b\xcc\xf1\x99B\xbd^\xaf\xb5\xc3_\xd5\
\x9bo\xbe)4\xc7hk\xdd\xb8s\x96\x91\xf2\xb7m\
\xdbV}\xf7\xee]Y\xbf~\xfd\xe4\xe6\xf8J\xd5\xf1\
\xe3\xc7\x85\xb6\xf6\xd1\xc3\xc3\xc3\x85\xa5gd\xde{\xef\
\xbd\xe2\xcb\x97/\x0b\x82\x83\x83\x95\xde(?9\x13\xb6\
e\xcb\x169)\xd7\xe9\xd3\xa7\xa5AAAjs|\
d\x119\x1fc]\xf8\xec\xeclY\x9b6m\x1e\xef\
\x83\x83/\xa1\xbas\xe7\x0e\xf9[\xc3\xc2\x85\x0b\xc5.\
p\xc1\xed\xf2\x0f\x1a4H!\x97\xcb\xb5\xa5\xf1\x9b\xd0\
v\x04f\xff@\xb7b\xc5\x0a\xeb\xbeH\xff\xed\xb7\xdf\
\x96\xc6+\x1ag\xcd\x9a%,\x8dm\x12\x08\x04\xaa\x97\
_~Y\xee\xc9\xf2C\xff\xad\x8d\x8e\x8e\x96?\xe9P\
@>\xf8\xe0\x83'1\xe4\xc0eiBB\x82\xc4F\
\xbc\xa1\xf1\xeb\xaf\xbf.\xb2\x8c\xcd:p\xe0\x80\x14\xf8\
\xa0\xf3P\xf9\x8d\x13&L \xf12z\x8b{\xe7\xa5\
U\xabV\xd5Z\xc5Z\x17\x12\xbb\x98\xc7\xdc\xa7xJ\
\xce\xe0\xde\xbbw\xef\xc9X\xa7\xd1h\x9c\xf5\xb1\xdd*\
\x7fi\xd9,\xe2\x9f\x8b\x89\xefc\x1d\xef\x0e\xf5\x12\x82\
\xcf#\xb4\xf6y\x1a6l\xa8\x8d\x8d\x8dUY\xf4K\
\xbaa\xc3\x86)<\xd5~\xa0\xac*\xf0\xd3D\x961\
{\x93&M\x12[\xfb\xc7\xc0WQ\x8b\x16-\xac\xe7\
EF\xe0\xac\xc2\xd2\xbf\x86:\x92\xf3.zO\xf2\xf7\
\x8d7\xde\x10\x93x\xd3\xd22\xc0|E\xde\xacY3\
\x87:\xec\xdc\xb9\xb3\xb2\xa0\xa0@c\x11\x93\xa8\xee\xd0\
\xa1\x83\xca\xd3\xfd\x0f93A\xce\xd1Y\xe8\xd1\xb8j\
\xd5*19#c\xebo`\x9c\xd3\xed\xdb\xb7\xcf\xd2\
\xc73\xcc\x993\xc7\x95y\x0d#\xe3\x17\x89\xf7NI\
I\x91Z\x9c\x8bT\xf7\xec\xd9\xd3\xa6o\xf9\xd6[o\
I`>\xfc\x847\xb7n\xddru^\xc9\x94\xffc\
\x9c<y\xb2\xd02v\x0f\xc6\xdfg\xb8L\x95\x9c\x85\
T\xc2<\xb8\xd8\x22\xa6O\xf7\xee\xbb\xef\xca\xbc\xed\xbf\
\x91s\x17\xe7\xce\x9d{\xc2e\xf0\x7ft\x1f\x7f\xfcq\
\xb1U\x9b0\xcc\x9e=\xfb\xa9>\x7f\xff\xfe\xfd\xce\xf6\
\xf9\xac\xf9\x9f$O\x1e\xc9\x97WZ6\xf0C\x15\xc0\
e\x95\xe5:VNN\xce\x93\xf1\xae\xb0\xb0P\x05<\
\x96s\xc5\x7f&y\x0e\xff\xf8\xe3\x0f\xcb\xd87\xe3\xca\
\x95+\xa5\xc0e\x03\xc9\x95\xb0s\xe7N\x91\xc5w\xc4\
\xe7\x91p\xcd\xffo\xd9\xb2\xa5,==\xfd\x89\x8e\xc5\
b\xb1\xa6G\x8f\x1er\xf0\x93\xc4J\xa5\xf2I\x0c\xff\
\xfd\xfb\xf7e\x0d\x1a4Prq\xfe\x0e\xf3B\x91\xa5\
_\x01\xfeq1\xf8\x99O\xfc \xadV\xab\x1b3f\
L1W\xd7O\xc89\xb8\x8b\x17/Z\xf6\xefF\xcb\
q\xf6\xc8\x91#\xc5\x81\x81\x81\x5c]?)\xf5\xab\xa5\
\x0a\x85\xe2\x99\xf5+\xa1P\xa8\xee\xd6\xad\x1bS\xeb\xa0\
\xac\x95\x9f\xcck\xb6n\xddZl\xb5~h\xfc\xf5\xd7\
_\x8b\x19\x8cceu\xfd\x16\xe6\x95\x8a\xcc\xcc\xcc'\
\xfd\xe9\xc3\x87\x0f\x150'`\xf2^\xbe\xb2\xca\xcf\xe8\
\xfa\xf9\x8c\x193\x08o\xf50\xb5\xd1\x83\xbf-e8\
V'\xc5\xaa\xfcm\x99\xde\xbf\x00.\xab\xa0\xff)\x02\
\x7fBf5\xb7a\x02\xb1T\xc9\x9dZ\x96\xfbG\x8c\
\xdfC\xdd\xb5k\xd7\xc2N\x9d:\xb1\x11\xbb~\x88z\
6g9\x1byz\xd9\x88\xc3$\xfe\xf9X\x1e\xef\x9f\
\x92X\xd8\x1a6\xf6\x80C9\x5c\x07b\xc7\xa3\x80\x10\
\x07{\xf0\x8d\xcc1md?5\xdf\xdc\xafz\x13$\
V\x8f\xdc\xb5G\xee\xa7\xad\xe3D\x1c\x04\xe1t\x1bs\
\xdf\xeaM\xbch\xa7\xbd\xf0^\x1e\xc7\x0fA\xed\x1e\xc7\
\x15U*\x092$\xd1\xa4\xa5\xffGqO\xac\xf5Y\
\xaa\xe7R\xbd\x93\x06N\xa2\xb3z[\xc6i\xd1\xbb\x19\
\xb1\x829\x06\xa1\x0a\x0b\xb0gy\x12w\xfa\x1f\xc06\
s,\xca)\x86A\x9e\xb9\x91*\xb9+\xb2\xb2\xd5\xbb\
+\x9b\xe3\x90\x14\x1e\xe8o\x89\xcf\xf5-\xf5\xf4\xdd\xa0\
\x03\xcd1Q\xae\xf4\xdd\xae\x94\x81\xac\xfb\xf6\xb4x\xff\
\x06W\x9e\xf3\xea\xab\xaf*\xc1\x8fqu\xce\xfa\x8b\xf9\
\xdd\xc4_\x89r\xc1\x0f\xd4]\xb8pA\xf5\xcf?\xff\
\xa8\xc0\x0ft%\xbfO\xb8\xb9=\x92\xf7\x1fsaN\
\xac\x849\xb1\x01\xfch\xc3\x84\x09\x13\x5c\x99\x03\xecp\
\xf5\xfd/\xbe\xf8\xa2&--\xed\xc9\x5c0..N\
\xd3\xb4iS\xad'\xdeO\xe6q\x1b7n\x94[\xcf\
\xe3\x96,Y\x22sr\x1e\xe7\xd2\xfb\x07\x0e\x1c(\x97\
\xc9d\xda2\xe6\xc1\xaaW^y\xa5\x98\xcd\xf7\x93\xb3\
\x98\x87\x0e\x1d\xb2\xb9\x97\x0b\xf3\xdb2\xf3\xb71X\x7f\
r&\xfa\x99\x1c_\xa5{Uc\xc7\x8e-v\xa2O\
p\xea\xfd\xadZ\xb5\xd2\xbc\xf4\xd2Kj\x12?v\xee\
\xdc\xb9gr\xac\xfd\xfd\xf7\xdfR\x7f\x7f\x7f-\xfc\x8e\
\xbcQ\xa3F*&\xdf\xef\xe7\xe7g\x88\x88\x88P\xc3\
\x9cO\x19\x18\x18\xa8\x0b\x0b\x0b\x83& \xd3X\xd8^\
\x03s*\x05\xe9\x13.^\xbc\xa8X\xbdz\xb5\x9c\xac\
\x112\xf5\xfea\xc3\x86\xa9\x95J\xa5\x9e\xacs\xf5\xef\
\xdf\x9f\xac\x8f\xea7l\xd8P\x9a\xb7\xd3\xf8\xcb/\xbf\
\x90>\xdd@\xd6\xad\xc9:\x99D\x22\xd1\xf5\xea\xd5K\
\xc5\xc4\xfb\xabU\xab\xa6\xf9\xf7\xdf\x7f\x95f\x9e\xab\x9b\
4i\xf2x\x0d\xfd\x85\x17^P\xa4\xa7\xa7+\xe1\xdf\
\x94\xa0o\xb5y_I\x95\x95\x95\xf5xM\xf1\xd8\xb1\
c\xaa*U\xaa\xe8\xdd}?\xc9\xb9Q\x9aS/>\
>\x9e\xbc\xbf\xf4\xac\x97\xf1\x93O>\x91\x8c\x1e=\xba\
\xd8b=Y\x0b\xef\xd7\x99\xdb\x83\x1a\xdeo`B\xff\
\x84\xf3\xe6=e\xe3\xd2\xa5K\xe5\xa5\xfd\x0c\xe1c\xe9\
\xfd\x0f\x95+W6\x00\xff\xd4\xe6<\x11\xba\x1e=z\
h\x98\xb2?y\xc7\xe6\xcd\x9be\xe6gk\xbbw\xef\
\xae,c}N\x09e\xd4\x99\xcb\xa8\xa2\xc1C\xa7\xf8\
\x07}\xbe2##\xe3\xf1\xdaSdd\xa4\xd2r\xcc\
3\xef[+J\xc7\x82f\xcd\x9aiY\xe8\x7f\x8c\xd3\
\xa7O'k\xa8\x8f\xc7\xbc\x8f>\xfaHi\xd1'\x91\
vo\xd0\xeb\xf5\x06h\x13J\xb6\xfa\xbfZ\xb5ji\
.]\xba\xf4\xb8\x9e\x0f\x1e<\xd0@\xbb\xd7\xb6h\xd1\
B\x95\x92\x92\xa22\xefw+\xa1\xbd\xb2\xd9\xff\x9a\x86\
\x0c\x19\xa2\x00y\xdc\xc6W\xacX\xa1\x80~\xe0qL\
\xa4\x99\xf3J\xb6\xc7?h\xe7\xfa\xf0\xf0pE\xe9^\
\x19\xd9\xa3'?C\x9f\xa7\xa0\xd1\xe71\xe2\x7f\x00\xcf\
\xd5\xc0s\x8dE\x1ebMHH\x88\xc6S\xfe\x0fi\
s\xdf}\xf7\x1d\xe9\x13\x8d0\x16\x92\xb3\xf1J\x17|\
a\xcb\xf7\x1fu\xd6\x7f\xabS\xa7\x8e\xf6\xfa\xf5\xeb\x0a\
\xe8\x1bU\xd5\xabWwe\xbfo\xbb\x85\xff\xfd\x87+\
>4\xb4\xb7b\xe8\xe7\x5c\x9d\xb3,\xb0x\xff 7\
\xe6\x1f\xae\xccAHL\xd0\xabV\xf3\xaf\xef],\x83\
+s\x9f\xa9\xd4\xb3w\xdaU6\xcf\xc3\xd6\x9b\xdb\xc3\
1\x86\x11\x09Xc\x9e\x92Wt0\x07\xf7g\x09e\
\xad#xm5\x86\xbc\xbb\x8d\xf9\xc0@G\xcbu\x8a\
*v\xff\x8c\xd8\xa9\xa5\xf9L\x90;\x08\xb1\x9a\x83\x97\
\x9e\xedZc\xde\x87)p\x13d/d\xb9\xc5\xda$\
y\xd7J\x16\xda\xf3bs?F\x94\x97D3\xc6G\
\xfd\xdak\xaf\xd1=\xb3\x7f\xdfl\xa2\x97\x00y\x8e~\
\xbfv\xed\xda\xfa+W\xaeh\xce\x9e=\xab\x81~\x91\
\xce\xbc<\xd5l\x0b:\xcf7~\xf3\xcd7js\xbf\
ObL\xe8\x8c9)t\x9f\xdf\xb6m[\x0d\xf8X\
O\xe6\x96\x09\x09\x09\x1a\xf0/4L<\x9f\x9c\x9f\x00\
\x1f\xf2\x99\xfc\xc4\xcb\x97/w\xb4\xffI\xb7\xfc\x06\x98\
\x97\x97\xf5|\x19\xf5\xbf|\xfa.=\xff\xf9\xe7\x9f\xd7\
\x0f\x180@M\xe6\x170\xe7\xd0X\xc4\x93\xa8a\xdc\
W\xc3\x9cH\x01\xbe\x99\xce\xc5\xe7\x1b\xbf\xff\xfe\xfb\xc7\
\xeb\x190\xa7Q\x7f\xf9\xe5\x97\x8f\xe3W\x89/9a\
\xc2\x04%\xf15\xb2\xb3\xb3\xc9\xbf\xab\x5cy>Y+\
\x81\xbf\xd7\x01\xb4\xf0|-\xb4I\xed\xe5\xcb\x97I\x9e\
\xf4\xc7\xf3\xa3\xf6\xed\xdbk`\xfe\xa8\x03\x1fR\x07\xb6\
\xd69\xfb|\x98\x17?\xf6\x85rrrt\xed\xda\xb5\
{\xdcVz\xf6\xec\xa9\xe8\xd6\xad\x9b\xd2\xbc\xd7\xa7\x83\
9\x83>11Q\xd7\xbcys\xbd+\xfa\x816O\
|\x1d2\xbfQ\x91yN\xe9\x98\x1b\x10\x10`\xd8\xb7\
o\x1f\xb1\x07\xc9\xfd\xadq\xd5\xbe\xc0Y-p\x96\x84\
q\xeb\x07\x0f\x1e\xfc\xa4_\x80\xf9\xac\x8a\xec\x13\x9f9\
sFk\x87\xcb\xb4\xda\xe7\xd0\xa1C\x95\xe0\xab\xeaa\
~\xae\xa9Y\xb3\xa6\xben\xdd\xba\xba[\xb7n\xa9a\
\xce\xa4\xef\xd7\xaf\x9f\xc6\xdd\xf6O\xf4\xb2c\xc7\x8e\xc7\
>\xe1\x8c\x193\xd4\xd0\xa6\x08\x17\x0c\xe0\x9f\xab\x09\xf7\
\x98\xe8\x1fH[!v\x16\x8b\xc5\xba\xe2\xe2b\x1d\xb4\
Ym\xeb\xd6\xad\xb5L\xf5?\xc4\xae\xb3g\xcfV\x97\
\xae+@\x9bW\xd3\xf0\xaf\x9cy>\x89\xf1\xd5\xdf\xbc\
ySSj\x07'\xfa\xcf\x16t\xc7\x17\xb0\xa7\xa2w\
\xef\xdet\xd7D\xef\x9a\xc7]\xb6\xc6GK?\x97\xec\
\xed\xaf0\xd7#\xcf\x06rm\xfcl\x8d\x04\xf3\x1av\
-+\x1f\xa2\x92y,~\xc9M4\xa3\xe1'2&\
m\xcc\xdbC\xcd-\xfd\xb0\xca6\x7f\xbd\x15Ur7\
\xf8L\xf3^\x86=\x90\xdf\x99l\xb1\xbf\xfc\x02\xe0\xa2\
\xc5\xdc\x81\x0e\x08\x7f\xcf\x9bu2\xc9\xd6x\x09\xe3\x90\
\xb6O\x9f>\xb6\xf8H\xfa\xf6\x0f\x003\xca\xe2\x14\xf4\
G\x06\x98\xcf\x91\xf5C\x1d\x8ce\x06\x1b\xf1\x09\xe4\xdd\
\xd3\xcb\xf8{\xc2[MI\xday\xa3\xf1\xab\xaf\xbe*\
\x8b\xb76\xff\xde\xdf\xdf_\x7f\xec\xd8\xb1'\xe3\xea\xa1\
C\x87Te\xdckZ\xe6\xdfW\xadZ\x95\xdc\x8d\xac\
\x19;v\xacJ\xa1P\x18\xa4R\xa9a\xf4\xe8\xd1\xaa\
Q\xa3F\xa9\x02\x03\x03\x8d\x8e\xfe~\xf8\xf0\xe1Z\x18\
\x9b\xb40\xb6k\xb6o\xdf\xae\xfe\xe3\x8f?4\xa4\x9f\
\x83\xf1P;h\xd0 \x9d\xa3\xbf\x1f6l\x98\x06\xc6\
?\xed\xab\xaf\xbe\xaa#\xf1\xf7\xc1\xc1\xc1:\xe0\xbe\x1e\
\xc6[\xe23\xe8\x1d\xfd=Y\xdb\xdd\xb5k\x97\xe6\xef\
\xbf\xff\xd6\x82\x1e\x8cd\xcd\xf0\xf8\xf1\xe3\xdam\xdb\xb6\
\xe9\xa0O7\xd2\xd1_\x87\x0e\x1d\xb4\xa4\xbcc\xc6\x8c\
\xd1\x8e\x1f?^\x93\x94\x94\xa4\x85\xb1X\xef\x8c\xfd\xe6\
\xcc\x99C\x9e\xa1KMM\xd5\xce\x9c9Sk\xc7\xfe\
e\xb6\x9f\xfa\xf5\xeb\xeb\xef\xdc\xb9\xa3\xbbv\xed\x9a\xae\
N\x9d:\xf6\xda\xcf\xa7\xb6\xda/\x8c\xbd\x1a\xd0\x99\xad\
\xf6K\xfe}\x8c\x99?\x17J\xcf\xcc\x94\xc1\x13[\xff\
~\xc6\x226+\xc4\xa2.\xd3\x1d\x80\xfc\xceDs\xd7\
\xe0\xb6\xfc?o\xf7\xae\x13\
\x00\x00Pz\
<\
svg xmlns=\x22http:\
//www.w3.org/200\
0/svg\x22 width=\x2232\
02.013\x22 height=\x22\
1392.257\x22 xmlns:\
v=\x22https://vecta\
.io/nano\x22><path \
d=\x22M390.254 1311\
.755l-48.199-80.\
502 48.583-81.13\
3 48.583-81.133 \
48.408 80.883 47\
.944 82.091c-1.1\
15 2.907-95.782 \
160.294-96.415 1\
60.294-.388 0-22\
.394-36.226-48.9\
04-80.502zm1562.\
034 79.448c-4.23\
1-.896-7.573-3.1\
55-10.619-7.175-\
1.363-1.799-23.8\
72-38.933-50.02-\
82.521l-47.542-7\
9.25 19.703.015 \
19.703.015 35.76\
8 60.735 36.589 \
62.033c.548.867 \
12.907-19.297 37\
.232-60.749l36.4\
11-62.047h18.762\
 18.763l-2.59 4.\
102c-1.424 2.256\
-23.074 38.144-4\
8.11 79.75l-47.9\
63 78.884c-3.901\
 5.167-9.962 7.5\
07-16.087 6.209z\
m-754.828-1.299c\
-1.679-.762-29.0\
05-27.431-60.724\
-59.266l-57.671-\
57.881-.026 58.2\
5-.026 58.25h-15\
.523-15.524l.274\
-78.75c.252-72.5\
43.41-79 2.008-8\
1.921 3.66-6.69 \
11.851-9.775 19.\
367-7.295 3.01.9\
94 16.316 13.597\
 61.867 58.604l5\
8.031 57.338.258\
-57.988.258-57.9\
88h15.492 15.492\
v77.634l-1.14 81\
.44c-.627 2.093-\
2.647 5.266-4.48\
9 7.051-2.855 2.\
767-4.198 3.294-\
9.11 3.576-3.464\
.199-6.979-.222-\
8.814-1.054zm106\
.053-2.221c-36.8\
06-9.007-60.581-\
38.14-63.138-77.\
364-2.459-37.72 \
16.085-68.901 48\
.745-81.964 12.4\
84-4.994 18.289-\
5.599 53.393-5.5\
73 35.028.027 37\
.938.381 53.138 \
6.467 18.267 7.3\
14 33.056 22.103\
 40.37 40.37 13.\
648 34.084 6.012\
 74.082-18.669 9\
7.786-9.645 9.26\
4-20.37 15.222-3\
5.325 19.623-7.9\
14 2.329-69.571 \
2.843-78.515.655\
zm74.749-33.183c\
22.9-8.501 36.06\
8-33.13 31.407-5\
8.743-1.771-9.73\
3-4.13-15.321-9.\
43-22.346-7.651-\
10.139-18.279-16\
.157-32.053-18.1\
5-10.033-1.451-4\
7.305-1.179-56.2\
14.411-25.187 4.\
494-41.668 27.04\
1-39.511 54.054 \
1.846 23.116 15.\
209 40.314 35.55\
3 45.756 5.607 1\
.5 10.482 1.698 \
35.5 1.445 26.72\
7-.271 29.451-.4\
61 34.749-2.428z\
m132.751-32.743v\
-67.5h-31-31v-16\
-16h78 78v15.986\
 15.986l-30.75.2\
64-30.75.264-.25\
7 67.25-.257 67.\
25h-15.993-15.99\
3zm164.282 66.20\
8c.674-1.756 94.\
429-157.492 96.9\
13-160.981 2.605\
-3.66 8.791-6.72\
7 13.565-6.727 4\
.708 0 10.859 3.\
764 14.012 8.572\
 3.737 5.701 96.\
228 159.443 96.2\
28 159.954 0 .26\
1-8.662.465-19.2\
5.454l-19.25-.02\
-12-20.456-12-20\
.456-39.636-.275\
-39.636-.274 7.6\
36-13.217 7.636-\
13.217 23.727-.2\
83 23.727-.283-1\
6.212-27.289c-12\
.369-20.82-16.45\
2-26.957-17.227-\
25.889-.558.77-1\
6.99 28.454-36.5\
15 61.52l-35.5 6\
0.12-18.357.018c\
-14.6.014-18.256\
-.246-17.861-1.2\
74zm342 0c.674-1\
.756 94.429-157.\
492 96.913-160.9\
81 2.605-3.66 8.\
791-6.727 13.565\
-6.727 4.708 0 1\
0.859 3.764 14.0\
12 8.572 3.737 5\
.701 96.228 159.\
443 96.228 159.9\
54 0 .261-8.662.\
465-19.25.454l-1\
9.25-.02-12-20.4\
56-12-20.456-39.\
636-.275-39.636-\
.274 7.636-13.21\
7 7.636-13.217 2\
3.727-.283 23.72\
7-.283-16.212-27\
.289c-12.369-20.\
82-16.452-26.957\
-17.227-25.889-.\
558.77-16.99 28.\
454-36.515 61.52\
l-35.5 60.12-18.\
357.018c-14.6.01\
4-18.256-.246-17\
.861-1.274zm235.\
718-82.208v-83.5\
h16 16v83.5 83.5\
h-16-16zm59 0v-8\
3.5h16 16v67.5 6\
7.5h55 55v16 16h\
-71-71zm147.282 \
82.208c.674-1.75\
6 94.429-157.492\
 96.913-160.981 \
2.605-3.66 8.791\
-6.727 13.565-6.\
727 4.708 0 10.8\
59 3.764 14.012 \
8.572 3.737 5.70\
1 96.228 159.443\
 96.228 159.954 \
0 .261-8.662.465\
-19.25.454l-19.2\
5-.02-12-20.456-\
12-20.456-39.636\
-.275-39.636-.27\
4 7.636-13.217 7\
.636-13.217 23.7\
27-.283 23.727-.\
283-16.212-27.28\
9c-12.369-20.82-\
16.452-26.957-17\
.227-25.889-.558\
.77-16.99 28.454\
-36.515 61.52l-3\
5.5 60.12-18.357\
.018c-14.6.014-1\
8.256-.246-17.86\
1-1.274zm233.718\
-82.259v-83.552l\
67.75.365c74.65.\
402 73.553.315 8\
6.83 6.852 11.44\
9 5.636 18.397 1\
4.56 21.044 27.0\
27 3.626 17.082-\
1.706 34.003-13.\
21 41.918l-4.529\
 3.116 4.307 2.7\
37c16.147 10.26 \
21.853 32.856 13\
.759 54.488-5.74\
8 15.362-19.486 \
26.288-37.304 29\
.667-2.737.519-3\
4.587.933-71.784\
.933h-66.863zm13\
2.118 49.746c4.7\
64-1.6 9.699-5.0\
21 12.291-8.518 \
1.637-2.209 2.09\
2-4.291 2.092-9.\
573 0-8.303-2.72\
9-13.005-9.5-16.\
368-4.404-2.188-\
5.376-2.242-45.7\
5-2.546l-41.25-.\
31v-13.94-13.94l\
40.75-.022c38.19\
8-.021 41.018-.1\
44 45.034-1.966 \
11.137-5.055 11-\
25.123-.205-30.0\
8-7.411-3.278-16\
.868-3.892-60.32\
9-3.912l-42.25-.\
02v51.545 51.545\
l47.75-.341c34.0\
03-.243 48.791-.\
69 51.368-1.556z\
m68.882-49.694v-\
83.5h16 16v67.5 \
67.5h55 55v16 16\
h-71-71zm159 0v-\
83.5h74.5 74.5v1\
6 16h-58.5-58.5v\
51.5 51.5h58.5 5\
8.5v16 16h-74.5-\
74.5zm49-1.5v-14\
h47 47v14 14h-47\
-47zM287.2 1144.\
268l-28.291-46.9\
1 1.657-3.205c.9\
11-1.763 13.486-\
22.823 27.943-46\
.8 26.838-44.512\
 27.85-46.477 41\
.622-80.831 4.35\
9-10.873 5.193-1\
4.034 5.628-21.3\
3.846-14.214-1.3\
35-22.298-17.118\
-63.435-2.532-6.\
6-10.244-28.328-\
17.138-48.285-20\
.728-60.005-20.8\
5-60.215-54.88-9\
4.956-12.892-13.\
161-17.744-17.48\
-20.5-18.245-1.9\
86-.552-13.961-1\
.01-26.611-1.019\
-26.587-.018-36.\
799-.776-74.5-5.\
526-34.284-4.32-\
53.221-7.705-68-\
12.153-21.352-6.\
427-35.011-12.82\
5-49.257-23.069L\
0 672.926l1.667-\
2.585c11.435-17.\
726 39.185-42.83\
 57.811-52.298 1\
2.659-6.435 36.0\
43-10.876 88.331\
-16.773 61.979-6\
.991 74.317-9.84\
7 113.204-26.204\
 7.975-3.355 14.\
871-6.427 15.324\
-6.828s-1.15-3.8\
23-3.562-7.605c-\
16.098-25.238-23\
.172-46.5-23.082\
-69.376.098-24.8\
 7.323-48.77 18.\
543-61.517 5.803\
-6.593 20.02-18.\
383 30.048-24.92\
 28.426-18.529 6\
5.185-27.957 96.\
556-24.764 6.42.\
653 15.17 2.031 \
19.445 3.062s7.9\
67 1.559 8.205 1\
.174 17.094-54.3\
56 37.458-119.93\
7l59.767-191.797\
L542.457 0l4.348\
 4.802c2.391 2.6\
41 9.335 11.811 \
15.431 20.378 13\
.173 18.514 19.0\
15 24.427 29.468\
 29.824 11.757 6\
.071 19.999 8.68\
 44.833 14.192 3\
5.996 7.989 53.9\
53 14.256 83.477\
 29.132 40.681 2\
0.499 70.807 41.\
449 88.613 61.62\
6 19.149 21.699 \
30.324 38.779 67\
.912 103.802 31.\
164 53.911 45.63\
1 83.305 55.551 \
112.874 2.831 8.\
438 4.718 12.626\
 5.69 12.626 1.3\
42 0 20.455-4.99\
9 33.123-8.664 4\
.448-1.287 7.551\
-3.472 17.763-12\
.509l12.373-10.9\
51 18.738 2.169 \
19.035 2.443c.16\
4.151-6.136 5.97\
5-14 12.943-13.5\
2 11.98-14.488 1\
2.641-17.798 12.\
166-1.925-.276-9\
.163-1.056-16.08\
5-1.732-12.22-1.\
194-12.833-1.159\
-21.164 1.203l-8\
.58 2.432 9.664 \
7.729 13.5 11.01\
1 3.836 3.281-4.\
898 10.015c-2.69\
4 5.508-8.205 19\
.004-12.247 29.9\
89s-7.727 20.401\
-8.188 20.924-.8\
39-1.782-.839-5.\
168c0-9.585-.169\
-9.726-7.344-6.1\
3l-6.379 3.274c-\
.123.104 1.315 3\
.763 3.195 8.131\
 9.272 21.548 11\
.318 82.669 6.15\
8 183.943-3.391 \
66.541-5.24 85.0\
1-10.764 107.5-2\
.996 12.196-6.81\
7 24-7.77 24-.45\
 0-4.593-1.758-9\
.207-3.907s-10.3\
01-4.47-12.638-5\
.158-4.25-1.818-\
4.25-2.511.937-3\
.434 2.081-6.092\
c7.98-18.53 18.4\
35-54.642 19.995\
-69.065 3.12-28.\
846-5.008-63.029\
-22.851-96.099l-\
4.495-8.331 4.88\
5.67 10.385 1.49\
c3.34.498 5.893.\
444 6.5-.138.616\
-.591.99-10.629.\
973-26.159-.024-\
22.572-.363-27.7\
55-3.254-49.7-4.\
596-34.889-4.049\
-32.256-6.571-31\
.649-1.181.284-1\
2.686 2.155-25.5\
65 4.158-31.702 \
4.93-39.293 7.56\
7-68.555 23.819l\
-10.972 6.094 3.\
972.878c2.185.48\
3 18.259.673 35.\
722.422l31.75-.1\
71c0 .157-1.687 \
1.307-3.75 2.556\
-16.605 10.052-3\
3.955 27.167-51.\
514 50.816-27.42\
9 36.942-55.551 \
56.43-84.736 58.\
724-4.943.388-14\
.66-.207-28.5-1.\
748-23.688-2.636\
-53.903-3.161-64\
-1.111-8.121 1.6\
49-20.5 5.356-20\
.5 6.139 0 .349 \
4.162 3.09 9.25 \
6.089 10.629 6.2\
67 26.75 16.877 \
26.75 17.605 0 1\
.763-34.099 15.2\
42-50.005 19.767\
-22.239 6.326-53\
.698 11.547-69.9\
95 11.616-7.55.0\
32-10.268.855-9.\
493 2.874.341.88\
9 2.624 9.267 5.\
074 18.619 6.942\
 26.502 9.823 32\
.656 20.797 44.4\
15 3.382 3.624 1\
8.66 20.642 33.9\
5 37.818 25.272 \
28.388 27.773 31\
.515 27.487 34.3\
71-.297 2.961-2.\
471.714-37.719-3\
8.979l-38.165-42\
.121c-.418 0-1.9\
16 2.068-3.329 4\
.596s-7.246 11.1\
9-12.963 19.25c-\
12.04 16.975-13.\
899 20.378-16.57\
2 30.331-4.022 1\
4.98-4.568 22.72\
2-4.568 64.823 0\
 35.715.216 41.4\
2 1.827 48.291 1\
.706 7.273 5.121\
 13.257 51.365 9\
0l50.576 84.444c\
.912 1.962-2.41 \
7.983-27.215 49.\
335l-28.254 47.1\
01-17.035-28.335\
-17.47-29.91c-.2\
4-.866 4.262-9.3\
82 10.004-18.924\
l10.44-17.349-35\
.033-58.076-54.4\
26-90.326c-10.66\
6-17.737-19.705-\
32.248-20.087-32\
.245-.598 0-106.\
205 174.174-108.\
558 179.035-.66 \
1.365 1.63 5.933\
 9.718 19.381l10\
.582 17.596-17.0\
92 28.741-17.729\
 29.452c-.35.391\
-13.368-20.399-2\
8.928-46.2zm105.\
89-270.467l45.96\
2-75.5c.297-.024\
 13.106 20.768 2\
8.464 46.205 44.\
817 74.227 40.9 \
68.112 41.628 64\
.973.347-1.498.6\
85-15.372.75-30.\
833.113-26.806-1\
.106-46.979-3.95\
-65.39-1.693-10.\
96-.085-9.998-16\
.749-10.013-17.2\
13-.015-28.943-2\
.054-40.168-6.98\
-7.752-3.402-20.\
002-11.723-22.49\
1-15.276-.813-1.\
161-1.619-1.912-\
1.791-1.671l-5.8\
1 7.94c-3.023 4.\
125-8.058 11.38-\
11.189 16.123-12\
.808 19.402-31.9\
3 31.122-53.075 \
32.531-12.115.80\
7-20.757-1.329-3\
4.91-8.629-6.462\
-3.333-11.75-5.8\
45-11.75-5.582s2\
.235 7.889 4.967\
 16.946 5.893 21\
.113 7.024 26.79\
c2.976 14.924 6.\
227 24.161 15.24\
8 43.321 10.121 \
21.495 11.761 26\
.258 11.761 34.1\
57 0 3.489.147 6\
.343.328 6.343s2\
0.768-33.955 45.\
75-75.455zm-18.9\
68-55.786c6.438-\
3.265 22.89-18.0\
35 22.89-20.549 \
0-.758-2.787.168\
-7.219 2.4-12.41\
6 6.253-38.414 1\
5.539-53.245 19.\
019-5.734 1.345.\
433 2.228 16.073\
 2.301l15.11.07z\
m115.573-36.523c\
12.817-4.773 23.\
222-12.787 30.48\
2-23.478 3.688-5\
.43 8.251-14.677\
 7.576-15.352-.1\
71-.171-4.429.98\
1-9.463 2.559-11\
.611 3.64-24.895\
 5.917-43.277 7.\
417-8.955.731-13\
.546 1.446-12.00\
5 1.871 1.372.37\
8 11.947 1.654 2\
3.5 2.835s21.337\
 2.449 21.743 2.\
818c1.11 1.008-1\
1.649 5.683-20.7\
39 7.598-5.369 1\
.131-16.332 1.95\
7-33.338 2.512-1\
3.936.455-25.541\
 1.029-25.788 1.\
277-.806.806 8.9\
57 6.405 15.965 \
9.157 9.822 3.85\
7 13.805 4.487 2\
6.161 4.141 9.33\
5-.261 12.238-.7\
69 19.182-3.355z\
m-97.682-32.363c\
29.436-19.796 42\
.342-30.105 60.8\
43-48.601 16.229\
-16.224 16.339-1\
6.31 15.662-12.3\
05-.8 4.733-.852\
 4.721 11.744 2.\
657 4.263-.699 7\
.75-1.124 7.75-.\
945s-6.3 8.535-1\
4 18.569-14 18.5\
46-14 18.917c0 1\
.133 8.986 3.699\
 19 5.426 11.013\
 1.899 24.546 1.\
498 35.636-1.056\
 6.678-1.538 7.1\
75-1.84 7.75-4.7\
14 1.687-8.436-.\
197-20.58-4.514-\
29.101-5.357-10.\
574-12.538-16.30\
4-25.495-20.343l\
-8.16-2.544 1.37\
9-5.912c.759-3.2\
51 3.682-12.242 \
6.496-19.979s4.9\
45-14.238 4.735-\
14.448-3.631 2.5\
56-7.604 6.146l-\
7.223 6.527v-13.\
238c0-13.067-.02\
5-13.215-1.953-1\
1.471-3.04 2.751\
-11.448 15.356-1\
5.038 22.543-1.7\
86 3.575-3.445 6\
.715-3.688 6.977\
s-1.977-1.313-3.\
853-3.5l-3.412-3\
.977-5.789 6-22.\
999 24.5c-18.106\
 19.463-33.144 3\
3.595-44.787 42.\
091-3.839 2.801-\
13.955 8.635-22.\
48 12.964-19.054\
 9.676-25.783 14\
.075-33.469 21.8\
82-5.952 6.045-5\
.96 6.063-3 6.05\
6 4.761-.011 18.\
376-3.603 26.024\
-6.865 14.583-6.\
22 25.775-13.364\
 53.444-34.116 1\
7.677-13.258 24.\
98-18.365 25.507\
-17.838.997.997-\
12.705 17.092-30\
.75 36.12-25.416\
 26.802-27.591 2\
9.182-25.757 28.\
183.825-.449 10.\
725-7.021 22-14.\
603zm-73.595-14.\
014c-1.048-1.177\
-14.121-12.637-2\
9.051-25.467-30.\
282-26.021-45.31\
2-40.497-56.173-\
54.098l-7.319-9.\
166-9.681 4.488c\
-21.7 10.061-49.\
886 26.314-47.19\
 27.213 2.345.78\
2 14.873-2.139 2\
4.663-5.75l10.30\
3-3.8 9.818 4.17\
2c11.529 4.899 1\
6.083 7.882 26.5\
51 17.39 15.873 \
14.417 32.544 25\
.613 53.174 35.7\
12 10.577 5.177 \
24.438 11.16 26.\
405 11.398.223.0\
27-.452-.914-1.5\
-2.091zm12.595-3\
6.821c0-2.376-26\
.327-27.833-45.2\
02-43.709l-21.35\
2-18.417c-.846-1\
.369 4.841-3.505\
 14.6-5.482 6.70\
3-1.358 11.56-1.\
599 23.454-1.161\
 8.25.304 15.65.\
705 16.444.891 1\
.049.246 2.008-1\
.853 3.5-7.661l2\
.056-8 16.572-.6\
21c9.115-.342 20\
.387-1.163 25.04\
9-1.825l8.477-1.\
203 10.981-9.675\
 14.847-12.753 3\
.866-3.078-3.574\
-10.672c-2.075-6\
.197-3.116-10.67\
2-2.482-10.672.6\
 0 8.668 3.675 1\
7.927 8.167s17.0\
08 7.979 17.219 \
7.75 2.19-4.017 \
4.398-8.417 5.15\
-9.058 6.538-10.\
351c1.486-1.384 \
6.155-3.371 11.3\
52-4.832 14.08-3\
.958 21.421-8.34\
9 32.711-19.567 \
5.435-5.401 9.62\
2-10.08 9.304-10\
.397-.844-.844-8\
.539 1.125-32.68\
6 8.363-21.464 6\
.434-40.718 11.2\
95-44.5 11.234-1\
.623-.026-1.198-\
.757 2.25-3.877 \
2.337-2.115 4.25\
-4.251 4.25-4.74\
7s-2.213-3.081-4\
.917-5.745c-4.87\
4-4.801-4.965-4.\
839-10.408-4.388\
-7.889.654-10.67\
8 2.768-10.663 8\
.079.007 2.325.6\
76 6.702 1.488 9\
.727 2.328 8.675\
 2.643 8.261-9.3\
36 12.311-9.98 3\
.374-25.693 6.49\
4-26.856 5.331-.\
271-.271 1.462-1\
.735 3.85-3.253 \
14.228-9.049 20.\
627-13.513 22.84\
2-15.934l2.5-2.7\
33-8.5.638c-4.67\
5.351-14.483 1.7\
09-21.796 3.018s\
-13.026 2.097-12\
.697 1.751 5.185\
-3.35 10.792-6.6\
76l10.193-6.047 \
1.235-6.953c.679\
-3.824 1.497-8.0\
46 1.818-9.382.6\
45-2.685.056-3.4\
51 7.824 10.169l\
2.703 4.74 3.845\
-2.427c5.837-3.6\
85 13.227-5.385 \
28.143-6.477 7.4\
58-.546 14.433-1\
.29 15.5-1.653 1\
.882-.641 27.486\
-12.514 28.389-1\
3.164.247-.178-4\
.111-4.921-9.684\
-10.541l-10.134-\
10.217 1.032-5.5\
c.567-3.025.851-\
10 .63-15.5-.445\
-11.072-2.124-15\
.638-7.701-20.93\
6l-3.09-2.936-3.\
588 1.711c-5.897\
 2.812-16.543 13\
.736-27.842 28.5\
69-.918 1.204 1.\
513 1.305 16.806\
.693 16.998-.68 \
17.843-.626 17.1\
43 1.092-.405.99\
4-2.04 5.612-3.6\
35 10.263s-3.252\
 8.809-3.683 9.2\
4-4.447-2.114-8.\
925-5.655l-8.142\
-6.438-.534 2.69\
9-1.178 6.439-.6\
44 3.74-2.641-1.\
973-7.246-5.479-\
4.605-3.506-3.75\
5 14.739c-2.065 \
8.106-4.142 15.4\
14-4.614 16.239-\
.523.913-.871-2.\
404-.89-8.478l-.\
03-9.978-3.168 3\
.978c-4.937 6.2-\
14.675 15.341-22\
.082 20.729-3.71\
2 2.7-6.75 5.073\
-6.75 5.273s2.70\
9 1.58 6.021 3.0\
66 5.841 2.882 5\
.621 3.102-4.224\
-.153-8.898-.829\
c-12.21-1.765-14\
.81-.574-29.885 \
13.689-6.579 6.2\
25-13.851 12.207\
-16.16 13.292-10\
.349 4.864-62.31\
6 25.848-72.698 \
29.355-22.919 7.\
741-31.418 9.33-\
76.5 14.297-37.9\
27 4.179-56.395 \
7.175-73.938 11.\
996-27.707 7.614\
-54.347 21.962-5\
3.383 28.751.692\
 4.871 8.744 3.3\
78 37.275-6.913 \
32.826-11.84 48.\
437-15.551 87.54\
6-20.811 28.37-3\
.815 40.166-5.92\
7 66.734-11.945 \
24.87-5.634 46.7\
52-10.088 66.451\
-13.528 7.358-1.\
285 17.541-4.118\
 27.5-7.652 34.7\
82-12.342 41.358\
-13.91 51.565-12\
.295 3.438.544 9\
.065 2.296 12.50\
5 3.894 6.73 3.1\
27 17.245 9.765 \
17.245 10.888 0 \
1.05-13.113 5.92\
-23.226 8.626-4.\
968 1.329-9.198 \
2.583-9.4 2.785s\
3.231 1.141 7.62\
9 2.086 7.997 1.\
885 7.997 2.088c\
0 .692-12.478 4.\
487-19.5 5.929-3\
.85.791-14.425 2\
.183-23.5 3.094-\
23.167 2.324-31.\
181 4.298-50.253\
 12.376-17.728 7\
.508-36.404 14.4\
81-48.988 18.291\
-4.257 1.289-7.7\
45 2.681-7.75 3.\
093s.395.75.889.\
75c.882 0 15.812\
 8.946 47.601 28\
.521 12.132 7.47\
1 46.443 26.283 \
48.25 26.455.138\
.013.25-.409.25-\
.938zm69-9.757c5\
.679-3.827 15.62\
3-12.752 29.965-\
26.895l21.465-21\
.168-4.965-5.684\
-8.602-9.822-3.6\
37-4.138-7.287 1\
4.463c-8.601 17.\
069-7.803 17.894\
-10.588-10.937l-\
1.777-18.399-7.2\
22 7.656c-3.972 \
4.211-10.334 11.\
815-14.138 16.89\
9-9.937 13.281-2\
7.215 38.363-27.\
215 39.507 0 .53\
6 5.849 4.259 12\
.998 8.273s12.86\
5 7.433 12.703 7\
.595c-.868.868-2\
1.661-5.301-38.9\
77-11.563l-21.5-\
7.694c-.948-.298\
.751 1.087 3.776\
 3.077 13.128 8.\
64 47.639 24.459\
 53.5 24.524 2.0\
3.022 5.747-1.81\
8 11.5-5.695zm13\
4.808-37.743c9.1\
8-4.654 29.517-1\
5.925 45.192-25.\
045 34.704-20.19\
3 62.809-34.43 7\
2.588-36.77 3.89\
8-.933 14.698-2.\
386 24-3.228 21.\
549-1.952 26.623\
-2.884 38.154-7.\
005 12.471-4.457\
 26.284-12.401 4\
1.244-23.721 19.\
071-14.43 21.99-\
16.319 38.944-25\
.201 8.742-4.58 \
19.79-10.866 24.\
55-13.968 17.253\
-11.246 23.243-1\
3.549 53.521-20.\
577 20.325-4.718\
 34.267-8.798 33\
.816-9.898-.174-\
.424-4.366-4.552\
-9.316-9.173s-9.\
111-8.638-9.247-\
8.927 2.339-1.86\
5 5.5-3.504c7.53\
2-3.903 19.852-1\
6.278 23.917-24.\
021 3.112-5.929 \
6.639-16.629 7.7\
74-23.582l.584-3\
.582 12.475.082 \
12.475.082 5.574\
-5.574 5.574-5.5\
74-11.141-3.814c\
-10.425-3.568-11\
.644-3.772-18.96\
1-3.162-7.993.66\
7-21.375 3.67-25\
.004 5.612-2.902\
 1.553-6.172 8.6\
41-10.847 23.51-\
4.372 13.905-8.0\
9 20.881-12.986 \
24.368-8.281 5.8\
96-33.798 14.555\
-76.725 26.035-1\
6.478 4.407-36.9\
36 10.229-45.461\
 12.938s-22.372 \
6.339-30.77 8.06\
6c-25.601 5.265-\
30.939 7.826-53.\
08 25.47-29.448 \
23.467-34.308 25\
.444-71.65 29.15\
3-23.387 2.323-2\
8.82 3.521-72.79\
8 16.046l-20.798\
 5.923.388 37c.3\
31 31.562.646 37\
.882 2.144 43 1.\
838 6.279 2.356 \
7.5 3.182 7.5.27\
5 0 8.01-3.808 1\
7.191-8.462zm-9.\
201-12.12c-.334-\
.87-.607-8.671-.\
607-17.334v-15.7\
53l6.25.903c14.3\
2 2.068 28.38-.8\
09 59.832-12.241\
 12.225-4.444 22\
.924-7.946 23.77\
4-7.782 2.793.53\
8-10.791 10.233-\
27.356 19.523l-3\
8.178 21.62-22.6\
43 12.647c-.256 \
0-.738-.712-1.07\
2-1.582zm138.204\
-68.804l-2.689-6\
.614 10.189-.008\
c24.147-.018 41.\
082-5.954 77.878\
-27.297 28.494-1\
6.528 47.633-25.\
158 60.311-27.19\
5l4-.643-4.715 3\
.051c-2.593 1.67\
8-11.747 6.768-2\
0.341 11.312-11.\
323 5.986-20.352\
 11.799-32.785 2\
1.109-19.938 14.\
929-27.154 19.41\
7-38.967 24.233-\
11.724 4.78-23.9\
16 7.355-38.191 \
8.067l-12 .599zM\
460.92 618.12c3.\
918-8.875 7.407-\
17.268 7.754-18.\
651.619-2.468.48\
6-2.435-7.265 1.\
776-14.87 8.078-\
25.396 14.163-25\
.396 14.681 0 .8\
67 16.226 18.331\
 17.032 18.331.4\
13 0 3.957-7.262\
 7.875-16.137zm6\
.32-88.54c14.15-\
4.273 25.175-8.0\
66 24.5-8.43-4.7\
99-2.585-26.962-\
5.136-34.857-4.0\
12-5.993.853-27.\
933 9.509-27.823\
 10.976.052.689 \
10.95 9.112 11.8\
9 9.189.309.025 \
12.14-3.45 26.29\
-7.723zm341.772-\
61.26l61.675-17.\
539c7.15-3.24 11\
.349-9.29 15.713\
-22.636 1.908-5.\
836 3.765-12.185\
 4.125-14.108l.6\
56-3.496-16.835 \
4.902-68.835 19.\
903c-63.911 18.4\
36-112.5 33.538-\
112.5 34.964 0 .\
346 10.013 3.443\
 22.25 6.882l23.\
25 6.641c4.208 1\
.633 18.144-1.43\
3 70.5-15.512zm-\
90.5-11.953l93.5\
-27.453c78.592-2\
2.952 88-25.871 \
88-27.302 0-2.96\
-8.554-34.178-13\
.251-48.357-5.40\
1-16.306-16.936-\
40.707-23.333-49\
.357-3.295-4.455\
-3.854-4.806-6.7\
54-4.233-1.739.3\
43-6.425 2.17-10\
.412 4.058-6.393\
 3.028-7.25 3.22\
-7.25 1.626 0-.9\
94.496-7.731 1.1\
02-14.97 2.484-2\
9.671-3.746-56.2\
48-17.806-75.967\
-14.067-19.729-5\
1.447-52.829-83.\
182-73.657-21.00\
6-13.787-51.446-\
30.131-66.114-35\
.5-2.04-.747-11.\
216-1.568-22-1.9\
68-22.064-.82-22\
.464-.955-39.044\
-13.193-15.145-1\
1.179-22.087-15.\
428-40.113-24.54\
9-19.446-9.839-1\
9.562-9.992-27.6\
38-36.29-1.682-5\
.477-3.175-8.865\
-3.526-8-1.374 3\
.39-99.944 318.4\
44-114.21 365.04\
1-.331 1.08 1.20\
5 2.364 5.139 4.\
293 3.086 1.514 \
10.521 5.881 16.\
522 9.705 25.278\
 16.109 34.705 1\
8.561 52.007 13.\
528 4.599-1.338 \
20.512-6.743 35.\
362-12.011 55.73\
8-19.775 81.944-\
24.847 111.607-2\
1.6 31.721 3.472\
 58.193 15.079 7\
8.249 34.311l9.1\
43 8.767-14-.767\
c-24.73-1.355-47\
.676-.78-61 1.52\
9-18.72 3.244-18\
.298 2.664-7.682\
 10.568 14.404 1\
0.725 22.964 21.\
005 26.537 31.86\
9.313.953 1.149 \
1.53 1.858 1.281\
s17.938-5.38 38.\
288-11.404zm244.\
02-5.361c.374-1.\
788 2.908-8.589 \
5.631-15.115s4.7\
82-12.035 4.574-\
12.242c-.347-.34\
7-29.579 11.126-\
30.375 11.923-.1\
93.193 3.917 1.4\
23 9.134 2.733s9\
.155 2.658 8.75 \
2.996-4.68 2.109\
-9.502 3.935-8.5\
91 3.496-8.376 3\
.711c.48.48 16.6\
85 5.101 18.313 \
5.222.644.048 1.\
476-1.375 1.85-3\
.163zm11.821-32.\
407l3.842-.635-.\
672-4.482c-.37-2\
.465-.906-5.091-\
1.191-5.835-.572\
-1.49-10.938-5.1\
08-11.894-4.151-\
.329.329.161 4.0\
1 1.088 8.179 1.\
822 8.189 1.708 \
8.1 8.827 6.924z\
m851.652 679.722\
c-5.008-1.524-8.\
846-4.091-12.758\
-8.535-3.205-3.6\
41-8.083-13.963-\
24.706-52.283l-4\
2.306-97.497-22.\
238-49.75c-.355 \
0-13.207 46.125-\
28.561 102.5l-27\
.915 102.5h-26.7\
55c-16.538 0-26.\
755-.369-26.755-\
.966 0-.849 32.0\
47-118.415 66.50\
2-243.968 6.405-\
23.339 12.481-44\
.039 13.504-46 4\
.707-9.032 12.37\
3-13.397 23.494-\
13.381 9.202.013\
 16.088 2.95 21.\
79 9.293 3.676 4\
.088 10.262 18.5\
5 50.147 110.114\
l46.239 105.824c\
.178.229.562.178\
.853-.113s21.184\
-47.869 46.428-1\
05.728l48.574-10\
8.706c6.52-8.549\
 16.918-12.561 2\
7.201-10.495 8.1\
16 1.63 14.28 6.\
605 18.121 14.62\
5 1.408 2.94 74.\
337 268.659 78.7\
01 286.75l.663 2\
.75h-27.031-27.0\
31l-1.031-3.25c-\
.567-1.787-12.98\
7-47.35-27.6-101\
.25l-27.438-100c\
-.83-1.91-.914-1\
.887-1.868.5-.54\
9 1.375-15.722 3\
6.25-33.718 77.5\
l-41.761 95.781c\
-10.069 23.141-1\
3.662 28.377-22.\
202 32.354-5.207\
 2.425-15.03 3.1\
09-20.545 1.431z\
M649.013 944.757\
v-150.5h112.25l1\
21.25 1.1c25.318\
 3.087 44.619 11\
.554 60.511 26.5\
46 23.34 22.018 \
34.482 56.052 31\
.019 94.752-3.55\
7 39.757-22.014 \
68.928-53.28 84.\
206-3.162 1.545-\
5.728 3.053-5.70\
1 3.351s20.014 2\
0.792 44.417 45.\
542l44.368 45-38\
.099.262-38.099.\
262-2.752-2.636c\
-1.513-1.45-18.6\
44-20.124-38.067\
-41.497l-35.316-\
38.861-56.25-.01\
5-56.25-.012V988\
.41v-23.847l69.5\
65-.725c75.027-.\
782 74.767-.763 \
86.228-6.34 11.1\
55-5.428 20.338-\
17.736 23.733-31\
.811 2.303-9.548\
 2.898-22.25 1.4\
78-31.56-3.719-2\
4.384-15.93-38.3\
96-37.703-43.263\
-6.307-1.41-17.7\
78-1.609-92.75-1\
.609h-85.553v123\
 123h-27.5-27.5z\
m469 27.5v-123h-\
56.5-56.5v-27.5-\
27.5h141.016 141\
.016l-.266 27.25\
-.266 27.25-56.7\
5.258-56.75.258v\
122.992 122.992h\
-27.5-27.5zm200-\
27.5v-150.5h135.\
016 135.016l-.26\
6 27.25-.266 27.\
25-107.135.255-1\
07.135.255-.678 \
32.245c-.373 17.\
735-.537 60.821-\
.365 95.746l.313\
 63.5 107.75.255\
 107.75.255v26.9\
95 26.995h-135-1\
35zm774 0v-150.5\
h27.5 27.5v150.5\
 150.5h-27.5-27.\
5zm107 123.5v-27\
l65.25-.119 120.\
305-.75 55.055-.\
631 7.658-3.786c\
12.172-6.018 18.\
227-15.294 19.44\
2-29.784 1.281-1\
5.279-5.526-29.1\
95-17.209-35.184\
-9.907-5.078-8.3\
94-4.99-98-5.721\
l-84-.685-9.306-\
2.666c-41.989-12\
.027-64.856-43.7\
2-62.895-87.174.\
963-21.338 8.04-\
39.181 21.102-53\
.203 10.537-11.3\
12 21.582-17.96 \
37.015-22.279 17\
.689-4.95 18.529\
-4.981 138.334-5\
l112.25-.018v27.\
5 27.5h-111.29c-\
120.6 0-117.809-\
.119-126.543 5.3\
94-9.156 5.78-13\
.295 13.976-13.9\
39 27.606-.367 7\
.772-.082 10.535\
 1.564 15.19 2.5\
67 7.255 6.144 1\
1.92 12.043 15.7\
06 9.573 6.143 8\
.986 6.104 92.62\
4 6.108l85.04 1.\
064c13.226 1.559\
 23.798 4.544 34\
.5 9.74 7.877 3.\
825 10.973 6.071\
 18.124 13.153 7\
.066 6.997 9.359\
 10.076 12.691 1\
7.041 11.76 24.5\
76 13.217 57.226\
 3.685 82.615-10\
.792 28.747-34.7\
12 46.552-68.934\
 51.312-5.132.71\
4-47.315 1.072-1\
26.138 1.072h-11\
8.428zm-791-126v\
-23h84 84v23 23h\
-84-84zm-381.935\
-552.903l-6.435-\
.597 6.217-5.376\
c5.887-5.091 6.4\
51-5.35 10.616-4\
.881 4.356.491 4\
.553.375 20.218-\
11.918l17.791-14\
.369c1.961-1.944\
 1.955-1.955-1-1\
.984-1.635-.016-\
11.297-.678-21.4\
72-1.472l-19.673\
-1.472c-.645-.01\
6-2.556 1.135-4.\
246 2.557-2.915 \
2.452-3.46 2.549\
-10.591 1.881-4.\
135-.387-7.685-.\
989-7.889-1.336s\
3.797-3.875 8.89\
1-7.839l9.262-7.\
208 38.873 2.967\
 39.719 3.24c.46\
6.15-12.947 11.0\
58-29.806 24.24l\
-30.652 23.968-6\
.694.097c-3.682.\
053-9.59-.172-13\
.129-.5z\x22 fill=\x22\
red\x22 opacity=\x22.5\
\x22/></svg>\
\x00\x00\x04\x09\
<\
svg xmlns=\x22http:\
//www.w3.org/200\
0/svg\x22 height=\x222\
4px\x22 viewBox=\x220 \
-960 960 960\x22 wi\
dth=\x2224px\x22 fill=\
\x22#5f6368\x22><path \
d=\x22M380-337v-286\
q0-12 10.5-18t20\
.5 1l223 143q9 6\
 9 17t-9 17L411-\
320q-10 7-20.5 1\
T380-337ZM120-22\
8v68q0 17-11.5 2\
8.5T80-120q-17 0\
-28.5-11.5T40-16\
0v-160q0-17 11.5\
-28.5T80-360h160\
q17 0 28.5 11.5T\
280-320q0 17-11.\
5 28.5T240-280h-\
58q51 75 129.5 1\
17.5T480-120q104\
 0 190-54t132-14\
5q9-17 23.5-27t3\
3.5-6q18 4 23.5 \
20.5T879-296q-54\
 116-161 186T480\
-40q-108 0-202.5\
-49.5T120-228ZM8\
3-520q-17 0-27.5\
-12.5T48-562q10-\
47 26-86.5t43-79\
.5q10-15 26-17t2\
9 11q14 14 14 30\
.5T175-670q-17 2\
6-27 52t-18 57q-\
4 18-16.5 29.5T8\
3-520Zm357-358q0\
 19-11.5 31T398-\
831q-30 7-55.5 1\
8T291-785q-16 11\
-32.5 10T228-790\
q-12-12-10.5-27.\
5T233-844q39-26 \
77.5-42.5T396-91\
2q18-3 31 7t13 2\
7Zm294 88q-14 14\
-31 14.5T670-786\
q-26-17-52-27t-5\
7-18q-18-4-29.5-\
16.5T520-878q0-1\
7 12.5-27t29.5-7\
q48 9 87 25t79 4\
3q14 10 16 26t-1\
0 28Zm144 270q-1\
9 0-31-11.5T831-\
562q-8-31-18.5-5\
6.5T785-671q-11-\
16-10-32.5t15-30\
.5q12-12 27.5-10\
t26.5 16q27 40 4\
3 79t25 87q3 17-\
7 29.5T878-520Z\x22\
/></svg>\
\x00\x00\x02*\
<\
svg xmlns=\x22http:\
//www.w3.org/200\
0/svg\x22 height=\x222\
4px\x22 viewBox=\x220 \
-960 960 960\x22 wi\
dth=\x2224px\x22 fill=\
\x22#d32f2f\x22><path \
d=\x22M508.5-291.5Q\
520-303 520-320t\
-11.5-28.5Q497-3\
60 480-360t-28.5\
 11.5Q440-337 44\
0-320t11.5 28.5Q\
463-280 480-280t\
28.5-11.5ZM440-4\
40h80v-240h-80v2\
40Zm40 360q-83 0\
-156-31.5T197-19\
7q-54-54-85.5-12\
7T80-480q0-83 31\
.5-156T197-763q5\
4-54 127-85.5T48\
0-880q83 0 156 3\
1.5T763-763q54 5\
4 85.5 127T880-4\
80q0 83-31.5 156\
T763-197q-54 54-\
127 85.5T480-80Z\
m0-80q134 0 227-\
93t93-227q0-134-\
93-227t-227-93q-\
134 0-227 93t-93\
 227q0 134 93 22\
7t227 93Zm0-320Z\
\x22/></svg>\
\x00\x00\x00\xfe\
<\
svg xmlns=\x22http:\
//www.w3.org/200\
0/svg\x22 height=\x222\
4px\x22 viewBox=\x220 \
-960 960 960\x22 wi\
dth=\x2224px\x22 fill=\
\x22#1f1f1f\x22><path \
d=\x22M520-200v-560\
h240v560H520Zm-3\
20 0v-560h240v56\
0H200Zm400-80h80\
v-400h-80v400Zm-\
320 0h80v-400h-8\
0v400Zm0-400v400\
-400Zm320 0v400-\
400Z\x22/></svg>\
\x00\x00\x00\xc0\
<\
svg xmlns=\x22http:\
//www.w3.org/200\
0/svg\x22 height=\x222\
4px\x22 viewBox=\x220 \
-960 960 960\x22 wi\
dth=\x2224px\x22 fill=\
\x22#1f1f1f\x22><path \
d=\x22M320-640v320-\
320Zm-80 400v-48\
0h480v480H240Zm8\
0-80h320v-320H32\
0v320Z\x22/></svg>\
\x00\x00\x03\x03\
<\
svg xmlns=\x22http:\
//www.w3.org/200\
0/svg\x22 height=\x222\
4px\x22 viewBox=\x220 \
-960 960 960\x22 wi\
dth=\x2224px\x22 fill=\
\x22#1f1f1f\x22><path \
d=\x22m370-80-16-12\
8q-13-5-24.5-12T\
307-235l-119 50L\
78-375l103-78q-1\
-7-1-13.5v-27q0-\
6.5 1-13.5L78-58\
5l110-190 119 50\
q11-8 23-15t24-1\
2l16-128h220l16 \
128q13 5 24.5 12\
t22.5 15l119-50 \
110 190-103 78q1\
 7 1 13.5v27q0 6\
.5-2 13.5l103 78\
-110 190-118-50q\
-11 8-23 15t-24 \
12L590-80H370Zm7\
0-80h79l14-106q3\
1-8 57.5-23.5T63\
9-327l99 41 39-6\
8-86-65q5-14 7-2\
9.5t2-31.5q0-16-\
2-31.5t-7-29.5l8\
6-65-39-68-99 42\
q-22-23-48.5-38.\
5T533-694l-13-10\
6h-79l-14 106q-3\
1 8-57.5 23.5T32\
1-633l-99-41-39 \
68 86 64q-5 15-7\
 30t-2 32q0 16 2\
 31t7 30l-86 65 \
39 68 99-42q22 2\
3 48.5 38.5T427-\
266l13 106Zm42-1\
80q58 0 99-41t41\
-99q0-58-41-99t-\
99-41q-59 0-99.5\
 41T342-480q0 58\
 40.5 99t99.5 41\
Zm-2-140Z\x22/></sv\
g>\
\x00\x00\x01?\
<\
svg xmlns=\x22http:\
//www.w3.org/200\
0/svg\x22 height=\x222\
4px\x22 viewBox=\x220 \
-960 960 960\x22 wi\
dth=\x2224px\x22 fill=\
\x22#1f1f1f\x22><path \
d=\x22M280-120q-33 \
0-56.5-23.5T200-\
200v-520h-40v-80\
h200v-40h240v40h\
200v80h-40v520q0\
 33-23.5 56.5T68\
0-120H280Zm400-6\
00H280v520h400v-\
520ZM360-280h80v\
-360h-80v360Zm16\
0 0h80v-360h-80v\
360ZM280-720v520\
-520Z\x22/></svg>\
\x00\x00\x01K\
<\
svg xmlns=\x22http:\
//www.w3.org/200\
0/svg\x22 height=\x222\
4px\x22 viewBox=\x220 \
-960 960 960\x22 wi\
dth=\x2224px\x22 fill=\
\x22#ff9800\x22><path \
d=\x22m40-120 440-7\
60 440 760H40Zm1\
38-80h604L480-72\
0 178-200Zm330.5\
-51.5Q520-263 52\
0-280t-11.5-28.5\
Q497-320 480-320\
t-28.5 11.5Q440-\
297 440-280t11.5\
 28.5Q463-240 48\
0-240t28.5-11.5Z\
M440-360h80v-200\
h-80v200Zm40-100\
Z\x22/></svg>\
\x00\x00\x01\xfb\
<\
svg xmlns=\x22http:\
//www.w3.org/200\
0/svg\x22 height=\x222\
4px\x22 viewBox=\x220 \
-960 960 960\x22 wi\
dth=\x2224px\x22 fill=\
\x22#1f1f1f\x22><path \
d=\x22m336-280 144-\
144 144 144 56-5\
6-144-144 144-14\
4-56-56-144 144-\
144-144-56 56 14\
4 144-144 144 56\
 56ZM480-80q-83 \
0-156-31.5T197-1\
97q-54-54-85.5-1\
27T80-480q0-83 3\
1.5-156T197-763q\
54-54 127-85.5T4\
80-880q83 0 156 \
31.5T763-763q54 \
54 85.5 127T880-\
480q0 83-31.5 15\
6T763-197q-54 54\
-127 85.5T480-80\
Zm0-80q134 0 227\
-93t93-227q0-134\
-93-227t-227-93q\
-134 0-227 93t-9\
3 227q0 134 93 2\
27t227 93Zm0-320\
Z\x22/></svg>\
\x00\x00\x00\xbe\
<\
svg xmlns=\x22http:\
//www.w3.org/200\
0/svg\x22 height=\x222\
4px\x22 viewBox=\x220 \
-960 960 960\x22 wi\
dth=\x2224px\x22 fill=\
\x22#1f1f1f\x22><path \
d=\x22M320-200v-560\
l440 280-440 280\
Zm80-280Zm0 134 \
210-134-210-134v\
268Z\x22/></svg>\
\x00\x00\x01~\
<\
svg xmlns=\x22http:\
//www.w3.org/200\
0/svg\x22 height=\x222\
4px\x22 viewBox=\x220 \
-960 960 960\x22 wi\
dth=\x2224px\x22 fill=\
\x22#1f1f1f\x22><path \
d=\x22M280-280h160v\
-160H280v160Zm24\
0 0h160v-160H520\
v160ZM280-520h16\
0v-160H280v160Zm\
240 0h160v-160H5\
20v160ZM200-120q\
-33 0-56.5-23.5T\
120-200v-560q0-3\
3 23.5-56.5T200-\
840h560q33 0 56.\
5 23.5T840-760v5\
60q0 33-23.5 56.\
5T760-120H200Zm0\
-80h560v-560H200\
v560Zm0-560v560-\
560Z\x22/></svg>\
\x00\x00\x015\
<\
svg xmlns=\x22http:\
//www.w3.org/200\
0/svg\x22 height=\x222\
4px\x22 viewBox=\x220 \
-960 960 960\x22 wi\
dth=\x2224px\x22 fill=\
\x22#1f1f1f\x22><path \
d=\x22M240-80q-33 0\
-56.5-23.5T160-1\
60v-640q0-33 23.\
5-56.5T240-880h3\
20l240 240v240h-\
80v-200H520v-200\
H240v640h360v80H\
240Zm638 15L760-\
183v89h-80v-226h\
226v80h-90l118 1\
18-56 57Zm-638-9\
5v-640 640Z\x22/></\
svg>\
\x00\x00\x00\xb6\
<\
svg xmlns=\x22http:\
//www.w3.org/200\
0/svg\x22 height=\x222\
4px\x22 viewBox=\x220 \
-960 960 960\x22 wi\
dth=\x2224px\x22 fill=\
\x22#1f1f1f\x22><path \
d=\x22M440-440H200v\
-80h240v-240h80v\
240h240v80H520v2\
40h-80v-240Z\x22/><\
/svg>\
\x00\x00\x02\xc8\
<\
svg xmlns=\x22http:\
//www.w3.org/200\
0/svg\x22 height=\x222\
4px\x22 viewBox=\x220 \
-960 960 960\x22 wi\
dth=\x2224px\x22 fill=\
\x22#9c27b0\x22><path \
d=\x22M513.5-254.5Q\
528-269 528-290t\
-14.5-35.5Q499-3\
40 478-340t-35.5\
 14.5Q428-311 42\
8-290t14.5 35.5Q\
457-240 478-240t\
35.5-14.5ZM442-3\
94h74q0-33 7.5-5\
2t42.5-52q26-26 \
41-49.5t15-56.5q\
0-56-41-86t-97-3\
0q-57 0-92.5 30T\
342-618l66 26q5-\
18 22.5-39t53.5-\
21q32 0 48 17.5t\
16 38.5q0 20-12 \
37.5T506-526q-44\
 39-54 59t-10 73\
Zm38 314q-83 0-1\
56-31.5T197-197q\
-54-54-85.5-127T\
80-480q0-83 31.5\
-156T197-763q54-\
54 127-85.5T480-\
880q83 0 156 31.\
5T763-763q54 54 \
85.5 127T880-480\
q0 83-31.5 156T7\
63-197q-54 54-12\
7 85.5T480-80Zm0\
-80q134 0 227-93\
t93-227q0-134-93\
-227t-227-93q-13\
4 0-227 93t-93 2\
27q0 134 93 227t\
227 93Zm0-320Z\x22/\
></svg>\
\x00\x00\x01I\
<\
svg xmlns=\x22http:\
//www.w3.org/200\
0/svg\x22 height=\x222\
4px\x22 viewBox=\x220 \
-960 960 960\x22 wi\
dth=\x2224px\x22 fill=\
\x22#1f1f1f\x22><path \
d=\x22M200-200h57l3\
91-391-57-57-391\
 391v57Zm-80 80v\
-170l528-527q12-\
11 26.5-17t30.5-\
6q16 0 31 6t26 1\
8l55 56q12 11 17\
.5 26t5.5 30q0 1\
6-5.5 30.5T817-6\
47L290-120H120Zm\
640-584-56-56 56\
 56Zm-141 85-28-\
29 57 57-29-28Z\x22\
/></svg>\
\x00\x00\x03\x95\
<\
svg xmlns=\x22http:\
//www.w3.org/200\
0/svg\x22 height=\x222\
4px\x22 viewBox=\x220 \
-960 960 960\x22 wi\
dth=\x2224px\x22 fill=\
\x22#5f6368\x22><path \
d=\x22M838-65 720-1\
83v89h-80v-226h2\
26v80h-90l118 11\
8-56 57ZM480-80q\
-83 0-156-31.5T1\
97-197q-54-54-85\
.5-127T80-480q0-\
83 31.5-156T197-\
763q54-54 127-85\
.5T480-880q83 0 \
156 31.5T763-763\
q54 54 85.5 127T\
880-480q0 20-2 4\
0t-6 40h-82q5-20\
 7.5-40t2.5-40q0\
-20-2.5-40t-7.5-\
40H654q3 20 4.5 \
40t1.5 40q0 20-1\
.5 40t-4.5 40h-8\
0q3-20 4.5-40t1.\
5-40q0-20-1.5-40\
t-4.5-40H386q-3 \
20-4.5 40t-1.5 4\
0q0 20 1.5 40t4.\
5 40h134v80H404q\
12 43 31 82.5t45\
 75.5q20 0 40-2.\
5t40-4.5v82q-20 \
2-40 4.5T480-80Z\
M170-400h136q-3-\
20-4.5-40t-1.5-4\
0q0-20 1.5-40t4.\
5-40H170q-5 20-7\
.5 40t-2.5 40q0 \
20 2.5 40t7.5 40\
Zm34-240h118q9-3\
7 22.5-72.5T376-\
782q-55 18-99 54\
.5T204-640Zm172 \
462q-18-34-31.5-\
69.5T322-320H204\
q29 51 73 87.5t9\
9 54.5Zm28-462h1\
52q-12-43-31-82.\
5T480-798q-26 36\
-45 75.5T404-640\
Zm234 0h118q-29-\
51-73-87.5T584-7\
82q18 34 31.5 69\
.5T638-640Z\x22/></\
svg>\
\x00\x00\x02\x13\
<\
svg xmlns=\x22http:\
//www.w3.org/200\
0/svg\x22 height=\x222\
4px\x22 viewBox=\x220 \
-960 960 960\x22 wi\
dth=\x2224px\x22 fill=\
\x22#5f6368\x22><path \
d=\x22M200-120q-33 \
0-56.5-23.5T120-\
200v-560q0-33 23\
.5-56.5T200-840h\
560q33 0 56.5 23\
.5T840-760v240q0\
 17-11.5 28.5T80\
0-480q-17 0-28.5\
-11.5T760-520v-2\
40H200v560h240q1\
7 0 28.5 11.5T48\
0-160q0 17-11.5 \
28.5T440-120H200\
Zm504-80L360-544\
q-11-11-11.5-27.\
5T360-600q11-11 \
28-11t28 11l344 \
343v-103q0-17 11\
.5-28.5T800-400q\
17 0 28.5 11.5T8\
40-360v200q0 17-\
11.5 28.5T800-12\
0H600q-17 0-28.5\
-11.5T560-160q0-\
17 11.5-28.5T600\
-200h104Z\x22/></sv\
g>\
\x00\x00\x02)\
<\
svg xmlns=\x22http:\
//www.w3.org/200\
0/svg\x22 height=\x222\
4px\x22 viewBox=\x220 \
-960 960 960\x22 wi\
dth=\x2224px\x22 fill=\
\x22#0288d1\x22><path \
d=\x22M440-280h80v-\
240h-80v240Zm68.\
5-331.5Q520-623 \
520-640t-11.5-28\
.5Q497-680 480-6\
80t-28.5 11.5Q44\
0-657 440-640t11\
.5 28.5Q463-600 \
480-600t28.5-11.\
5ZM480-80q-83 0-\
156-31.5T197-197\
q-54-54-85.5-127\
T80-480q0-83 31.\
5-156T197-763q54\
-54 127-85.5T480\
-880q83 0 156 31\
.5T763-763q54 54\
 85.5 127T880-48\
0q0 83-31.5 156T\
763-197q-54 54-1\
27 85.5T480-80Zm\
0-80q134 0 227-9\
3t93-227q0-134-9\
3-227t-227-93q-1\
34 0-227 93t-93 \
227q0 134 93 227\
t227 93Zm0-320Z\x22\
/></svg>\
\x00\x00\x01\x89\
<\
svg xmlns=\x22http:\
//www.w3.org/200\
0/svg\x22 height=\x222\
4px\x22 viewBox=\x220 \
-960 960 960\x22 wi\
dth=\x2224px\x22 fill=\
\x22#1f1f1f\x22><path \
d=\x22M840-680v480q\
0 33-23.5 56.5T7\
60-120H200q-33 0\
-56.5-23.5T120-2\
00v-560q0-33 23.\
5-56.5T200-840h4\
80l160 160Zm-80 \
34L646-760H200v5\
60h560v-446ZM565\
-275q35-35 35-85\
t-35-85q-35-35-8\
5-35t-85 35q-35 \
35-35 85t35 85q3\
5 35 85 35t85-35\
ZM240-560h360v-1\
60H240v160Zm-40-\
86v446-560 114Z\x22\
/></svg>\
"

qt_resource_name = b"\
\x00\x04\
\x00\x06\xa8\xa1\
\x00d\
\x00a\x00t\x00a\
\x00\x02\
\x00\x00\x07\xb9\
\x00u\
\x00i\
\x00\x07\
\x08\x9a\xc4\xc3\
\x00a\
\x00r\x00t\x00e\x00m\x00i\x00s\
\x00\x04\
\x00\x06\xc4\xee\
\x00i\
\x001\x008\x00n\
\x00\x08\
\x04Jh\xfd\
\x00e\
\x00n\x00_\x00U\x00S\x00.\x00q\x00m\
\x00\x08\
\x0a>{}\
\x00i\
\x00t\x00_\x00I\x00T\x00.\x00q\x00m\
\x00\x12\
\x04<\x91\x9c\
\x00C\
\x00a\x00t\x00e\x00g\x00o\x00r\x00y\x00E\x00d\x00i\x00t\x00o\x00r\x00.\x00q\x00m\
\x00l\
\x00\x0b\
\x04\x97e\xbc\
\x00A\
\x00r\x00t\x00e\x00m\x00i\x00s\x00.\x00q\x00m\x00l\
\x00\x0a\
\x07j\x093\
\x00c\
\x00o\x00m\x00p\x00o\x00n\x00e\x00n\x00t\x00s\
\x00\x1c\
\x06\xcd\xfe<\
\x00S\
\x00p\x00a\x00c\x00e\x00W\x00e\x00a\x00t\x00h\x00e\x00r\x00F\x00o\x00r\x00e\x00c\
\x00a\x00s\x00t\x00P\x00a\x00g\x00e\x00.\x00q\x00m\x00l\
\x00\x18\
\x01-\xec\xdc\
\x00S\
\x00p\x00a\x00c\x00e\x00W\x00e\x00a\x00t\x00h\x00e\x00r\x00D\x00R\x00A\x00P\x00P\
\x00a\x00g\x00e\x00.\x00q\x00m\x00l\
\x00\x1b\
\x03\xae7\xfc\
\x00S\
\x00p\x00a\x00c\x00e\x00W\x00e\x00a\x00t\x00h\x00e\x00r\x00C\x00u\x00r\x00r\x00e\
\x00n\x00t\x00P\x00a\x00g\x00e\x00.\x00q\x00m\x00l\
\x00\x10\
\x02ra\xbc\
\x00S\
\x00i\x00g\x00n\x00a\x00l\x00E\x00d\x00i\x00t\x00o\x00r\x00.\x00q\x00m\x00l\
\x00\x14\
\x0ds\x0c\x1c\
\x00D\
\x00o\x00c\x00u\x00m\x00e\x00n\x00t\x00s\x00M\x00a\x00n\x00a\x00g\x00e\x00r\x00.\
\x00q\x00m\x00l\
\x00\x11\
\x0d|%\xdc\
\x00D\
\x00i\x00a\x00l\x00o\x00g\x00M\x00e\x00s\x00s\x00a\x00g\x00e\x00.\x00q\x00m\x00l\
\
\x00\x10\
\x0d\x88\xc0\x9c\
\x00S\
\x00p\x00a\x00c\x00e\x00W\x00e\x00a\x00t\x00h\x00e\x00r\x00.\x00q\x00m\x00l\
\x00\x0d\
\x09\x22a\xfc\
\x00D\
\x00b\x00M\x00a\x00n\x00a\x00g\x00e\x00r\x00.\x00q\x00m\x00l\
\x00\x1a\
\x0f\x8fy|\
\x00S\
\x00p\x00a\x00c\x00e\x00W\x00e\x00a\x00t\x00h\x00e\x00r\x00A\x00u\x00r\x00o\x00r\
\x00a\x00P\x00a\x00g\x00e\x00.\x00q\x00m\x00l\
\x00\x1a\
\x05\xbc\x12\x9c\
\x00S\
\x00p\x00a\x00c\x00e\x00W\x00e\x00a\x00t\x00h\x00e\x00r\x00S\x00u\x00n\x00I\x00m\
\x00a\x00g\x00e\x00r\x00s\x00.\x00q\x00m\x00l\
\x00\x0f\
\x0e^\x1a\x9c\
\x00P\
\x00r\x00e\x00f\x00e\x00r\x00e\x00n\x00c\x00e\x00s\x00.\x00q\x00m\x00l\
\x00\x13\
\x06\xfb\xe9|\
\x00S\
\x00p\x00a\x00c\x00e\x00W\x00e\x00a\x00t\x00h\x00e\x00r\x00S\x00S\x00A\x00.\x00q\
\x00m\x00l\
\x00\x0e\
\x08!D\x9c\
\x00S\
\x00i\x00g\x00n\x00a\x00l\x00P\x00a\x00g\x00e\x00.\x00q\x00m\x00l\
\x00\x0e\
\x07\x0f0\x1c\
\x00D\
\x00o\x00w\x00n\x00l\x00o\x00a\x00d\x00e\x00r\x00.\x00q\x00m\x00l\
\x00\x09\
\x06\xc7\xdb\x1c\
\x00A\
\x00b\x00o\x00u\x00t\x00.\x00q\x00m\x00l\
\x00\x0b\
\x08\x14a<\
\x00B\
\x00a\x00n\x00d\x00B\x00a\x00r\x00.\x00q\x00m\x00l\
\x00\x13\
\x0d\xc4\x19\xdc\
\x00A\
\x00r\x00t\x00e\x00m\x00i\x00s\x00L\x00i\x00s\x00t\x00V\x00i\x00e\x00w\x00.\x00q\
\x00m\x00l\
\x00\x11\
\x02\x8c\x06\x5c\
\x00A\
\x00r\x00t\x00e\x00m\x00i\x00s\x00B\x00u\x00t\x00t\x00o\x00n\x00.\x00q\x00m\x00l\
\
\x00\x15\
\x04Z\x85<\
\x00F\
\x00i\x00l\x00t\x00e\x00r\x00R\x00a\x00n\x00g\x00e\x00D\x00i\x00a\x00l\x00o\x00g\
\x00.\x00q\x00m\x00l\
\x00\x0f\
\x04\xaf\xb5\xdc\
\x00K\
\x00I\x00n\x00d\x00e\x00x\x00L\x00i\x00g\x00h\x00t\x00.\x00q\x00m\x00l\
\x00\x14\
\x02\xe44\xfc\
\x00F\
\x00i\x00l\x00t\x00e\x00r\x00L\x00i\x00s\x00t\x00D\x00i\x00a\x00l\x00o\x00g\x00.\
\x00q\x00m\x00l\
\x00\x0f\
\x09\xcc\x93\xdc\
\x00A\
\x00u\x00d\x00i\x00o\x00P\x00l\x00a\x00y\x00e\x00r\x00.\x00q\x00m\x00l\
\x00\x0f\
\x04\xaf\xed\xdc\
\x00A\
\x00I\x00n\x00d\x00e\x00x\x00L\x00i\x00g\x00h\x00t\x00.\x00q\x00m\x00l\
\x00\x06\
\x07\x03}\xc3\
\x00i\
\x00m\x00a\x00g\x00e\x00s\
\x00\x05\
\x00o\xa6S\
\x00i\
\x00c\x00o\x00n\x00s\
\x00\x1a\
\x01\xf8\x7f'\
\x00s\
\x00p\x00e\x00c\x00t\x00r\x00u\x00m\x00_\x00n\x00o\x00t\x00_\x00a\x00v\x00a\x00i\
\x00l\x00a\x00b\x00l\x00e\x00.\x00s\x00v\x00g\
\x00\x10\
\x02\xfaW\x87\
\x00a\
\x00r\x00t\x00e\x00m\x00i\x00s\x00_\x00i\x00c\x00o\x00n\x00.\x00s\x00v\x00g\
\x00\x10\
\x02\xfaB\xdf\
\x00a\
\x00r\x00t\x00e\x00m\x00i\x00s\x00_\x00i\x00c\x00o\x00n\x00.\x00i\x00c\x00o\
\x00\x19\
\x0a\xec\xd1\x87\
\x00a\
\x00r\x00t\x00e\x00m\x00i\x00s\x00_\x00n\x00o\x00t\x00_\x00a\x00v\x00a\x00i\x00l\
\x00a\x00b\x00l\x00e\x00.\x00s\x00v\x00g\
\x00\x0f\
\x07\x9a\x02\x07\
\x00p\
\x00l\x00a\x00y\x00e\x00r\x00_\x00l\x00o\x00o\x00p\x00.\x00s\x00v\x00g\
\x00\x10\
\x0f\xc5]\xe7\
\x00d\
\x00i\x00a\x00l\x00o\x00g\x00_\x00e\x00r\x00r\x00o\x00r\x00.\x00s\x00v\x00g\
\x00\x10\
\x03\x05]\xe7\
\x00p\
\x00l\x00a\x00y\x00e\x00r\x00_\x00p\x00a\x00u\x00s\x00e\x00.\x00s\x00v\x00g\
\x00\x0f\
\x0a\x9a\x0b'\
\x00p\
\x00l\x00a\x00y\x00e\x00r\x00_\x00s\x00t\x00o\x00p\x00.\x00s\x00v\x00g\
\x00\x0c\
\x0b\xdf,\xc7\
\x00s\
\x00e\x00t\x00t\x00i\x00n\x00g\x00s\x00.\x00s\x00v\x00g\
\x00\x0a\
\x0c\xad\x02\x87\
\x00d\
\x00e\x00l\x00e\x00t\x00e\x00.\x00s\x00v\x00g\
\x00\x0f\
\x08\xfb\x5c\x87\
\x00d\
\x00i\x00a\x00l\x00o\x00g\x00_\x00w\x00a\x00r\x00n\x00.\x00s\x00v\x00g\
\x00\x0a\
\x09\xb2jG\
\x00c\
\x00a\x00n\x00c\x00e\x00l\x00.\x00s\x00v\x00g\
\x00\x0f\
\x03u\x0a\x87\
\x00p\
\x00l\x00a\x00y\x00e\x00r\x00_\x00p\x00l\x00a\x00y\x00.\x00s\x00v\x00g\
\x00\x0d\
\x03\x03\xdd\xe7\
\x00d\
\x00o\x00c\x00u\x00m\x00e\x00n\x00t\x00s\x00.\x00s\x00v\x00g\
\x00\x08\
\x06\xc1T\x07\
\x00o\
\x00p\x00e\x00n\x00.\x00s\x00v\x00g\
\x00\x07\
\x07\xa7Z\x07\
\x00a\
\x00d\x00d\x00.\x00s\x00v\x00g\
\x00\x10\
\x0a\x075\xa7\
\x00d\
\x00i\x00a\x00l\x00o\x00g\x00_\x00q\x00u\x00e\x00s\x00t\x00.\x00s\x00v\x00g\
\x00\x0a\
\x08;BG\
\x00r\
\x00e\x00n\x00a\x00m\x00e\x00.\x00s\x00v\x00g\
\x00\x0b\
\x09\x16w\x07\
\x00b\
\x00r\x00o\x00w\x00s\x00e\x00r\x00.\x00s\x00v\x00g\
\x00\x08\
\x05wT\xa7\
\x00l\
\x00o\x00a\x00d\x00.\x00s\x00v\x00g\
\x00\x0f\
\x04\xbcZ\xa7\
\x00d\
\x00i\x00a\x00l\x00o\x00g\x00_\x00i\x00n\x00f\x00o\x00.\x00s\x00v\x00g\
\x00\x08\
\x08\xc8U\xe7\
\x00s\
\x00a\x00v\x00e\x00.\x00s\x00v\x00g\
"

qt_resource_struct = b"\
\x00\x00\x00\x00\x00\x02\x00\x00\x00\x03\x00\x00\x00\x01\
\x00\x00\x00\x00\x00\x00\x00\x00\
\x00\x00\x00\x0e\x00\x02\x00\x00\x00\x12\x00\x00\x00\x1f\
\x00\x00\x00\x00\x00\x00\x00\x00\
\x00\x00\x00\x00\x00\x02\x00\x00\x00\x01\x00\x00\x00\x07\
\x00\x00\x00\x00\x00\x00\x00\x00\
\x00\x00\x00\x18\x00\x02\x00\x00\x00\x01\x00\x00\x00\x04\
\x00\x00\x00\x00\x00\x00\x00\x00\
\x00\x00\x00,\x00\x02\x00\x00\x00\x02\x00\x00\x00\x05\
\x00\x00\x00\x00\x00\x00\x00\x00\
\x00\x00\x00:\x00\x00\x00\x00\x00\x01\x00\x00\x00\x00\
\x00\x00\x01\x9fuw/g\
\x00\x00\x00P\x00\x00\x00\x00\x00\x01\x00\x00\x00\x14\
\x00\x00\x01\x9fuw/g\
\x00\x00\x04\x92\x00\x02\x00\x00\x00\x05\x00\x00\x00\x08\
\x00\x00\x00\x00\x00\x00\x00\x00\
\x00\x00\x04\xa4\x00\x02\x00\x00\x00\x12\x00\x00\x00\x0d\
\x00\x00\x00\x00\x00\x00\x00\x00\
\x00\x00\x04\xb4\x00\x00\x00\x00\x00\x01\x00\x00\xed\x9e\
\x00\x00\x01\x9f)\x9d\xe9\x14\
\x00\x00\x05\x14\x00\x01\x00\x00\x00\x01\x00\x01N\x09\
\x00\x00\x01\x9fr\x84\xf3\x0b\
\x00\x00\x04\xee\x00\x00\x00\x00\x00\x01\x00\x01F\x09\
\x00\x00\x01\x9f)\x9d\xe9\x09\
\x00\x00\x05:\x00\x00\x00\x00\x00\x01\x00\x01\x94v\
\x00\x00\x01\x9f)\x9d\xe9\x09\
\x00\x00\x06\xa0\x00\x00\x00\x00\x00\x01\x00\x01\xf5O\
\x00\x00\x01\x9f)\x9d\xe9\x09\
\x00\x00\x05\xbc\x00\x00\x00\x00\x00\x01\x00\x01\xeb/\
\x00\x00\x01\x9f)\x9d\xe9\x09\
\x00\x00\x06|\x00\x00\x00\x00\x00\x01\x00\x01\xf4\x8d\
\x00\x00\x01\x9f)\x9d\xe9\x09\
\x00\x00\x07\x5c\x00\x00\x00\x00\x00\x01\x00\x02\x02\x8d\
\x00\x00\x01\x9f)\x9d\xe9\x09\
\x00\x00\x07F\x00\x00\x00\x00\x00\x01\x00\x02\x00v\
\x00\x00\x01\x9f)\x9d\xe9\x09\
\x00\x00\x06\xc0\x00\x00\x00\x00\x00\x01\x00\x01\xf6\xd1\
\x00\x00\x01\x9f)\x9d\xe9\x09\
\x00\x00\x05r\x00\x00\x00\x00\x00\x01\x00\x01\xe4\xf4\
\x00\x00\x01\x9f)\x9d\xe9\x09\
\x00\x00\x06\xd6\x00\x00\x00\x00\x00\x01\x00\x01\xf8\x0a\
\x00\x00\x01\x9f)\x9d\xe9\x09\
\x00\x00\x07\x10\x00\x00\x00\x00\x00\x01\x00\x01\xfb\x90\
\x00\x00\x01\x9f)\x9d\xe9\x09\
\x00\x00\x07\x80\x00\x00\x00\x00\x00\x01\x00\x02\x04\xba\
\x00\x00\x01\x9f)\x9d\xe9\x09\
\x00\x00\x06>\x00\x00\x00\x00\x00\x01\x00\x01\xf1?\
\x00\x00\x01\x9f)\x9d\xe9\x09\
\x00\x00\x07*\x00\x00\x00\x00\x00\x01\x00\x01\xfc\xdd\
\x00\x00\x01\x9f)\x9d\xe9\x09\
\x00\x00\x06b\x00\x00\x00\x00\x00\x01\x00\x01\xf2\x8e\
\x00\x00\x01\x9f)\x9d\xe9\x09\
\x00\x00\x06\xea\x00\x00\x00\x00\x00\x01\x00\x01\xf8\xc4\
\x00\x00\x01\x9f)\x9d\xe9\x09\
\x00\x00\x05\xe2\x00\x00\x00\x00\x00\x01\x00\x01\xec1\
\x00\x00\x01\x9f)\x9d\xe9\x09\
\x00\x00\x06\x06\x00\x00\x00\x00\x00\x01\x00\x01\xec\xf5\
\x00\x00\x01\x9f)\x9d\xe9\x14\
\x00\x00\x06$\x00\x00\x00\x00\x00\x01\x00\x01\xef\xfc\
\x00\x00\x01\x9f)\x9d\xe9\x09\
\x00\x00\x05\x96\x00\x00\x00\x00\x00\x01\x00\x01\xe9\x01\
\x00\x00\x01\x9f)\x9d\xe9\x09\
\x00\x00\x01\x04\x00\x01\x00\x00\x00\x01\x00\x00tz\
\x00\x00\x01\x9f)\x9d\xe9@\
\x00\x00\x01v\x00\x01\x00\x00\x00\x01\x00\x00~s\
\x00\x00\x01\x9ft\x82U\x95\
\x00\x00\x01:\x00\x01\x00\x00\x00\x01\x00\x00w\x9a\
\x00\x00\x01\x9ftnZs\
\x00\x00\x00f\x00\x01\x00\x00\x00\x01\x00\x00W\x08\
\x00\x00\x01\x9ft\x81\x19r\
\x00\x00\x00\x90\x00\x01\x00\x00\x00\x01\x00\x00\x5ch\
\x00\x00\x01\x9ft\x81\xc3\xe3\
\x00\x00\x02r\x00\x01\x00\x00\x00\x01\x00\x00\xa2\xb0\
\x00\x00\x01\x9f)\x9d\xe9@\
\x00\x00\x03@\x00\x00\x00\x00\x00\x01\x00\x00\xc3\xa9\
\x00\x00\x01\x9ftnZs\
\x00\x00\x00\xc6\x00\x01\x00\x00\x00\x01\x00\x00l\x06\
\x00\x00\x01\x9ftnZs\
\x00\x00\x02\xd0\x00\x00\x00\x00\x00\x01\x00\x00\xab\xc0\
\x00\x00\x01\x9f)\x9d\xe9@\
\x00\x00\x03\x1e\x00\x00\x00\x00\x00\x01\x00\x00\xbb\xa1\
\x00\x00\x01\x9f)\x9d\xe9<\
\x00\x00\x00\xac\x00\x02\x00\x00\x00\x08\x00\x00\x001\
\x00\x00\x00\x00\x00\x00\x00\x00\
\x00\x00\x02\xfc\x00\x01\x00\x00\x00\x01\x00\x00\xb0\xca\
\x00\x00\x01\x9ft\x80@\x83\
\x00\x00\x02\x18\x00\x01\x00\x00\x00\x01\x00\x00\x95f\
\x00\x00\x01\x9ft\x81\xe6\xd5\
\x00\x00\x01\x9c\x00\x01\x00\x00\x00\x01\x00\x00\x85\x1e\
\x00\x00\x01\x9ft\x82,D\
\x00\x00\x01\xca\x00\x01\x00\x00\x00\x01\x00\x00\x90\x8e\
\x00\x00\x01\x9f)\x9d\xe9<\
\x00\x00\x01\xf2\x00\x01\x00\x00\x00\x01\x00\x00\x93\x15\
\x00\x00\x01\x9f)\x9d\xe9<\
\x00\x00\x02\xac\x00\x01\x00\x00\x00\x01\x00\x00\xa6'\
\x00\x00\x01\x9ft\x80\x17\x94\
\x00\x00\x028\x00\x00\x00\x00\x00\x01\x00\x00\x9d\x82\
\x00\x00\x01\x9f)\x9d\xe9@\
\x00\x00\x03\xa0\x00\x00\x00\x00\x00\x01\x00\x00\xd4t\
\x00\x00\x01\x9f)\x9d\xe9B\
\x00\x00\x04\x1c\x00\x01\x00\x00\x00\x01\x00\x00\xe1_\
\x00\x00\x01\x9f)\x9d\xe9B\
\x00\x00\x03\xc8\x00\x01\x00\x00\x00\x01\x00\x00\xd8\xd3\
\x00\x00\x01\x9f)\x9d\xe9B\
\x00\x00\x03\xf8\x00\x01\x00\x00\x00\x01\x00\x00\xde\x9c\
\x00\x00\x01\x9f)\x9d\xe9B\
\x00\x00\x04n\x00\x01\x00\x00\x00\x01\x00\x00\xeb\x1e\
\x00\x00\x01\x9f)\x9d\xe9@\
\x00\x00\x03X\x00\x01\x00\x00\x00\x01\x00\x00\xc9R\
\x00\x00\x01\x9fr\x84\xf3\x0b\
\x00\x00\x04J\x00\x01\x00\x00\x00\x01\x00\x00\xe5\xc5\
\x00\x00\x01\x9f@\xa5\x18\xd9\
\x00\x00\x03t\x00\x01\x00\x00\x00\x01\x00\x00\xcdS\
\x00\x00\x01\x9fr\x84\xf3\x0b\
"

def qInitResources():
    QtCore.qRegisterResourceData(0x03, qt_resource_struct, qt_resource_name, qt_resource_data)

def qCleanupResources():
    QtCore.qUnregisterResourceData(0x03, qt_resource_struct, qt_resource_name, qt_resource_data)

qInitResources()
